--[[

   _  _____ _____ _______   _     ___  _     

  | |/ /_ _|_   _|_   _\ \ / /   / _ \| |    

  | ' / | |  | |   | |  \ V /   | | | | |    

  | . \ | |  | |   | |   | |    | |_| | |___ 

  |_|\_\___| |_|   |_|   |_|     \___/|_____|

             kittylol obfuscator

]]--
--[==[✦⊹⌁✦⟡♛✦⟡⟡⸸◈⌁※༒𖤐☾⌁♛◈⟡※✦⊹⸸⸸✦♛𖤐𖤐༒⸸𖤐⊹※⌁⌁::KITTYLOL::※⌁𖤐⧖⟡✦✦♛◈⟡༒⟡⟡༒𖤐✦⌁♛⟡⟡༒♛⌁༒⌁☾⸸⌁⧖⧖☾⧖※⸸♛♛]==]
local _0x30ebf455={{((131)-70),((240)-28),((229)-17),((170)-80),((269)-36),((127)-49),((275)-34),((245)-48),((205)-43),((253)-61),((157)-32),((262)-12),((161)-28),((92)-78),((249)-57),((193)-36),((253)-40),((153)-23),((70)-24),((107)-44),((270)-56),((232)-27),((143)-74),((327)-89)},{((244)-28),((200)-93),((258)-60),((105)-40),((222)-14),((92)-37),((304)-54),((104)-15),((220)-88),((60)-22),((102)-47),((238)-35),((170)-89),((63)-43),((141)-91),((282)-76),((227)-53),((71)-36),((227)-36),((228)-71),((272)-36),((75)-66),((172)-55),((164)-21),((219)-81),((75)-44),((116)-68),((225)-29),((180)-80),((145)-54),((43)-26),((72)-25),((170)-71),((48)-45),((93)-86),((105)-62),((266)-63),((184)-78),((115)-83)},{((60)-31),((270)-90),((210)-27),((97)-36),((257)-56),((85)-39),((277)-68),((202)-37),((147)-17),((247)-87),((82)-51),((193)-37),((62)-23),((269)-96),((176)-16),((154)-29),((205)-24),((126)-28),((38)-21),((120)-86),((277)-92),((194)-21),((100)-63),((287)-81),((221)-37),((25)-15),((172)-71),((289)-62),((153)-39),((82)-59),((309)-91),((152)-95),((182)-82),((48)-42),((103)-80),((258)-84),((68)-16),((310)-66),((60)-42)},{((124)-15),((128)-51),((284)-90),((164)-70),((212)-84),((243)-36),((327)-94),((113)-28),((174)-63),((143)-37),((314)-59),((84)-68),((200)-33),((138)-67),((81)-22),((243)-67),((218)-12),((81)-79),((176)-14),((285)-54),((48)-34),((189)-15),((128)-54),((60)-60),((240)-84),((115)-16),((105)-49),((196)-89),((70)-37),((264)-88),((151)-97),((287)-54),((341)-91),((118)-20),((144)-41),((160)-28),((176)-53),((107)-19),((201)-44)},{((310)-81),((338)-92),((234)-81),((165)-56),((96)-22),((182)-78),((268)-37),((115)-15),((329)-93),((142)-29),((250)-42),((175)-93),((196)-19),((127)-72),((222)-37),((245)-47),((269)-78),((166)-85),((104)-97),((245)-95),((102)-74),((281)-71),((311)-84),((157)-82),((261)-75),((281)-78),((179)-81),((231)-12),((258)-87),((216)-15),((194)-93),((96)-27),((233)-50),((103)-20),((149)-32),((155)-24),((181)-21),((45)-33),((103)-65)},{((109)-76),((242)-60),((253)-57),((110)-19),((186)-23),((222)-19),((319)-77),((146)-35),((293)-43),((225)-94),((122)-20),((243)-59),((133)-62),((265)-21),((92)-65),((268)-42),((44)-31),((237)-29),((58)-18),((61)-52),((195)-60),((164)-60),((152)-18),((105)-45),((274)-54),((92)-80),((151)-65),((219)-32),((176)-85),((205)-19),((163)-38),((246)-91),((258)-51),((170)-59),((286)-71),((164)-49),((238)-15),((122)-94),((250)-19)},{((103)-85),((336)-97),((228)-63),((125)-24),((52)-24),((198)-24),((156)-95),((103)-38),((112)-65),((78)-66),((219)-58),((265)-87),((90)-20),((232)-28),((198)-55),((200)-27),((190)-30),((81)-17),((154)-34),((186)-14),((130)-57),((288)-56),((232)-74),((116)-58),((70)-69),((280)-66),((260)-21),((141)-67),((266)-74),((250)-54),((196)-61),((196)-31),((282)-74),((37)-32),((77)-43),((111)-86),((279)-36),((137)-81),((147)-16)},{((236)-88),((217)-65),((91)-44),((204)-45),((91)-80),((230)-14),((142)-35),((222)-33),((207)-70),((260)-28),((220)-49),((191)-81),((171)-96),((13)-11),((303)-80),((59)-44),((287)-48),((145)-45),((24)-24),((81)-47),((147)-34),((158)-16),((231)-49),((231)-23),((235)-32),((156)-60),((172)-59),((158)-41),((30)-18),((247)-88),((173)-91),((129)-17),((234)-70),((91)-23),((203)-66),((255)-79),((95)-80),((204)-30),((118)-21)},{((345)-92),((291)-95),((222)-69),((212)-34),((49)-36),((156)-22),((190)-52),((134)-60),((182)-13),((266)-54),((61)-52),((54)-16),((281)-61),((243)-58),((271)-17),((103)-33),((153)-66),((314)-76),((323)-94),((19)-13),((249)-39),((186)-85),((316)-63),((267)-43),((199)-63),((166)-91),((236)-66),((208)-60),((123)-69),((166)-95),((319)-97),((139)-13),((175)-74),((57)-17),((140)-70),((283)-57),((225)-31),((140)-85),((242)-31)},{((329)-84),((158)-93),((118)-24),((221)-84),((196)-33),((234)-76),((117)-66),((94)-26),((279)-60),((262)-91),((149)-52),((97)-61),((256)-60),((256)-12),((105)-56),((18)-18),((191)-96),((237)-37),((194)-55),((241)-15),((250)-16),((117)-44),((40)-28),((185)-39),((268)-96),((85)-20),((60)-34),((107)-26),((213)-24),((192)-90),((102)-17),((153)-33),((307)-92),((282)-37),((240)-59),((117)-97),((108)-58),((328)-83),((111)-31)},{((279)-39),((164)-59),((108)-93),((129)-84),((145)-48),((25)-24),((132)-75),((151)-42),((220)-16),((106)-37),((258)-20),((105)-96),((213)-48),((201)-29),((284)-86),((81)-18),((15)-12),((77)-18),((96)-34),((32)-21),((128)-82),((75)-60),((128)-30),((232)-74),((122)-81),((105)-70),((98)-46),((289)-58),((209)-87),((260)-21),((132)-15),((129)-60),((233)-51),((281)-48),((174)-96),((249)-14),((160)-34),((282)-78),((308)-74)},{((91)-61),((270)-80),((74)-33),((225)-28),((86)-40),((123)-16),((105)-51),((144)-47),((220)-93),((147)-94),((339)-91),((203)-28),((117)-55),((210)-70),((206)-62),((179)-53),((125)-34),((320)-80),((83)-82),((213)-61),((151)-44),((123)-93),((288)-63),((148)-19),((233)-56),((268)-30),((234)-45),((106)-78),((178)-42),((146)-74),((182)-23),((188)-21),((78)-72),((273)-72),((119)-40),((164)-59),((44)-43),((285)-70),((73)-59)},{((175)-53),((121)-86),((60)-42),((87)-34),((238)-90),((229)-48),((140)-26),((84)-75),((126)-70),((118)-49),((249)-63),((180)-77),((56)-14),((81)-74),((53)-27),((204)-18),((325)-83),((102)-64),((211)-78),((236)-52),((61)-25),((119)-70),((255)-92),((106)-26),((83)-64),((269)-29),((72)-66),((230)-64),((266)-44),((176)-54),((145)-16),((214)-62),((93)-76),((200)-52),((232)-28),((240)-33),((188)-29),((268)-74),((192)-29)},{((333)-90),((150)-38),((303)-52),((159)-31),((203)-54),((275)-87),((215)-53),((221)-47),((38)-22),((165)-54),((250)-18),((92)-73),((245)-96),((246)-67),((242)-11),((160)-25),((265)-39),((242)-77),((79)-14),((271)-46),((194)-94),((318)-72),((163)-30),((224)-87),((132)-81),((67)-51),((177)-12),((234)-52),((172)-95),((197)-48),((242)-53),((279)-51),((130)-36),((245)-12),((192)-78),((160)-72),((305)-70),((170)-48),((123)-84)},{((56)-43),((307)-95),((276)-24),((239)-48),((98)-72),((310)-59),((148)-27),((167)-47),((291)-70),((200)-75),((76)-63),((226)-70),((238)-52),((290)-52),((138)-61),((76)-22),((167)-31),((276)-84),((318)-86),((93)-87),((148)-55),((271)-27),((137)-58),((88)-18),((56)-56),((232)-11),((82)-29),((156)-85),((257)-40),((77)-38),((92)-49),((81)-56),((281)-35),((215)-76),((234)-81),((181)-24),((147)-95),((214)-50),((106)-90)},{((271)-47),((191)-76),((66)-60),((266)-85),((163)-65),((105)-33),((141)-61),((45)-13),((135)-73),((78)-59),((285)-42),((181)-77),((41)-40),((126)-91),((190)-76),((162)-19),((327)-76),((104)-83),((68)-52),((190)-25),((191)-77),((92)-83),((110)-29),((218)-32),((172)-86),((144)-28),((247)-79),((53)-16),((219)-46),((78)-24),((106)-78),((257)-82),((77)-15),((322)-87),((291)-82),((165)-13),((274)-82),((205)-74),((280)-58)},{((246)-55),((108)-47),((74)-44),((123)-63),((257)-15),((187)-44),((279)-88),((92)-15),((212)-34),((142)-60),((189)-51),((134)-83),((156)-75),((165)-35),((93)-59),((309)-64),((171)-26),((65)-59),((286)-59),((98)-32),((283)-70),((95)-88),((222)-69),((136)-96),((94)-50),((300)-83),((239)-57),((167)-92),((111)-19),((262)-19),((85)-29),((228)-80),((183)-31),((108)-43),((141)-46),((225)-78),((70)-54),((221)-66),((92)-59)},{((36)-29),((130)-41),((274)-42),((205)-56),((251)-63),((227)-96),((213)-39),((201)-91),((248)-47),((186)-16),((111)-71),((102)-63),((160)-20),((80)-36),((189)-24),((98)-88),((62)-22),((180)-88),((333)-81),((258)-29),((101)-46),((153)-42),((207)-53),((202)-21),((23)-11),((237)-74),((265)-11),((298)-53),((217)-42),((214)-74),((252)-86),((272)-91),((88)-17),((225)-11),((308)-90),((232)-32),((241)-76),((92)-34),((91)-16)},{((279)-53),((79)-40),((128)-62),((141)-23),((340)-97),((159)-33),((247)-49),((202)-30),((148)-85),((232)-29),((154)-34),((206)-47),((193)-91),((175)-30),((110)-26),((221)-46),((220)-76),((51)-40),((322)-86),((92)-82),((205)-13),((113)-82),((164)-85),((263)-42),((142)-76),((288)-65),((177)-89),((45)-44),((105)-74),((100)-17),((333)-90),((174)-80),((280)-30),((159)-60),((195)-35),((105)-63),((98)-13),((146)-31),((62)-21)},{((315)-79),((184)-21),((147)-97),((207)-14),((290)-93),((207)-28),((241)-97),((77)-40),((65)-11),((289)-84),((95)-74),((305)-69),((127)-95),((220)-63),((108)-68),((216)-39),((186)-35),((84)-42),((261)-76),((156)-57),((183)-45),((156)-75),((149)-25),((103)-40),((205)-51),((134)-11),((204)-20),((70)-33),((131)-25),((120)-88),((170)-95),((80)-48),((234)-34),((77)-32),((293)-88),((103)-36),((297)-61),((107)-97),((109)-47)},{((251)-29),((158)-72),((157)-67),((107)-91),((132)-76),((37)-24),((104)-40),((57)-28),((175)-42),((187)-24),((188)-34),((208)-62),((100)-67),((207)-31),((224)-44),((222)-60),((201)-74),((223)-12),((297)-69),((141)-18),((291)-96),((245)-26),((36)-21),((201)-61),((81)-58),((230)-70),((162)-28),((58)-33),((225)-57),((127)-45),((158)-37),((288)-33),((85)-43),((263)-26),((159)-87),((97)-56),((210)-43),((187)-67),((341)-87)},{((128)-35),((51)-32),((148)-86),((209)-30),((270)-35),((159)-24),((174)-64),((206)-48),((206)-71),((266)-30),((234)-94),((18)-13),((198)-24),((281)-77),((315)-62),((190)-33),((145)-85),((104)-18),((165)-58),((38)-31),((189)-91),((175)-47),((138)-73),((252)-41),((143)-45),((141)-39),((179)-95),((139)-90),((246)-48),((308)-93),((124)-14),((153)-91),((313)-69),((222)-39),((106)-19),((190)-55),((261)-65),((102)-20),((260)-83)},{((126)-35),((70)-40),((175)-58),((171)-46),((245)-25),((179)-20),((70)-33),((146)-83),((238)-26),((211)-38),((273)-45),((119)-39),((262)-78),((240)-73),((289)-87),((128)-22),((175)-39),((127)-55),((268)-84),((260)-55),((259)-15),((217)-95),((107)-81),((139)-61),((210)-92),((170)-22),((145)-71),((246)-42),((216)-29),((125)-34),((180)-33),((216)-17),((112)-12),((225)-52),((234)-40),((295)-62),((135)-24),((92)-77),((136)-69)},{((129)-19),((225)-88),((150)-87),((257)-64),((208)-32),((177)-97),((214)-78),((84)-48),((95)-52),((151)-82),((198)-11),((215)-88),((228)-45),((265)-79),((233)-95),((205)-32),((198)-56),((309)-84),((120)-94),((222)-57),((92)-50),((79)-16),((178)-76),((149)-73),((156)-68),((209)-20),((119)-29),((311)-87),((215)-91),((205)-51),((255)-49),((169)-59),((217)-78),((165)-87),((282)-51),((216)-81),((48)-38),((189)-33),((63)-20)},{((88)-41),((96)-67),((326)-76),((233)-93),((183)-26),((132)-80),((215)-68),((232)-55),((163)-25),((91)-36),((242)-96),((142)-26),((157)-20),((254)-78),((69)-15),((243)-29),((32)-22),((107)-54),((170)-87),((64)-55),((233)-32),((202)-18),((144)-56),((154)-75),((190)-59),((92)-57),((168)-77),((140)-19),((231)-87),((93)-32),((171)-19),((192)-67),((178)-32),((233)-48),((85)-22),((275)-52),((56)-40),((72)-13),((57)-33)},{((227)-21),((231)-86),((220)-92),((97)-65),((149)-61),((259)-18),((284)-36),((82)-64),((217)-78),((115)-36),((190)-55),((170)-32),((116)-26),((126)-69),((117)-91),((159)-50),((307)-73),((184)-67),((323)-73),((87)-72),((148)-94),((36)-11),((102)-42),((151)-23),((111)-44),((265)-42),((196)-69),((123)-12),((108)-45),((265)-51),((263)-61),((175)-83),((158)-49),((118)-83),((199)-17),((296)-75),((163)-51),((246)-39),((33)-20)},{((305)-70),((161)-36),((311)-65),((248)-28),((132)-34),((217)-76),((52)-36),((137)-95),((182)-32),((188)-12),((211)-40),((163)-86),((116)-35),((272)-40),((224)-89),((275)-78),((200)-86),((230)-47),((323)-87),((223)-84),((202)-24),((238)-30),((84)-11),((166)-92),((110)-19),((61)-26),((221)-43),((263)-46),((144)-14),((292)-55),((53)-51),((117)-79),((108)-96),((303)-53),((203)-75),((202)-57),((92)-60),((108)-33),((177)-46)},{((264)-94),((314)-60),((155)-44),((233)-40),((101)-44),((266)-92),((103)-12),((40)-36),((56)-22),((254)-58),((219)-54),((229)-47),((294)-82),((96)-45),((231)-89),((318)-81),((48)-32),((281)-74),((192)-46),((221)-97),((281)-66),((138)-32),((183)-86),((162)-22),((182)-33),((166)-60),((266)-95),((112)-71),((169)-37),((138)-16),((81)-20),((125)-60),((196)-88),((124)-87),((230)-42),((236)-57),((160)-65),((254)-94),((134)-57)},{((154)-73),((40)-40),((202)-55),((58)-33),((187)-19),((62)-49),((258)-94),((217)-49),((125)-92),((117)-58),((64)-62),((140)-76),((65)-24),((340)-86),((242)-37),((226)-65),((278)-78),((158)-80),((146)-15),((99)-29),((95)-60),((107)-68),((92)-88),((243)-57),((306)-76),((241)-21),((192)-68),((193)-59),((99)-61),((20)-20),((228)-68),((298)-82),((58)-46),((188)-16),((230)-93),((302)-47),((119)-94),((249)-25),((102)-69)},{((265)-12),((300)-77),((222)-48),((234)-39),((282)-51),((58)-14),((174)-77),((54)-15),((69)-65),((57)-49),((277)-48),((204)-49),((225)-29),((212)-26),((125)-35),((169)-66),((36)-29),((95)-61),((230)-36),((312)-62),((148)-66),((104)-15),((139)-24),((330)-94),((202)-26),((273)-41),((322)-87),((265)-78),((297)-75),((235)-47),((91)-76),((165)-25),((60)-37),((48)-31),((109)-75),((233)-82),((59)-17),((179)-23),((78)-44)},{((334)-92),((138)-39),((201)-28),((331)-90),((218)-38),((164)-84),((300)-63),((234)-13),((303)-65),((189)-44),((158)-57),((206)-66),((160)-46),((185)-89),((93)-57),((113)-60),((239)-43),((326)-87),((117)-78),((108)-30),((208)-43),((206)-28),((116)-51),((50)-46),((31)-23),((335)-93),((285)-81),((117)-44),((291)-79),((154)-65),((184)-77),((210)-64),((37)-13),((305)-76),((219)-22),((82)-24),((154)-66),((330)-82),((263)-50)},{((285)-78),((251)-92),((106)-52),((58)-13),((256)-39),((59)-33),((244)-45),((35)-23),((269)-55),((231)-23),((298)-73),((232)-81),((115)-73),((129)-48),((304)-76),((124)-57),((133)-69),((241)-59),((192)-42),((46)-35),((60)-19),((248)-47),((255)-89),((188)-12),((233)-56),((131)-59),((274)-33),((163)-19),((95)-47),((294)-72),((92)-53),((236)-24),((267)-93),((180)-62),((299)-94),((97)-66),((113)-53),((98)-60),((179)-59)},{((92)-55),((270)-28),((156)-79),((181)-78),((116)-92),((136)-47),((189)-39),((318)-77),((82)-46),((239)-95),((311)-66),((113)-42),((233)-57),((111)-66),((268)-84),((17)-17),((235)-53),((116)-47),((279)-40),((118)-96),((130)-69),((106)-36),((272)-56),((229)-74),((241)-82),((228)-26),((212)-81),((209)-74),((118)-88),((99)-66),((209)-42),((88)-34),((201)-46),((84)-35),((194)-14),((152)-85),((131)-41),((172)-65),((38)-36)},{((67)-62),((226)-87),((59)-33),((130)-19),((205)-77),((81)-59),((212)-56),((79)-36),((158)-27),((177)-42),((164)-12),((91)-47),((172)-24),((188)-20),((151)-18),((224)-48),((270)-90),((56)-41),((242)-96),((45)-18),((95)-71),((197)-91),((257)-72),((75)-64),((159)-41),((112)-94),((125)-90),((227)-66),((218)-21),((208)-47),((283)-31),((55)-51),((301)-93),((152)-53),((175)-20),((165)-65),((197)-96),((141)-36),((141)-19)},{((181)-35),((92)-59),((101)-90),((263)-92),((152)-45),((174)-24),((334)-93),((274)-25),((224)-27),((134)-46),((205)-61),((195)-63),((47)-25),((89)-27),((178)-80),((163)-61),((138)-19),((288)-83),((281)-85),((154)-68),((149)-46),((92)-66),((204)-31),((271)-59),((149)-46),((271)-73),((24)-17),((160)-35),((80)-51),((207)-57),((171)-72),((86)-22),((103)-74),((260)-75),((234)-16),((186)-20),((109)-52),((296)-70),((250)-36)},{((45)-17),((123)-66),((182)-17),((267)-76),((280)-94),((120)-41),((129)-33),((266)-87),((185)-93),((172)-60),((101)-24),((206)-86),((138)-14),((272)-57),((160)-44),((117)-26),((267)-16),((156)-31),((95)-66),((287)-51),((291)-77),((105)-65),((230)-82),((199)-15),((263)-88),((82)-19),((140)-18),((279)-27),((261)-18),((244)-97),((159)-76),((175)-88),((240)-84),((188)-96),((286)-74),((271)-42),((108)-53),((85)-52),((264)-36)},{((25)-13),((109)-57),((146)-22),((87)-24),((120)-66),((81)-13),((152)-25),((73)-72),((113)-33),((135)-12),((167)-79),((130)-41),((285)-76),((307)-94),((96)-96),((146)-29),((191)-53),((77)-32),((179)-62),((169)-25),((118)-71),((139)-23),((277)-31),((94)-25),((243)-37),((271)-68),((86)-57),((77)-60),((184)-95),((121)-19),((290)-93),((293)-96),((84)-21),((129)-91),((226)-28),((134)-62),((208)-25),((273)-90),((94)-85)},{((154)-92),((274)-92),((319)-71),((261)-35),((160)-73),((188)-80),((81)-73),((110)-67),((80)-28),((155)-21),((208)-44),((217)-40),((295)-75),((160)-49),((127)-77),((71)-30),((108)-96),((96)-80),((314)-90),((205)-77),((105)-47),((303)-76),((162)-22),((303)-75),((277)-32),((156)-16),((226)-83),((93)-75),((222)-61),((264)-15),((306)-53),((61)-47),((250)-86),((280)-47),((213)-93),((272)-67),((245)-36),((291)-78),((288)-58)},{((142)-17),((147)-31),((292)-95),((117)-16),((98)-82),((229)-75),((118)-34),((129)-93),((271)-79),((160)-81),((214)-21),((249)-52),((249)-51),((270)-68),((233)-14),((333)-90),((149)-19),((197)-24),((89)-12),((80)-67),((141)-59),((23)-15),((190)-39),((55)-52),((115)-73),((153)-72),((251)-96),((57)-12),((259)-19),((337)-96),((60)-32),((277)-31),((167)-57),((299)-55),((117)-38),((63)-57),((161)-83),((78)-64),((255)-46)},{((305)-53),((237)-23),((165)-87),((264)-52),((89)-42),((327)-97),((180)-50),((266)-41),((253)-89),((107)-65),((289)-39),((282)-67),((190)-88),((92)-89),((103)-96),((243)-41),((279)-86),((301)-94),((168)-71),((181)-41),((244)-68),((268)-88),((221)-40),((213)-15),((128)-35),((329)-76),((254)-23),((187)-17),((263)-63),((75)-40),((79)-79),((136)-19),((71)-54),((98)-47),((156)-26),((202)-43),((33)-22),((89)-52),((92)-60)},{((191)-13),((248)-66),((213)-27),((246)-43),((61)-28),((44)-20),((250)-80),((202)-15),((169)-59),((49)-48),((92)-52),((213)-26),((49)-23),((149)-58),((90)-33),((249)-46),((111)-46),((63)-24),((308)-70),((302)-86),((121)-30),((167)-47),((295)-67),((279)-25),((281)-35),((163)-24),((171)-28),((214)-54),((104)-49),((161)-86),((135)-60),((205)-48),((290)-83),((202)-91),((94)-84),((137)-58),((186)-64),((331)-92),((192)-92)},{((93)-46),((84)-40),((248)-26),((253)-84),((205)-19),((99)-64),((233)-78),((180)-21),((82)-62),((135)-85),((202)-47),((138)-38),((185)-81),((209)-88),((106)-90),((206)-21),((94)-54),((136)-96),((175)-56),((259)-61),((236)-60),((173)-93),((296)-86),((285)-42),((218)-36),((50)-46),((271)-36),((278)-39),((281)-60),((244)-45),((208)-34),((220)-68),((101)-45),((277)-91),((169)-82),((55)-30),((163)-69),((156)-19),((325)-71)},{((281)-71),((209)-89),((207)-28),((69)-19),((211)-82),((72)-62),((82)-72),((185)-93),((190)-45),((281)-90),((269)-35),((204)-47),((162)-31),((260)-72),((199)-33),((33)-28),((149)-14),((258)-29),((316)-70),((229)-43),((159)-21),((306)-51),((329)-96),((326)-89),((272)-57),((173)-31),((80)-57),((42)-19),((257)-59),((234)-53),((254)-56),((267)-36),((331)-87),((116)-85),((252)-74),((166)-49),((118)-13),((104)-28),((102)-22)},{((177)-80),((225)-39),((231)-41),((102)-90),((334)-88),((224)-42),((202)-38),((231)-89),((109)-92),((269)-23),((251)-14),((283)-81),((232)-65),((274)-67),((68)-13),((178)-11),((107)-31),((265)-55),((221)-72),((195)-16),((99)-28),((255)-62),((116)-40),((131)-60),((141)-15),((179)-88),((82)-26),((195)-96),((64)-21),((233)-64),((276)-51),((319)-81),((106)-85),((130)-87),((336)-86),((169)-28),((113)-85),((211)-66),((61)-58)},{((157)-29),((215)-57),((163)-14),((257)-95),((237)-80),((240)-92),((76)-22),((71)-16),((126)-54),((199)-67),((303)-77),((285)-55),((57)-40),((203)-69),((248)-93),((73)-11),((240)-41),((291)-92),((166)-45),((157)-53),((112)-30),((221)-14),((121)-31),((222)-63),((280)-65),((190)-27),((213)-11),((260)-36),((193)-18),((223)-92),((88)-70),((210)-78),((306)-57),((190)-72),((237)-89),((231)-92),((246)-94),((223)-76),((152)-14)},{((130)-89),((293)-57),((347)-94),((93)-72),((233)-69),((252)-45),((167)-56),((113)-66),((198)-31),((314)-81),((39)-19),((180)-43),((189)-31),((133)-65),((262)-48),((16)-15),((177)-33),((141)-70),((321)-81),((217)-64),((322)-81),((40)-38),((173)-20),((156)-90),((98)-12),((82)-34),((183)-92),((125)-30),((280)-94),((169)-82),((160)-95),((248)-88),((46)-12),((280)-89),((18)-15),((254)-56),((121)-23),((207)-27),((117)-11)},{((93)-60),((207)-37),((147)-67),((247)-41),((98)-52),((318)-86),((266)-79),((149)-27),((232)-28),((13)-12),((93)-49),((156)-69),((79)-66),((226)-79),((71)-53),((247)-18),((215)-86),((193)-34),((297)-95),((163)-25),((129)-90),((127)-81),((88)-15),((289)-57),((134)-28),((289)-75),((163)-84),((76)-74),((226)-24),((120)-87),((102)-91),((210)-39),((104)-59),((220)-42),((86)-69),((60)-29),((23)-14),((89)-11),((328)-97)},{((99)-52),((262)-33),((178)-62),((127)-29),((290)-42),((180)-29),((292)-46),((228)-43),((264)-88),((137)-57),((168)-23),((269)-16),((267)-52),((172)-61),((306)-60),((125)-53),((129)-24),((167)-49),((233)-72),((132)-80),((307)-63),((259)-24),((269)-63),((276)-66),((291)-64),((300)-49),((168)-30),((178)-62),((72)-52),((293)-84),((234)-70),((260)-40),((246)-25),((79)-42),((248)-16),((249)-26),((319)-82),((144)-20),((202)-35)},{((259)-56),((251)-31),((178)-19),((100)-34),((341)-89),((255)-90),((106)-83),((187)-95),((249)-39),((152)-73),((288)-70),((137)-38),((128)-29),((109)-88),((151)-21),((270)-45),((213)-49),((205)-76),((58)-29),((123)-64),((169)-67),((59)-18),((196)-44),((190)-21),((105)-41),((111)-56),((96)-86),((29)-15),((209)-65),((222)-22),((44)-21),((182)-29),((68)-41),((113)-16),((124)-50),((253)-84),((170)-62),((92)-45),((77)-68)},{((214)-19),((223)-63),((202)-45),((252)-78),((129)-60),((150)-61),((159)-70),((253)-82),((217)-61),((118)-58),((74)-33),((133)-92),((274)-55),((105)-56),((273)-25),((77)-72),((132)-87),((144)-30),((185)-28),((83)-65),((107)-68),((108)-55),((164)-56),((147)-35),((310)-84),((31)-31),((206)-33),((220)-59),((85)-55),((252)-83),((101)-68),((150)-48),((181)-39),((73)-70),((69)-45),((209)-19),((129)-35),((122)-38),((188)-48)},{((228)-87),((120)-14),((251)-28),((313)-60),((198)-41),((216)-94),((175)-56),((206)-70),((95)-64),((291)-90),((140)-39),((182)-51),((46)-15),((277)-87),((98)-47),((256)-49),((309)-68),((95)-31),((171)-81),((284)-86),((235)-11),((264)-45),((167)-55),((185)-56),((112)-88),((207)-88),((186)-27),((214)-42),((67)-56),((172)-31),((271)-84),((96)-48),((163)-59),((283)-62),((245)-32),((282)-91),((218)-52),((198)-54),((69)-21)},{((196)-18),((170)-11),((75)-29),((151)-65),((111)-86),((170)-40),((132)-24),((77)-65),((188)-46),((110)-64),((65)-15),((148)-97),((291)-94),((177)-54),((62)-52),((168)-50),((239)-91),((221)-95),((146)-58),((228)-62),((181)-88),((232)-67),((89)-63),((210)-28),((273)-57),((151)-38),((317)-71),((198)-22),((249)-50),((316)-61),((120)-26),((327)-81),((229)-65),((148)-71),((315)-78),((187)-76),((302)-83),((300)-81),((136)-91)},{((139)-41),((31)-30),((144)-48),((116)-81),((140)-75),((302)-84),((292)-44),((50)-15),((162)-92),((131)-39),((230)-56),((245)-38),((305)-85),((38)-34),((239)-88),((162)-72),((142)-61),((140)-45),((242)-22),((121)-18),((29)-23),((182)-84),((108)-71),((273)-41),((203)-71),((125)-63),((48)-21),((98)-31),((123)-88),((212)-63),((211)-32),((166)-83),((121)-73),((80)-35),((75)-13),((259)-34),((212)-31),((213)-67),((146)-38)},{((123)-79),((219)-50),((69)-17),((251)-62),((207)-18),((184)-73),((320)-97),((74)-15),((328)-74),((51)-23),((259)-75),((307)-93),((22)-21),((267)-71),((263)-18),((77)-74),((50)-43),((210)-53),((92)-57),((191)-13),((68)-58),((69)-42),((95)-44),((192)-88),((243)-96),((165)-27),((287)-84),((181)-61),((57)-18),((270)-36),((327)-76),((166)-23),((122)-66),((213)-46),((251)-84),((334)-85),((126)-54),((94)-44),((291)-81)},{((110)-29),((139)-90),((122)-17),((175)-31),((228)-50),((128)-92),((25)-11),((210)-36),((139)-91),((246)-41),((129)-34),((128)-42),((125)-48),((264)-44),((267)-82),((123)-76),((232)-61),((130)-75),((192)-46),((313)-62),((202)-74),((230)-59),((129)-54),((31)-20),((46)-41),((235)-38),((35)-15),((170)-13),((237)-80),((290)-51),((76)-40),((149)-67),((174)-49),((108)-60),((132)-15),((313)-69),((186)-65),((82)-18),((145)-90)},{((105)-24),((144)-24),((76)-41),((70)-57),((270)-97),((99)-52),((197)-39),((233)-75),((295)-55),((121)-84),((141)-35),((70)-25),((311)-58),((295)-77),((292)-78),((70)-51),((158)-57),((208)-74),((165)-21),((259)-72),((100)-22),((98)-81),((29)-21),((271)-36),((331)-92),((241)-50),((294)-79),((134)-35),((185)-43),((143)-97),((276)-38),((25)-13),((103)-87),((303)-53),((138)-19),((165)-45),((47)-44),((153)-13),((226)-86)},{((187)-30),((271)-61),((152)-52),((230)-87),((268)-92),((217)-24),((169)-81),((92)-91),((113)-82),((184)-71),((97)-55),((129)-73),((137)-28),((232)-67),((274)-92),((114)-71),((144)-71),((85)-83),((44)-28),((307)-58),((266)-28),((140)-76),((172)-40),((106)-35),((85)-45),((115)-62),((259)-46),((101)-35),((115)-62),((128)-19),((71)-14),((164)-68),((204)-86),((86)-26),((232)-29),((150)-16),((143)-58),((115)-33),((201)-37)},{((256)-39),((97)-11),((306)-81),((173)-67),((175)-69),((203)-15),((187)-14),((168)-27),((15)-13),((116)-84),((281)-89),((189)-32),((167)-13),((218)-47),((229)-57),((143)-77),((231)-31),((115)-28),((297)-79),((302)-90),((257)-54),((286)-40),((316)-82),((122)-79),((281)-65),((250)-72),((206)-34),((115)-56),((197)-95),((95)-89),((250)-55),((170)-94),((123)-47),((304)-50),((167)-57),((164)-24),((158)-79),((127)-18),((34)-28)},{((125)-89),((96)-17),((39)-21),((272)-97),((309)-88),((253)-67),((283)-96),((150)-60),((256)-74),((187)-66),((321)-66),((159)-17),((194)-87),((319)-69),((241)-90),((231)-34),((253)-94),((235)-75),((130)-89),((56)-28),((346)-97),((126)-77),((303)-81),((252)-68),((342)-89),((226)-34),((160)-42),((156)-24),((64)-42),((116)-51),((131)-30),((158)-40),((74)-64),((93)-92),((164)-17),((246)-82),((134)-44),((268)-31),((108)-88)},{((226)-59),((67)-64),((35)-32),((295)-70),((241)-48),((291)-59),((32)-26),((156)-29),((197)-66),((196)-51),((182)-93),((321)-89),((199)-94),((57)-52),((160)-73),((222)-92),((129)-81),((147)-73),((130)-30),((188)-71),((222)-36),((287)-97),((302)-95),((73)-13),((37)-30),((242)-49),((280)-60),((166)-20),((262)-42),((144)-67),((306)-83),((81)-62),((162)-87),((231)-39),((260)-76),((226)-64),((134)-53),((288)-44),((269)-95)},{((177)-90),((298)-94),((85)-68),((147)-15),((68)-67),((224)-84),((60)-39),((291)-79),((171)-37),((275)-29),((101)-16),((107)-86),((96)-45),((220)-13),((327)-90),((101)-77),((252)-33),((177)-57),((121)-33),((281)-79),((283)-51),((196)-60),((81)-45),((111)-65),((125)-75),((270)-69),((260)-56),((142)-60),((268)-46),((96)-29),((264)-46),((146)-15),((299)-74),((233)-78),((183)-63),((254)-30),((176)-64),((285)-43),((239)-58)},{((156)-61),((159)-86),((301)-68),((120)-13),((262)-48),((245)-91),((79)-64),((263)-75),((127)-39),((49)-22),((164)-58),((255)-29),((103)-12),((100)-47),((244)-87),((138)-25),((304)-61),((69)-47),((139)-43),((117)-43),((300)-66),((207)-12),((197)-72),((174)-84),((226)-32),((198)-48),((64)-40),((249)-95),((246)-22),((276)-82),((175)-81),((186)-49),((143)-67),((182)-63),((219)-52),((102)-84),((156)-95),((281)-28),((216)-80)},{((294)-81),((114)-14),((167)-76),((179)-49),((307)-63),((91)-86),((243)-87),((162)-18),((115)-81),((88)-37),((253)-20),((141)-17),((202)-39),((103)-49),((230)-81),((302)-91),((273)-96),((165)-85),((181)-62),((201)-52),((41)-27),((36)-18),((48)-13),((247)-15),((199)-80),((275)-27),((167)-19),((251)-21),((51)-34),((63)-63),((123)-97),((89)-37),((27)-23),((146)-73),((154)-77),((161)-67),((235)-32),((246)-96),((119)-39)},{((126)-19),((73)-40),((176)-69),((316)-96),((220)-62),((151)-63),((109)-56),((225)-68),((67)-22),((248)-73),((139)-25),((277)-49),((328)-96),((201)-75),((75)-71),((170)-23),((310)-62),((172)-33),((49)-32),((249)-89),((290)-42),((59)-50),((193)-33),((274)-19),((312)-70),((174)-31),((219)-95),((165)-41),((81)-35),((343)-94),((72)-62),((169)-55),((258)-62),((90)-74),((257)-81),((141)-91),((81)-63),((75)-66),((93)-45)},{((99)-17),((87)-82),((273)-37),((194)-54),((250)-42),((127)-93),((150)-73),((72)-72),((193)-33),((88)-54),((223)-81),((121)-92),((64)-44),((121)-62),((232)-16),((53)-21),((70)-11),((251)-33),((169)-80),((222)-25),((117)-55),((259)-15),((272)-84),((38)-19),((194)-93),((195)-61),((177)-30),((279)-92),((108)-95),((297)-89),((245)-46),((263)-93),((235)-61),((242)-51),((160)-62),((65)-40),((233)-39),((191)-84),((263)-68)},{((225)-13),((166)-59),((151)-24),((163)-36),((301)-64),((201)-17),((237)-36),((88)-39),((197)-66),((227)-17),((192)-78),((261)-17),((101)-83),((38)-16),((125)-25),((150)-72),((149)-67),((122)-58),((68)-26),((286)-78),((197)-14),((98)-11),((246)-29),((155)-34),((136)-77),((335)-90),((124)-96),((305)-91),((133)-87),((320)-88),((216)-71),((235)-47),((117)-42),((182)-15),((304)-91),((46)-46),((197)-15),((72)-15),((265)-81)},{((251)-73),((181)-64),((284)-88),((350)-95),((174)-45),((220)-12),((184)-24),((241)-38),((236)-94),((205)-85),((177)-17),((125)-88),((114)-34),((117)-37),((280)-81),((210)-33),((165)-84),((274)-63),((125)-76),((91)-25),((201)-79),((242)-25),((231)-26),((129)-76),((174)-29),((263)-88),((180)-27),((157)-74),((163)-76),((224)-59),((162)-32),((75)-32),((57)-49),((316)-61),((185)-39),((92)-58),((127)-60),((149)-69),((134)-14)},{((273)-71),((238)-97),((198)-66),((170)-67),((144)-37),((136)-12),((193)-45),((48)-13),((103)-28),((246)-11),((224)-53),((157)-31),((230)-48),((205)-22),((76)-68),((141)-90),((114)-30),((129)-28),((327)-75),((162)-59),((220)-35),((312)-84),((166)-15),((125)-70),((172)-26),((115)-69),((72)-60),((174)-42),((228)-92),((262)-74),((272)-54),((166)-31),((186)-66),((312)-72),((132)-14),((256)-47),((178)-42),((177)-47),((123)-93)},{((161)-13),((91)-77),((234)-81),((196)-88),((215)-51),((116)-16),((110)-42),((235)-50),((291)-76),((178)-62),((161)-80),((111)-33),((145)-50),((329)-84),((231)-56),((257)-43),((166)-22),((310)-78),((255)-93),((92)-17),((138)-85),((279)-83),((186)-86),((251)-82),((200)-95),((194)-43),((149)-36),((176)-62),((270)-36),((181)-17),((240)-37),((187)-54),((295)-71),((213)-59),((267)-12),((119)-77),((208)-23),((225)-71),((298)-79)},{((239)-90),((178)-80),((271)-48),((132)-29),((131)-34),((292)-39),((186)-71),((101)-18),((260)-60),((246)-16),((110)-41),((91)-60),((88)-60),((95)-50),((207)-12),((135)-62),((265)-49),((152)-61),((151)-66),((180)-42),((251)-70),((190)-18),((318)-81),((203)-49),((193)-77),((60)-15),((265)-77),((312)-84),((197)-65),((98)-30),((278)-51),((86)-20),((43)-38),((185)-46),((172)-81),((136)-80),((252)-56),((178)-81),((204)-61)},{((185)-77),((69)-25),((220)-39),((230)-62),((202)-69),((201)-15),((168)-65),((108)-43),((176)-39),((167)-91),((120)-53),((107)-26),((254)-27),((69)-58),((101)-54),((282)-27),((215)-65),((182)-12),((262)-92),((167)-75),((88)-49),((111)-58),((228)-71),((330)-91),((150)-88),((245)-23),((51)-17),((231)-28),((238)-70),((169)-13),((309)-71),((47)-25),((198)-16),((331)-81),((110)-34),((176)-57),((161)-15),((314)-64),((91)-54)},{((286)-54),((163)-48),((224)-32),((109)-30),((117)-47),((215)-41),((48)-38),((57)-56),((105)-87),((274)-74),((132)-41),((186)-56),((38)-17),((146)-30),((224)-43),((54)-14),((71)-63),((208)-83),((186)-31),((147)-88),((88)-64),((271)-46),((281)-52),((195)-75),((319)-65),((174)-33),((279)-37),((226)-90),((54)-40),((177)-20),((304)-59),((54)-51),((204)-50),((87)-20),((121)-34),((68)-16),((123)-93),((95)-61),((163)-38)},{((59)-36),((91)-90),((241)-80),((114)-79),((254)-59),((89)-13),((320)-76),((286)-56),((269)-23),((86)-56),((141)-91),((227)-87),((279)-79),((251)-65),((232)-79),((262)-17),((167)-41),((209)-86),((221)-16),((96)-94),((284)-97),((235)-57),((266)-45),((34)-16),((153)-50),((195)-95),((36)-19),((261)-39),((63)-25),((312)-66),((194)-35),((101)-77),((101)-12),((90)-48),((306)-59),((147)-36),((141)-65),((38)-32),((263)-36)},{((59)-48),((89)-67),((233)-59),((182)-22),((188)-61),((82)-51),((263)-40),((174)-48),((311)-90),((156)-45),((140)-89),((199)-47),((61)-26),((65)-47),((296)-44),((205)-49),((47)-17),((106)-47),((120)-47),((262)-94),((207)-74),((101)-68),((171)-69),((315)-95),((127)-43),((78)-29),((320)-85),((123)-86),((53)-46),((114)-25),((194)-72),((129)-59),((206)-93),((74)-70),((291)-92),((226)-39),((232)-74),((219)-57),((251)-72)},{((104)-30),((174)-96),((25)-18),((107)-96),((141)-42),((141)-63),((162)-29),((189)-26),((124)-22),((310)-87),((312)-59),((305)-61),((246)-53),((47)-41),((253)-55),((161)-33),((149)-17),((272)-62),((274)-34),((292)-74),((96)-51),((107)-24),((122)-87),((204)-74),((150)-55),((283)-32),((92)-28),((193)-11),((71)-28),((85)-77),((280)-86),((240)-81),((226)-27),((101)-86),((291)-68),((163)-27),((295)-41),((295)-41),((265)-55)},{((204)-45),((196)-69),((198)-28),((224)-89),((129)-77),((341)-94),((343)-95),((129)-20),((317)-82),((295)-77),((136)-92),((229)-39),((235)-54),((242)-22),((292)-41),((162)-57),((179)-70),((141)-15),((163)-13),((129)-92),((171)-91),((303)-63),((209)-36),((200)-72),((243)-59),((213)-28),((20)-19),((170)-39),((146)-24),((178)-42),((51)-28),((132)-66),((160)-58),((130)-11),((76)-62),((63)-46),((246)-95),((109)-71),((178)-55)},{((220)-80),((115)-80),((113)-87),((331)-97),((317)-79),((231)-80),((186)-79),((165)-18),((272)-31),((53)-29),((115)-22),((226)-89),((87)-77),((203)-45),((230)-94),((314)-97),((274)-95),((127)-61),((261)-74),((178)-91),((53)-40),((228)-16),((267)-89),((165)-23),((301)-93),((319)-94),((306)-94),((185)-82),((230)-57),((228)-38),((127)-11),((275)-43),((173)-39),((241)-90),((179)-50),((221)-15),((261)-12),((292)-39),((214)-69)},{((184)-61),((188)-38),((177)-49),((259)-41),((271)-83),((217)-38),((222)-78),((111)-94),((102)-15),((166)-52),((149)-70),((270)-88),((154)-80),((80)-15),((317)-84),((178)-14),((248)-93),((190)-86),((228)-42),((255)-65),((241)-73),((139)-71),((325)-85),((234)-85),((139)-21),((52)-33),((224)-40),((95)-85),((146)-93),((260)-77),((219)-41),((146)-29),((89)-45),((66)-32),((161)-35),((222)-31),((130)-73),((184)-46),((144)-67)},{((203)-61),((304)-53),((290)-88),((66)-28),((186)-18),((216)-57),((199)-19),((178)-85),((86)-28),((95)-71),((262)-70),((224)-40),((49)-30),((133)-58),((80)-27),((95)-77),((272)-81),((144)-14),((192)-58),((267)-19),((58)-36),((30)-16),((77)-59),((179)-14),((173)-31),((195)-88),((249)-86),((258)-94),((284)-81),((124)-59),((175)-28),((197)-82),((273)-93),((100)-50),((149)-74),((186)-55),((227)-95),((150)-74),((209)-55)},{((264)-59),((75)-18),((218)-57),((293)-50),((192)-61),((266)-83),((107)-85),((262)-45),((143)-61),((131)-19),((128)-25),((254)-86),((151)-18),((71)-11),((101)-76),((57)-35),((93)-67),((101)-58),((271)-77),((217)-97),((92)-82),((38)-14),((241)-35),((129)-32),((164)-28),((100)-73),((141)-19),((251)-64),((175)-22),((89)-75),((50)-32),((205)-70),((193)-28),((136)-54),((94)-89),((169)-39),((97)-84),((135)-79),((77)-17)},{((234)-83),((107)-81),((255)-69),((262)-21),((73)-32),((55)-13),((53)-43),((191)-67),((200)-46),((339)-90),((236)-22),((301)-90),((250)-22),((255)-23),((203)-76),((164)-37),((83)-78),((211)-63),((268)-32),((302)-49),((228)-68),((183)-93),((68)-65),((143)-26),((147)-26),((329)-90),((180)-72),((280)-33),((175)-51),((274)-55),((163)-70),((202)-17),((135)-72),((285)-92),((260)-54),((281)-79),((172)-80),((63)-32),((130)-95)},{((95)-85),((270)-85),((226)-37),((234)-28),((122)-21),((155)-63),((279)-41),((309)-54),((199)-21),((85)-16),((140)-32),((350)-95),((181)-87),((233)-74),((192)-67),((272)-92),((238)-57),((112)-70),((84)-12),((263)-18),((219)-29),((244)-37),((298)-87),((130)-24),((37)-18),((255)-79),((208)-28),((211)-27),((214)-92),((113)-91),((241)-33),((211)-38),((238)-25),((192)-79),((259)-51),((116)-73),((210)-51),((101)-43),((300)-66)},{((190)-52),((117)-72),((246)-36),((270)-74),((261)-46),((279)-89),((256)-46),((162)-53),((246)-77),((235)-80),((155)-36),((291)-80),((112)-20),((185)-93),((211)-37),((314)-87),((121)-64),((260)-61),((276)-37),((244)-40),((67)-11),((326)-75),((297)-42),((136)-20),((297)-55),((258)-33),((130)-82),((70)-54),((226)-28),((150)-13),((98)-96),((279)-43),((234)-53),((218)-20),((158)-65),((118)-73),((138)-93),((159)-32),((118)-90)},{((93)-49),((170)-57),((227)-71),((86)-69),((164)-33),((96)-18),((126)-48),((76)-76),((263)-60),((260)-40),((232)-76),((161)-11),((191)-27),((123)-33),((324)-87),((65)-45),((230)-63),((96)-90),((114)-43),((274)-85),((219)-65),((65)-50),((82)-37),((286)-81),((199)-29),((164)-49),((187)-68),((33)-20),((186)-42),((87)-56),((198)-66),((91)-52),((299)-48),((302)-86),((340)-94),((241)-59),((91)-43),((63)-11),((243)-52)},{((79)-72),((145)-47),((244)-25),((240)-43),((63)-44),((206)-14),((182)-31),((42)-27),((213)-64),((307)-67),((189)-22),((209)-87),((236)-58),((232)-53),((190)-20),((322)-96),((216)-12),((259)-64),((86)-82),((201)-24),((155)-59),((196)-83),((61)-56),((56)-48),((190)-48),((109)-80),((131)-14),((147)-13),((101)-60),((320)-67),((298)-83),((233)-53),((194)-78),((316)-75),((260)-15),((191)-63),((315)-67),((86)-25),((125)-24)},{((306)-88),((326)-87),((107)-32),((320)-90),((293)-68),((288)-50),((288)-72),((147)-46),((269)-48),((147)-48),((230)-40),((189)-72),((243)-45),((238)-45),((246)-40),((332)-83),((163)-29),((203)-75),((207)-23),((298)-71),((298)-80),((230)-12),((151)-16),((84)-30),((144)-89),((149)-77),((268)-45),((311)-72),((181)-12),((150)-42),((221)-96),((218)-76),((271)-89),((84)-80),((190)-13),((307)-64),((246)-39),((293)-95),((179)-90)},{((232)-39),((265)-45),((65)-14),((214)-29),((295)-93),((59)-57),((208)-63),((271)-74),((283)-35),((309)-86),((67)-18),((269)-47),((134)-25),((263)-63),((315)-89),((125)-30),((174)-23),((181)-29),((186)-90),((184)-92),((287)-70),((170)-70),((208)-27),((232)-56),((218)-29),((263)-31),((141)-89),((90)-70),((198)-61),((187)-20),((150)-79),((126)-90),((59)-26),((125)-88),((128)-77),((229)-27),((229)-23),((228)-19),((105)-83)},{((226)-18),((185)-72),((230)-70),((210)-36),((182)-17),((140)-84),((185)-25),((89)-38),((285)-91),((94)-25),((257)-28),((220)-13),((283)-76),((183)-54),((273)-71),((290)-71),((258)-48),((92)-56),((186)-46),((53)-25),((222)-51),((104)-58),((260)-54),((125)-50),((244)-74),((268)-33),((161)-44),((97)-57),((63)-23),((157)-35),((143)-13),((168)-38),((241)-20),((326)-75),((50)-12),((304)-74),((211)-72),((147)-40),((213)-93)},{((38)-14),((186)-93),((155)-97),((212)-11),((258)-13),((255)-36),((80)-22),((214)-26),((140)-87),((119)-36),((153)-79),((210)-83),((149)-54),((190)-33),((50)-23),((82)-30),((193)-85),((154)-42),((125)-69),((190)-56),((273)-88),((56)-22),((148)-75),((180)-25),((28)-24),((209)-80),((98)-86),((182)-37),((122)-47),((29)-18),((125)-97),((139)-94),((175)-87),((215)-49),((119)-36),((138)-93),((70)-57),((118)-56),((153)-61)},{((347)-95),((313)-96),((304)-90),((247)-29),((331)-96),((195)-65),((209)-79),((247)-48),((199)-70),((269)-75),((201)-67),((186)-23),((243)-89),((268)-32),((114)-30),((244)-16),((294)-83),((290)-80),((64)-28),((235)-60),((167)-83),((228)-93),((128)-15),((218)-26),((145)-36),((115)-54),((171)-19),((210)-97),((299)-61),((128)-90),((138)-96),((307)-68),((326)-91),((162)-58),((261)-18),((189)-82),((223)-47),((198)-92),((72)-61)},{((192)-72),((159)-22),((201)-73),((249)-39),((146)-88),((292)-87),((151)-59),((276)-53),((213)-25),((136)-87),((128)-49),((251)-12),((223)-19),((252)-51),((260)-55),((266)-44),((172)-58),((150)-16),((159)-90),((202)-51),((138)-86),((160)-79),((166)-94),((299)-80),((89)-22),((252)-41),((277)-83),((248)-55),((102)-83),((182)-24),((152)-85),((144)-26),((136)-40),((145)-35),((85)-58),((323)-88),((150)-80),((187)-91),((238)-17)},{((91)-70),((122)-97),((259)-37),((287)-69),((111)-24),((259)-33),((134)-27),((165)-58),((68)-39),((92)-55),((112)-61),((130)-88),((278)-89),((103)-66),((199)-15),((90)-19),((297)-95),((247)-77),((110)-82),((79)-21),((281)-63),((235)-52),((191)-11),((186)-67),((222)-86),((45)-14),((35)-16),((100)-65),((218)-18),((336)-85),((203)-26),((77)-13),((138)-18),((260)-97),((240)-94),((98)-82),((142)-61),((267)-60),((257)-24)},{((44)-16),((38)-32),((102)-14),((97)-92),((265)-55),((131)-86),((88)-17),((246)-11),((117)-86),((125)-12),((30)-26),((165)-92),((241)-80),((36)-14),((196)-66),((84)-23),((37)-25),((286)-44),((50)-12),((228)-68),((87)-61),((254)-89),((68)-39),((145)-47),((116)-88),((140)-47),((234)-49),((223)-70),((28)-17),((296)-64),((181)-45),((140)-39),((122)-24),((188)-86),((182)-63),((26)-12),((51)-49),((243)-95),((239)-74)},{((102)-11),((309)-71),((58)-37),((198)-30),((241)-43),((87)-80),((314)-88),((108)-18),((122)-28),((222)-11),((303)-62),((226)-68),((208)-62),((51)-36),((225)-74),((316)-93),((183)-60),((297)-53),((236)-14),((291)-56),((175)-23),((193)-79),((52)-37),((93)-23),((149)-23),((187)-60),((114)-19),((250)-38),((301)-59),((161)-15),((194)-86),((127)-22),((199)-77),((84)-67),((247)-19),((277)-49),((135)-81),((276)-65),((318)-77)},{((303)-62),((223)-60),((331)-82),((245)-53),((277)-72),((282)-34),((80)-19),((140)-39),((232)-14),((262)-23),((181)-97),((119)-41),((180)-85),((63)-42),((241)-73),((260)-56),((150)-55),((255)-65),((304)-49),((203)-86),((146)-61),((292)-90),((279)-47),((155)-19),((92)-59),((70)-27),((64)-17),((199)-92),((171)-31),((189)-35),((252)-38),((300)-87),((81)-58),((235)-26),((45)-27),((245)-57),((258)-89),((229)-46),((308)-65)},{((230)-36),((209)-18),((109)-92),((306)-89),((47)-22),((229)-48),((268)-57),((351)-97),((220)-27),((66)-36),((292)-94),((97)-73),((125)-58),((237)-40),((281)-89),((149)-83),((302)-53),((325)-89),((100)-25),((221)-81),((19)-13),((165)-78),((161)-70),((218)-62),((100)-91),((250)-37),((66)-14),((217)-35),((198)-25),((252)-58),((88)-46),((70)-63),((289)-60),((229)-45),((196)-15),((56)-49),((40)-16),((213)-81),((32)-13)},{((22)-11),((98)-83),((244)-82),((173)-37),((138)-37),((186)-94),((150)-54),((280)-80),((128)-66),((90)-50),((232)-67),((115)-70),((111)-41),((244)-79),((302)-72),((138)-26),((90)-52),((53)-15),((156)-36),((143)-18),((73)-13),((263)-47),((292)-46),((121)-88),((286)-58),((95)-62),((30)-29),((145)-30),((186)-41),((66)-17),((47)-33),((60)-36),((44)-16),((211)-32),((124)-32),((189)-58),((184)-75),((229)-38),((188)-80)},{((76)-16),((169)-18),((208)-31),((160)-75),((211)-74),((253)-37),((193)-86),((211)-35),((43)-32),((218)-90),((57)-12),((202)-35),((186)-68),((123)-34),((219)-78),((113)-80),((166)-51),((194)-50),((165)-43),((243)-39),((193)-72),((114)-44),((239)-78),((269)-82),((197)-89),((208)-35),((295)-61),((161)-92),((213)-93),((295)-70),((104)-31),((169)-14),((55)-51),((186)-57),((72)-60),((209)-64),((142)-19),((251)-49),((141)-22)},{((157)-86),((171)-74),((134)-11),((71)-40),((106)-23),((220)-55),((149)-96),((212)-90),((245)-32),((140)-66),((271)-24),((259)-81),((210)-81),((156)-53),((167)-12),((85)-67),((263)-86),((59)-21),((147)-79),((287)-59),((267)-74),((223)-20),((155)-57),((23)-15),((199)-84),((117)-24),((270)-95),((181)-89),((75)-31),((179)-44),((219)-58),((306)-88),((68)-50),((85)-63),((266)-44),((321)-77),((145)-75),((179)-80),((131)-54)},{((252)-96),((154)-81),((101)-76),((184)-68),((222)-80),((104)-41),((171)-43),((225)-36),((45)-24),((92)-20),((248)-68),((42)-14),((172)-62),((238)-23),((100)-16),((294)-71),((164)-67),((171)-96),((249)-92),((92)-18),((88)-62),((80)-28),((135)-57),((220)-17),((57)-54),((100)-96),((298)-94),((254)-54),((251)-83),((49)-20),((72)-13),((298)-79),((257)-73),((286)-95),((290)-95),((227)-69),((182)-44),((161)-89),((295)-93)},{((259)-89),((132)-14),((149)-87),((251)-46),((183)-30),((254)-88),((154)-54),((163)-28),((173)-52),((167)-15),((187)-74),((177)-60),((157)-74),((66)-45),((296)-89),((242)-70),((50)-30),((273)-41),((154)-51),((99)-57),((201)-76),((155)-26),((110)-90),((320)-67),((289)-71),((72)-54),((103)-84),((106)-48),((226)-50),((201)-47),((64)-41),((210)-48),((103)-77),((240)-28),((261)-87),((94)-72),((304)-70),((196)-88),((102)-55)},{((232)-84),((183)-18),((71)-34),((151)-13),((93)-89),((182)-39),((54)-12),((269)-71),((263)-22),((232)-52),((274)-51),((261)-94),((159)-27),((278)-29),((117)-94),((243)-60),((238)-90),((142)-49),((175)-78),((268)-20),((317)-69),((163)-37),((70)-57),((205)-61),((32)-23),((170)-93),((269)-32),((174)-19),((84)-50),((299)-79),((203)-31),((199)-62),((277)-62),((270)-50),((140)-30),((321)-90),((233)-31),((184)-39),((232)-44)},{((156)-93),((132)-40),((284)-84),((268)-42),((253)-32),((190)-36),((66)-47),((81)-71),((168)-77),((172)-64),((116)-82),((226)-45),((252)-32),((135)-24),((269)-66),((26)-14),((300)-66),((243)-41),((290)-49),((27)-12),((165)-29),((157)-17),((160)-71),((51)-18),((223)-47),((93)-44),((297)-92),((70)-39),((169)-95),((129)-72),((98)-18),((145)-36),((211)-85),((224)-29),((243)-44),((260)-44),((95)-26),((299)-92),((192)-58)},{((229)-65),((164)-74),((261)-97),((77)-56),((139)-50),((216)-45),((122)-85),((99)-14),((207)-53),((74)-33),((102)-96),((196)-82),((181)-50),((253)-83),((57)-16),((277)-88),((149)-57),((188)-27),((114)-14),((186)-95),((231)-27),((283)-58),((295)-79),((84)-55),((64)-47),((251)-38),((257)-76),((303)-83),((263)-78),((130)-80),((102)-48),((131)-60),((88)-76),((223)-68),((84)-56),((208)-24),((33)-23),((78)-25),((51)-15)},{((145)-83),((161)-73),((167)-62),((233)-59),((161)-48),((155)-25),((281)-42),((279)-93),((196)-80),((157)-14),((160)-91),((177)-34),((95)-95),((150)-82),((210)-60),((30)-14),((83)-29),((287)-67),((220)-87),((110)-86),((164)-49),((165)-20),((83)-67),((212)-45),((138)-68),((203)-67),((112)-37),((111)-45),((253)-74),((250)-72),((91)-13),((321)-74),((167)-29),((139)-13),((118)-27),((207)-77),((205)-45),((114)-89),((80)-51)},{((143)-97),((310)-64),((175)-42),((93)-90),((253)-94),((253)-12),((88)-60),((91)-80),((134)-97),((83)-82),((109)-91),((100)-16),((182)-94),((170)-65),((288)-74),((247)-86),((141)-50),((157)-36),((86)-39),((170)-52),((264)-33),((60)-17),((185)-60),((325)-78),((216)-87),((84)-25),((44)-33),((247)-18),((207)-91),((308)-65),((337)-90),((199)-58),((37)-18),((223)-61),((81)-74),((232)-77),((167)-21),((275)-96),((286)-42)},{((44)-13),((91)-30),((96)-44),((171)-41),((278)-61),((128)-40),((118)-40),((62)-45),((116)-95),((147)-83),((257)-18),((39)-39),((207)-56),((52)-13),((183)-27),((277)-91),((180)-94),((145)-91),((207)-36),((157)-86),((154)-49),((210)-29),((301)-91),((91)-29),((127)-39),((102)-19),((261)-29),((305)-56),((232)-88),((190)-42),((224)-36),((309)-82),((117)-21),((249)-14),((185)-69),((180)-90),((282)-45),((148)-27),((62)-24)},{((128)-51),((108)-88),((122)-59),((65)-63),((185)-92),((300)-47),((188)-68),((130)-41),((197)-78),((67)-22),((277)-72),((318)-65),((204)-65),((317)-77),((165)-24),((42)-36),((296)-56),((273)-94),((222)-13),((266)-70),((194)-94),((152)-97),((222)-11),((86)-17),((113)-79),((222)-93),((52)-32),((152)-79),((243)-24),((184)-78),((172)-62),((156)-67),((122)-68),((244)-41),((181)-26),((127)-77),((141)-19),((249)-87),((261)-60)},{((95)-28),((252)-46),((162)-75),((94)-33),((259)-51),((138)-43),((82)-70),((143)-92),((335)-88),((62)-28),((184)-20),((352)-97),((250)-26),((125)-31),((165)-72),((206)-12),((106)-11),((277)-61),((220)-26),((149)-16),((206)-43),((237)-22),((133)-14),((182)-86),((194)-19),((180)-14),((301)-92),((312)-73),((112)-42),((266)-45),((119)-63),((94)-47),((311)-78),((260)-65),((58)-28),((128)-80),((218)-24),((150)-69),((103)-18)},{((19)-17),((258)-35),((193)-80),((201)-71),((71)-46),((190)-93),((169)-32),((191)-15),((56)-11),((237)-53),((109)-47),((51)-15),((276)-93),((139)-69),((285)-42),((278)-61),((226)-66),((243)-40),((197)-58),((321)-91),((269)-70),((116)-47),((122)-84),((155)-87),((323)-73),((229)-75),((259)-60),((178)-93),((212)-26),((163)-73),((166)-20),((170)-46),((145)-82),((108)-15),((191)-49),((81)-35),((166)-13),((112)-59),((180)-19)},{((269)-47),((184)-15),((264)-52),((303)-61),((206)-41),((149)-45),((318)-96),((166)-54),((287)-32),((91)-88),((308)-67),((266)-60),((137)-41),((181)-68),((33)-25),((118)-38),((142)-22),((204)-45),((125)-97),((184)-17),((119)-74),((231)-21),((156)-55),((261)-17),((195)-34),((259)-59),((219)-76),((247)-61),((180)-58),((288)-75),((272)-90),((90)-38),((241)-77),((290)-57),((198)-39),((178)-41),((139)-48),((14)-11),((193)-89)},{((57)-49),((220)-91),((122)-15),((117)-71),((116)-40),((177)-52),((114)-85),((207)-58),((230)-12),((178)-34),((262)-75),((101)-22),((166)-36),((148)-53),((260)-64),((249)-23),((308)-91),((225)-16),((192)-93),((331)-89),((278)-32),((264)-36),((206)-16),((159)-76),((142)-42),((278)-27),((21)-19),((90)-48),((165)-84),((269)-63),((109)-23),((269)-46),((280)-83),((125)-37),((260)-29),((188)-40),((244)-57),((176)-46),((233)-63)},{((148)-39),((287)-87),((154)-50),((316)-86),((239)-53),((157)-93),((202)-43),((158)-76),((169)-44),((319)-77),((97)-55),((225)-27),((231)-55),((44)-11),((76)-66),((174)-66),((245)-42),((165)-97),((107)-61),((281)-40),((102)-87),((96)-29),((296)-69),((186)-56),((222)-69),((205)-31),((127)-53),((234)-69),((220)-25),((288)-88),((116)-26),((189)-21),((221)-52),((238)-87),((201)-85),((94)-85),((58)-32),((64)-34),((262)-81)},{((138)-27),((337)-86),((108)-83),((199)-18),((233)-84),((94)-84),((201)-35),((186)-51),((282)-68),((264)-24),((145)-53),((191)-73),((199)-86),((72)-66),((99)-76),((189)-15),((198)-69),((188)-45),((178)-13),((125)-65),((153)-58),((52)-48),((69)-62),((115)-91),((261)-55),((105)-11),((176)-43),((227)-64),((99)-19),((273)-50),((16)-14),((255)-50),((137)-93),((314)-78),((156)-42),((183)-43),((300)-73),((285)-97),((321)-78)},{((171)-76),((31)-23),((319)-72),((116)-93),((269)-86),((190)-91),((170)-93),((173)-57),((184)-60),((202)-30),((299)-66),((259)-78),((276)-65),((155)-27),((113)-46),((176)-22),((232)-70),((85)-84),((209)-13),((93)-22),((126)-29),((333)-84),((243)-33),((37)-28),((155)-38),((80)-50),((105)-92),((272)-36),((220)-80),((252)-79),((121)-12),((298)-77),((332)-90),((113)-88),((236)-77),((134)-74),((180)-68),((224)-69),((276)-91)},{((208)-97),((72)-22),((75)-42),((139)-11),((258)-77),((305)-72),((226)-89),((284)-74),((286)-55),((37)-23),((211)-63),((89)-37),((135)-31),((160)-16),((193)-19),((121)-21),((127)-88),((298)-85),((158)-41),((188)-15),((161)-88),((105)-28),((192)-89),((281)-57),((197)-33),((316)-96),((286)-63),((257)-82),((281)-71),((230)-54),((85)-82),((152)-24),((257)-55),((162)-83),((171)-71),((198)-59),((140)-27),((185)-63),((320)-97)},{((211)-84),((291)-43),((72)-63),((250)-85),((259)-64),((294)-47),((232)-84),((305)-63),((173)-57),((85)-69),((252)-76),((109)-58),((277)-80),((152)-68),((126)-41),((130)-63),((86)-54),((211)-30),((232)-34),((183)-90),((213)-48),((14)-13),((91)-86),((148)-42),((217)-81),((202)-14),((116)-59),((267)-71),((107)-30),((89)-38),((275)-77),((146)-64),((291)-36),((119)-81),((311)-74),((116)-92),((301)-82),((73)-19),((233)-19)},{((98)-17),((141)-61),((205)-24),((120)-35),((246)-40),((156)-37),((233)-84),((258)-57),((196)-94),((112)-33),((222)-61),((295)-78),((46)-42),((257)-32),((69)-13),((239)-32),((90)-51),((122)-92),((231)-15),((198)-17),((96)-80),((59)-25),((198)-18),((80)-13),((104)-36),((126)-76),((63)-48),((189)-25),((168)-52),((59)-48),((146)-63),((175)-65),((259)-97),((102)-74),((231)-64),((128)-80),((65)-43),((196)-27),((67)-11)},{((271)-42),((98)-86),((278)-70),((310)-59),((143)-18),((296)-80),((226)-41),((114)-59),((92)-68),((129)-75),((270)-37),((178)-41),((260)-75),((84)-13),((202)-30),((164)-88),((204)-20),((139)-29),((191)-54),((193)-69),((101)-73),((164)-29),((110)-75),((159)-16),((288)-84),((198)-47),((228)-37),((235)-14),((240)-93),((157)-71),((105)-92),((214)-55),((70)-24),((327)-86),((311)-91),((266)-81),((94)-16),((180)-85),((292)-46)},{((180)-95),((152)-15),((76)-35),((212)-50),((158)-86),((136)-34),((176)-22),((87)-29),((170)-56),((147)-46),((16)-11),((189)-63),((73)-37),((139)-73),((288)-66),((274)-45),((298)-43),((156)-36),((128)-68),((156)-40),((191)-75),((165)-97),((128)-25),((158)-86),((172)-82),((295)-80),((142)-44),((120)-28),((150)-44),((57)-25),((243)-64),((98)-58),((224)-50),((202)-76),((250)-11),((125)-68),((180)-45),((73)-38),((238)-95)},{((235)-96),((100)-14),((210)-81),((187)-28),((117)-32),((118)-97),((126)-69),((136)-62),((137)-59),((334)-93),((234)-63),((96)-12),((219)-18),((36)-25),((99)-35),((277)-88),((141)-69),((269)-64),((120)-76),((206)-32),((108)-95),((241)-94),((83)-65),((68)-37),((70)-43),((205)-32),((133)-34),((280)-38),((226)-41),((118)-72),((126)-66),((189)-25),((109)-87),((104)-65),((284)-82),((217)-85),((63)-18),((248)-86),((263)-35)},{((154)-64),((226)-11),((143)-45),((270)-39),((112)-42),((195)-60),((325)-95),((184)-79),((315)-80),((304)-56),((259)-15),((165)-83),((190)-39),((133)-43),((106)-25),((120)-25),((114)-74),((96)-39),((244)-36),((94)-21),((257)-41),((265)-19),((160)-14),((147)-36),((257)-29),((179)-51),((241)-79),((256)-15),((94)-80),((156)-34),((175)-27),((186)-43),((127)-94),((109)-59),((301)-56),((151)-11),((102)-97),((239)-26),((300)-57)},{((133)-94),((264)-68),((279)-27),((133)-85),((287)-79),((153)-42),((79)-42),((234)-41),((157)-21),((182)-92),((116)-40),((82)-80),((201)-56),((152)-64),((77)-63),((120)-89),((158)-23),((180)-43),((249)-83),((202)-45),((201)-79),((224)-33),((102)-92),((56)-29),((272)-94),((90)-76),((309)-87),((268)-81),((312)-95),((66)-53),((255)-82),((262)-33),((57)-32),((275)-93),((128)-43),((43)-32),((180)-13),((128)-18),((128)-61)},{((110)-44),((122)-52),((33)-24),((340)-87),((26)-12),((152)-46),((205)-70),((210)-84),((106)-15),((197)-37),((329)-94),((289)-40),((171)-27),((234)-18),((90)-90),((125)-86),((176)-77),((258)-20),((200)-81),((161)-71),((252)-15),((158)-34),((113)-72),((158)-78),((51)-28),((83)-17),((46)-41),((167)-74),((148)-86),((261)-73),((92)-13),((253)-40),((127)-75),((248)-14),((70)-49),((190)-55),((278)-87),((169)-78),((90)-21)},{((216)-34),((226)-67),((57)-53),((175)-11),((69)-43),((269)-35),((213)-79),((193)-29),((253)-37),((176)-56),((269)-55),((67)-27),((258)-96),((125)-19),((56)-20),((329)-85),((261)-52),((150)-54),((113)-12),((315)-68),((206)-72),((122)-52),((82)-30),((44)-27),((234)-68),((264)-81),((91)-13),((190)-40),((125)-40),((124)-25),((54)-12),((91)-32),((229)-14),((253)-85),((247)-58),((310)-60),((93)-39),((284)-94),((266)-81)},{((291)-51),((261)-56),((230)-60),((238)-25),((238)-81),((177)-86),((200)-82),((59)-15),((236)-32),((346)-94),((177)-39),((197)-23),((136)-58),((281)-82),((215)-67),((171)-58),((164)-21),((253)-58),((122)-23),((274)-81),((273)-63),((82)-24),((295)-59),((105)-16),((115)-96),((251)-24),((224)-97),((35)-21),((52)-33),((207)-42),((106)-54),((72)-19),((82)-47),((62)-62),((215)-66),((225)-59),((238)-68),((83)-19),((292)-94)},{((126)-44),((278)-65),((47)-34),((90)-86),((249)-34),((254)-35),((132)-39),((189)-40),((295)-67),((191)-89),((103)-62),((139)-28),((229)-15),((211)-93),((249)-53),((42)-42),((111)-23),((161)-95),((282)-69),((244)-92),((278)-39),((99)-69),((350)-95),((121)-31),((321)-87),((75)-58),((348)-97),((200)-22),((233)-48),((101)-55),((202)-12),((180)-86),((127)-84),((207)-73),((103)-65),((174)-67),((176)-30),((135)-85),((282)-73)},{((107)-63),((119)-32),((272)-41),((201)-31),((43)-42),((121)-73),((94)-77),((74)-31),((273)-83),((284)-55),((267)-63),((225)-55),((232)-97),((91)-87),((219)-76),((137)-65),((171)-20),((218)-21),((210)-51),((106)-60),((203)-82),((211)-73),((145)-68),((265)-25),((227)-57),((102)-19),((268)-71),((62)-52),((173)-45),((341)-88),((149)-13),((227)-97),((82)-65),((246)-82),((310)-62),((190)-21),((275)-37),((183)-71),((153)-50)},{((174)-54),((136)-71),((126)-44),((330)-88),((187)-15),((169)-84),((242)-40),((86)-71),((165)-32),((24)-22),((160)-19),((97)-75),((258)-61),((206)-44),((309)-91),((151)-16),((149)-95),((82)-11),((312)-78),((283)-93),((239)-87),((229)-47),((194)-76),((334)-91),((137)-11),((64)-35),((135)-11),((293)-39),((157)-28),((158)-77),((122)-76),((276)-87),((112)-65),((131)-67),((291)-77),((115)-23),((260)-28),((156)-49),((119)-18)},{((209)-52),((282)-82),((208)-17),((220)-29),((155)-47),((144)-77),((131)-70),((217)-13),((337)-90),((182)-31),((100)-13),((258)-12),((144)-59),((73)-52),((229)-74),((152)-45),((126)-54),((264)-49),((89)-38),((240)-43),((258)-18),((76)-56),((79)-45),((234)-49),((241)-65),((31)-30),((243)-82),((98)-19),((234)-17),((193)-46),((108)-12),((103)-42),((224)-20),((109)-69),((115)-81),((114)-63),((297)-64),((190)-66),((200)-40)},{((122)-71),((196)-50),((257)-46),((89)-16),((98)-57),((194)-36),((284)-96),((145)-56),((319)-74),((326)-71),((27)-24),((214)-61),((71)-40),((191)-17),((95)-76),((253)-86),((238)-68),((145)-97),((246)-55),((59)-36),((90)-50),((231)-41),((153)-85),((237)-94),((67)-49),((169)-18),((140)-59),((280)-30),((174)-63),((200)-20),((112)-70),((228)-61),((102)-55),((212)-32),((96)-77),((196)-47),((318)-74),((211)-89),((223)-36)},{((262)-62),((208)-15),((102)-71),((162)-62),((89)-50),((71)-41),((109)-62),((102)-67),((77)-48),((200)-31),((232)-20),((212)-96),((82)-30),((83)-37),((137)-13),((102)-87),((176)-74),((54)-34),((145)-56),((103)-75),((32)-13),((119)-83),((75)-51),((176)-80),((79)-44),((80)-57),((94)-57),((271)-88),((206)-45),((216)-19),((215)-14),((301)-83),((128)-15),((158)-57),((268)-21),((89)-81),((281)-91),((167)-86),((209)-89)},{((75)-64),((183)-77),((207)-36),((47)-17),((196)-71),((227)-20),((170)-11),((208)-19),((103)-14),((202)-80),((85)-15),((292)-78),((219)-92),((157)-39),((243)-55),((249)-32),((90)-21),((109)-14),((110)-20),((225)-54),((199)-11),((155)-72),((75)-49),((238)-43),((207)-47),((224)-34),((280)-38),((165)-22),((286)-87),((270)-19),((204)-49),((106)-48),((254)-14),((202)-62),((44)-26),((239)-11),((279)-52),((133)-93),((321)-86)},{((288)-62),((278)-35),((147)-68),((164)-56),((141)-45),((116)-55),((177)-47),((260)-55),((242)-20),((134)-70),((342)-92),((180)-17),((89)-68),((143)-53),((278)-70),((152)-75),((277)-61),((255)-45),((173)-76),((319)-75),((101)-26),((261)-12),((99)-37),((96)-95),((263)-80),((247)-47),((233)-88),((257)-95),((71)-15),((266)-79),((131)-57),((290)-85),((216)-17),((338)-83),((96)-54),((54)-21),((117)-19),((92)-80),((280)-50)},{((193)-34),((63)-17),((146)-57),((288)-39),((271)-86),((146)-58),((197)-17),((137)-18),((303)-50),((264)-59),((261)-91),((74)-17),((251)-37),((74)-70),((255)-33),((247)-89),((224)-72),((135)-96),((264)-78),((35)-18),((248)-54),((83)-76),((253)-54),((278)-88),((304)-97),((267)-72),((60)-49),((283)-77),((291)-94),((219)-73),((78)-42),((111)-35),((159)-47),((194)-65),((58)-34),((29)-14),((202)-15),((60)-60),((247)-52)},{((269)-86),((74)-34),((134)-73),((137)-85),((178)-57),((130)-83),((223)-84),((209)-76),((230)-83),((153)-80),((264)-44),((38)-35),((169)-19),((263)-18),((110)-56),((242)-70),((199)-62),((295)-41),((92)-64),((202)-14),((165)-77),((110)-12),((174)-72),((280)-28),((182)-55),((88)-74),((180)-65),((26)-16),((268)-47),((199)-52),((142)-56),((322)-76),((46)-11),((156)-60),((99)-52),((135)-58),((343)-93),((260)-71),((116)-96)},{((98)-70),((208)-85),((84)-25),((230)-37),((313)-94),((163)-48),((127)-51),((222)-91),((287)-48),((193)-41),((155)-23),((141)-39),((97)-91),((80)-41),((309)-78),((121)-51),((188)-66),((96)-70),((224)-80),((111)-54),((124)-37),((206)-67),((71)-28),((168)-69),((171)-20),((311)-65),((146)-38),((76)-55),((74)-23),((286)-79),((249)-35),((320)-80),((197)-92),((96)-51),((187)-89),((189)-88),((65)-12),((178)-90),((88)-31)},{((225)-85),((294)-94),((123)-40),((140)-66),((104)-13),((102)-85),((234)-70),((51)-26),((245)-86),((192)-81),((268)-44),((114)-95),((166)-49),((84)-63),((175)-33),((154)-34),((317)-67),((92)-68),((160)-84),((309)-73),((287)-90),((141)-14),((231)-65),((108)-72),((188)-75),((221)-39),((183)-62),((172)-60),((142)-16),((255)-37),((192)-84),((283)-97),((267)-77),((265)-93),((177)-40),((110)-80),((56)-12),((259)-64),((117)-57)},{((98)-34),((66)-50),((140)-94),((190)-92),((94)-92),((99)-31),((108)-66),((226)-24),((139)-34),((121)-90),((242)-55),((181)-51),((149)-62),((129)-46),((198)-46),((139)-48),((107)-25),((113)-14),((207)-16),((291)-71),((255)-44),((149)-38),((190)-13),((321)-69),((64)-51),((177)-13),((256)-20),((42)-22),((117)-58),((212)-28),((101)-37),((260)-59),((255)-80),((118)-52),((295)-86),((167)-41),((153)-53),((122)-79),((110)-27)},{((44)-22),((142)-29),((178)-96),((234)-26),((190)-26),((115)-73),((209)-72),((72)-12),((192)-89),((250)-30),((72)-52),((208)-32),((151)-62),((263)-61),((233)-54),((36)-15),((192)-11),((66)-20),((341)-87),((308)-89),((281)-32),((103)-58),((274)-69),((88)-48),((197)-75),((308)-64),((205)-79),((123)-67),((101)-93),((314)-85),((208)-92),((164)-46),((88)-80),((174)-23),((181)-26),((150)-13),((151)-49),((285)-34),((47)-35)},{((216)-53),((315)-83),((127)-25),((193)-74),((117)-55),((157)-78),((271)-36),((263)-75),((253)-44),((106)-95),((174)-38),((44)-25),((48)-34),((82)-13),((91)-57),((347)-92),((134)-92),((229)-55),((194)-86),((200)-62),((89)-25),((292)-68),((65)-49),((228)-70),((14)-11),((193)-33),((93)-68),((319)-86),((228)-30),((308)-80),((65)-41),((269)-85),((249)-36),((253)-26),((136)-61),((277)-24),((120)-11),((111)-72),((285)-38)},{((267)-55),((117)-18),((120)-19),((261)-14),((219)-85),((175)-37),((163)-43),((50)-30),((260)-91),((255)-69),((169)-88),((74)-53),((320)-95),((201)-72),((279)-29),((180)-17),((249)-56),((293)-48),((203)-54),((240)-38),((331)-77),((255)-97),((234)-20),((139)-12),((217)-60),((83)-26),((151)-87),((161)-74),((223)-15),((175)-27),((237)-33),((288)-81),((180)-21),((240)-46),((217)-54),((310)-67),((179)-67),((207)-21),((253)-73)},{((244)-47),((156)-33),((45)-31),((220)-89),((88)-82),((308)-94),((145)-74),((184)-39),((119)-36),((102)-89),((116)-64),((196)-18),((311)-59),((67)-67),((281)-86),((206)-20),((216)-13),((222)-74),((212)-47),((135)-63),((60)-32),((323)-77),((67)-47),((243)-31),((147)-66),((233)-13),((110)-13),((216)-24),((36)-35),((121)-28),((288)-61),((127)-26),((175)-61),((169)-59),((301)-97),((90)-73),((244)-32),((212)-12),((305)-88)},{((180)-18),((255)-76),((147)-61),((316)-83),((226)-28),((321)-93),((230)-69),((80)-50),((237)-68),((245)-82),((120)-70),((282)-85),((92)-64),((299)-94),((82)-67),((294)-84),((225)-24),((246)-28),((127)-29),((174)-59),((54)-45),((226)-83),((50)-23),((214)-56),((225)-73),((238)-30),((324)-73),((296)-54),((135)-84),((242)-18),((229)-43),((237)-60),((125)-61),((81)-39),((249)-47),((179)-41),((127)-86),((159)-23),((167)-92)},{((261)-55),((230)-72),((175)-52),((73)-63),((241)-74),((286)-73),((219)-41),((211)-32),((185)-15),((345)-97),((212)-73),((321)-95),((202)-55),((238)-22),((244)-89),((203)-57),((228)-68),((188)-40),((237)-43),((192)-33),((183)-23),((103)-62),((65)-37),((211)-27),((257)-20),((220)-66),((174)-58),((283)-95),((144)-17),((211)-93),((154)-22),((103)-81),((106)-44),((112)-14),((185)-70),((101)-91),((90)-89),((257)-84),((227)-50)},{((164)-48),((168)-61),((232)-15),((233)-17),((149)-33),((91)-62),((252)-76),((182)-57),((157)-38),((149)-13),((137)-78),((263)-57),((260)-15),((216)-80),((184)-18),((325)-94),((177)-84),((158)-97),((220)-45),((297)-92),((177)-68),((143)-69),((117)-33),((149)-61),((332)-93),((269)-27),((198)-81),((77)-73),((138)-33),((236)-45),((87)-80),((96)-49),((141)-55),((272)-61),((156)-65),((245)-17),((294)-92),((135)-42),((263)-27)},{((230)-77),((249)-57),((191)-56),((237)-62),((100)-51),((185)-45),((164)-55),((253)-18),((282)-91),((112)-43),((202)-38),((138)-51),((209)-79),((298)-51),((62)-15),((234)-31),((244)-63),((131)-93),((47)-32),((119)-68),((283)-75),((96)-23),((107)-82),((333)-87),((77)-57),((118)-46),((243)-11),((83)-13),((215)-66),((83)-68),((288)-70),((218)-70),((144)-44),((81)-16),((218)-75),((171)-23),((89)-54),((273)-95),((218)-36)},{((196)-32),((147)-18),((91)-69),((65)-26),((262)-72),((52)-49),((270)-76),((287)-76),((170)-16),((221)-50),((56)-50),((263)-48),((307)-71),((134)-96),((228)-65),((117)-71),((90)-49),((136)-40),((83)-22),((86)-60),((152)-83),((24)-14),((263)-63),((318)-88),((150)-59),((336)-85),((91)-48),((248)-63),((118)-88),((244)-54),((114)-62),((32)-28),((239)-14),((295)-40),((119)-68),((236)-25),((127)-78),((104)-38),((198)-31)},{((64)-40),((216)-80),((89)-23),((88)-70),((328)-89),((167)-41),((198)-67),((57)-39),((188)-27),((202)-37),((219)-72),((185)-73),((88)-83),((73)-51),((185)-13),((326)-88),((180)-55),((72)-72),((313)-63),((142)-92),((119)-26),((118)-34),((212)-63),((121)-58),((72)-47),((32)-13),((217)-55),((231)-26),((172)-63),((138)-93),((201)-84),((152)-51),((107)-41),((211)-89),((92)-53),((65)-64),((145)-72),((33)-21),((82)-79)},{((44)-27),((105)-45),((49)-24),((68)-42),((85)-65),((253)-90),((265)-20),((123)-47),((281)-28),((78)-15),((88)-86),((341)-92),((98)-88),((321)-67),((121)-77),((94)-85),((51)-41),((243)-77),((81)-76),((219)-19),((50)-37),((254)-33),((233)-47),((149)-76),((248)-18),((154)-37),((177)-17),((280)-84),((303)-90),((149)-41),((180)-81),((288)-43),((49)-43),((253)-68),((166)-90),((118)-68),((228)-31),((94)-58),((190)-89)},{((113)-46),((61)-26),((101)-30),((145)-44),((254)-32),((314)-88),((264)-21),((276)-89),((169)-95),((210)-85),((135)-41),((85)-72),((117)-48),((36)-32),((147)-70),((93)-86),((111)-74),((314)-95),((97)-60),((168)-21),((268)-53),((79)-38),((183)-20),((174)-64),((102)-62),((316)-68),((210)-62),((81)-49),((214)-55),((149)-95),((89)-32),((207)-16),((156)-78),((216)-37),((109)-35),((218)-75),((192)-22),((302)-80),((111)-20)},{((269)-39),((108)-62),((82)-62),((213)-46),((99)-48),((297)-73),((53)-46),((232)-26),((325)-76),((234)-46),((111)-88),((314)-66),((163)-48),((94)-23),((216)-11),((98)-54),((199)-38),((259)-55),((104)-39),((156)-35),((51)-30),((302)-50),((175)-66),((100)-14),((237)-50),((144)-53),((269)-57),((186)-22),((152)-23),((176)-20),((230)-22),((114)-67),((211)-70),((236)-13),((112)-23),((64)-28),((299)-77),((214)-43),((202)-66)},{((107)-84),((52)-24),((185)-11),((137)-76),((159)-94),((74)-27),((20)-11),((116)-23),((157)-47),((81)-76),((164)-87),((300)-80),((90)-70),((67)-34),((245)-16),((149)-58),((172)-60),((264)-91),((104)-62),((248)-67),((260)-84),((191)-25),((170)-42),((120)-27),((216)-80),((169)-89),((105)-91),((59)-15),((299)-73),((223)-93),((186)-11),((85)-24),((251)-89),((150)-84),((258)-71),((217)-78),((50)-11),((132)-63),((139)-18)},{((47)-25),((192)-76),((167)-34),((284)-47),((238)-79),((72)-57),((264)-63),((197)-44),((139)-24),((56)-54),((23)-16),((212)-59),((280)-49),((319)-84),((313)-96),((215)-33),((89)-17),((135)-46),((277)-38),((135)-18),((57)-53),((197)-62),((144)-15),((250)-65),((292)-67),((254)-38),((79)-54),((177)-44),((169)-74),((108)-19),((293)-61),((102)-83),((206)-30),((185)-73),((310)-61),((264)-28),((217)-16),((19)-18),((206)-32)},{((152)-16),((217)-12),((90)-11),((152)-82),((111)-27),((182)-52),((150)-55),((140)-44),((107)-17),((245)-12),((193)-72),((248)-40),((213)-84),((214)-16),((225)-88),((198)-70),((187)-42),((107)-39),((166)-55),((124)-48),((164)-87),((310)-74),((107)-32),((71)-57),((232)-84),((155)-55),((118)-56),((261)-56),((177)-71),((277)-25),((75)-36),((140)-65),((98)-71),((273)-95),((213)-47),((100)-44),((87)-14),((321)-66),((165)-19)},{((256)-71),((127)-51),((247)-76),((276)-43),((237)-38),((208)-41),((303)-97),((264)-28),((96)-60),((84)-44),((127)-70),((310)-56),((178)-37),((200)-95),((269)-73),((223)-84),((87)-22),((119)-71),((263)-51),((238)-96),((219)-50),((184)-89),((262)-93),((236)-19),((73)-44),((130)-19),((291)-58),((204)-24),((175)-68),((81)-22),((86)-62),((235)-68),((55)-17),((115)-73),((286)-94),((119)-49),((279)-69),((278)-32),((172)-19)},{((268)-20),((183)-35),((48)-22),((128)-11),((289)-77),((63)-18),((119)-80),((157)-62),((155)-17),((215)-86),((226)-32),((135)-24),((99)-69),((303)-68),((192)-63),((28)-21),((169)-19),((43)-18),((205)-59),((216)-79),((119)-27),((113)-20),((320)-97),((46)-23),((169)-64),((256)-21),((224)-50),((329)-85),((92)-66),((316)-90),((35)-30),((82)-17),((180)-24),((295)-96),((152)-62),((46)-17),((155)-39),((197)-34),((212)-83)},{((315)-95),((155)-44),((168)-18),((190)-62),((331)-85),((293)-40),((151)-37),((291)-36),((183)-29),((340)-95),((48)-16),((217)-38),((136)-18),((128)-19),((101)-23),((263)-19),((232)-27),((141)-32),((244)-13),((164)-51),((277)-38),((73)-31),((226)-93),((228)-55),((94)-30),((46)-43),((104)-14),((202)-65),((194)-88),((235)-38),((166)-78),((211)-87),((130)-28),((100)-97),((238)-14),((113)-12),((291)-95),((184)-23),((177)-25)},{((132)-37),((213)-11),((302)-83),((206)-92),((182)-52),((267)-42),((206)-81),((81)-78),((182)-88),((153)-32),((265)-52),((153)-36),((66)-46),((149)-38),((179)-25),((87)-42),((324)-84),((119)-51),((175)-60),((109)-25),((218)-43),((104)-38),((129)-24),((128)-45),((129)-80),((50)-36),((259)-11),((176)-93),((102)-89),((260)-52),((233)-86),((224)-72),((129)-26),((216)-21),((86)-17),((93)-33),((85)-30),((256)-52),((235)-79)},{((205)-45),((93)-38),((325)-75),((279)-25),((160)-32),((210)-26),((37)-27),((234)-94),((113)-34),((185)-36),((166)-69),((249)-57),((144)-52),((241)-15),((295)-43),((131)-40),((197)-14),((115)-28),((217)-36),((225)-30),((153)-32),((35)-23),((114)-89),((280)-30),((66)-29),((136)-60),((156)-88),((165)-67),((91)-45),((205)-77),((66)-25),((100)-68),((113)-11),((161)-30),((298)-59),((62)-56),((93)-92),((235)-85),((229)-62)},{((135)-73),((321)-74),((75)-45),((160)-74),((247)-43),((126)-48),((282)-65),((101)-14),((54)-16),((187)-54),((100)-50),((309)-64),((100)-27),((178)-97),((257)-81),((183)-68),((323)-74),((56)-37),((264)-93),((128)-61),((155)-36),((284)-57),((191)-51),((145)-22),((232)-74),((135)-73),((108)-13),((80)-49),((189)-37),((192)-17),((140)-61),((170)-35),((232)-45),((177)-86),((154)-72),((205)-71),((63)-25),((102)-11),((285)-38)},{((285)-31),((98)-74),((200)-55),((129)-44),((158)-17),((206)-62),((107)-14),((194)-66),((194)-97),((231)-51),((302)-62),((159)-36),((71)-71),((48)-27),((98)-41),((61)-30),((84)-41),((215)-71),((105)-57),((161)-19),((227)-68),((101)-16),((276)-47),((281)-39),((241)-30),((204)-15),((256)-28),((196)-80),((98)-78),((235)-69),((278)-76),((282)-63),((255)-18),((143)-16),((57)-43),((89)-71),((24)-24),((269)-48),((159)-45)},{((206)-78),((262)-48),((218)-49),((108)-13),((102)-68),((244)-50),((306)-64),((81)-34),((277)-26),((151)-61),((67)-60),((256)-54),((115)-82),((131)-90),((169)-33),((95)-85),((232)-91),((220)-53),((97)-34),((94)-70),((104)-25),((225)-38),((142)-42),((97)-14),((136)-21),((110)-91),((116)-64),((317)-73),((94)-11),((211)-76),((318)-88),((76)-46),((176)-97),((304)-65),((135)-96),((169)-78),((267)-16),((88)-37),((222)-15)},{((289)-75),((328)-91),((163)-61),((78)-36),((153)-55),((142)-41),((261)-17),((119)-96),((285)-37),((166)-91),((218)-21),((149)-69),((95)-21),((106)-15),((74)-57),((198)-34),((75)-50),((256)-97),((132)-24),((308)-87),((31)-15),((94)-42),((308)-96),((88)-11),((160)-92),((277)-27),((112)-91),((85)-12),((289)-56),((187)-38),((171)-31),((188)-22),((158)-62),((251)-86),((259)-57),((86)-59),((205)-35),((252)-78),((189)-33)},{((162)-41),((60)-46),((109)-78),((234)-55),((130)-73),((268)-16),((62)-36),((97)-19),((315)-77),((122)-71),((143)-53),((267)-85),((141)-56),((79)-68),((235)-68),((135)-25),((256)-29),((175)-21),((235)-52),((237)-63),((151)-15),((230)-25),((85)-61),((121)-80),((268)-76),((210)-76),((127)-54),((250)-47),((83)-83),((173)-91),((225)-13),((195)-44),((249)-28),((212)-40),((82)-71),((208)-41),((111)-69),((198)-65),((303)-75)},{((180)-12),((197)-61),((146)-36),((223)-83),((78)-73),((29)-23),((97)-74),((297)-74),((150)-40),((288)-49),((236)-97),((284)-63),((97)-89),((341)-97),((104)-90),((138)-95),((272)-21),((117)-53),((136)-68),((116)-31),((289)-95),((228)-90),((106)-38),((144)-46),((112)-88),((173)-75),((222)-11),((157)-56),((165)-73),((136)-21),((111)-66),((146)-97),((260)-62),((274)-59),((250)-31),((144)-31),((304)-57),((219)-85),((276)-57)},{((291)-55),((199)-68),((205)-71),((59)-47),((183)-28),((273)-30),((327)-80),((230)-34),((150)-59),((188)-94),((254)-26),((157)-42),((299)-53),((132)-21),((149)-47),((160)-28),((32)-26),((142)-93),((116)-37),((152)-82),((237)-89),((293)-58),((87)-43),((99)-94),((115)-19),((321)-78),((330)-83),((127)-71),((65)-40),((178)-84),((289)-42),((169)-60),((128)-28),((289)-43),((79)-72),((253)-64),((36)-21),((136)-82),((223)-22)},{((130)-93),((131)-29),((265)-45),((185)-61),((222)-16),((259)-49),((245)-83),((285)-93),((109)-17),((198)-76),((104)-34),((234)-17),((141)-76),((102)-46),((203)-77),((182)-27),((24)-17),((48)-18),((65)-40),((215)-41),((253)-75),((201)-19),((264)-65),((128)-34),((188)-22),((188)-89),((287)-93),((216)-35),((159)-74),((193)-52),((212)-19),((140)-43),((219)-71),((272)-19),((277)-89),((287)-56),((179)-57),((110)-49),((102)-50)},{((293)-67),((207)-77),((204)-21),((31)-13),((50)-25),((122)-71),((227)-55),((170)-58),((246)-78),((246)-75),((181)-61),((229)-74),((145)-21),((280)-73),((158)-82),((294)-79),((175)-83),((144)-31),((176)-89),((148)-90),((137)-67),((216)-45),((171)-96),((188)-31),((149)-40),((188)-49),((280)-89),((155)-63),((269)-31),((106)-33),((236)-16),((247)-23),((235)-11),((270)-77),((79)-73),((67)-63),((188)-38),((56)-19),((135)-94)},{((44)-21),((318)-74),((165)-28),((171)-30),((205)-63),((226)-67),((82)-28),((81)-36),((203)-77),((163)-20),((84)-15),((227)-11),((300)-48),((233)-90),((334)-96),((134)-87),((248)-83),((83)-14),((281)-52),((180)-25),((126)-22),((157)-23),((69)-35),((73)-71),((267)-61),((150)-53),((40)-30),((27)-26),((122)-51),((157)-60),((248)-43),((319)-88),((299)-73),((184)-65),((189)-66),((217)-77),((55)-20),((212)-47),((209)-74)},{((77)-33),((159)-47),((206)-77),((71)-16),((230)-28),((260)-19),((29)-17),((246)-61),((164)-92),((152)-45),((115)-61),((191)-42),((130)-42),((193)-36),((238)-58),((107)-31),((90)-53),((151)-59),((289)-89),((132)-19),((138)-42),((196)-65),((119)-87),((236)-32),((172)-42),((103)-34),((324)-95),((54)-33),((46)-29),((319)-95),((125)-65),((278)-45),((252)-80),((43)-40),((54)-43),((178)-72),((81)-36),((192)-13),((230)-25)},{((118)-20),((124)-65),((164)-50),((257)-35),((102)-32),((64)-11),((184)-96),((341)-93),((75)-53),((281)-67),((130)-77),((180)-75),((28)-19),((78)-13),((175)-58),((76)-55),((159)-85),((143)-13),((141)-11),((299)-74),((46)-21),((218)-37),((280)-92),((284)-70),((118)-42),((104)-88),((147)-75),((146)-71),((117)-90),((155)-93),((95)-64),((204)-90),((322)-86),((104)-50),((103)-55),((155)-90),((338)-91),((222)-84),((331)-76)},{((150)-17),((93)-11),((236)-41),((274)-28),((163)-72),((320)-69),((129)-39),((124)-95),((125)-66),((59)-16),((288)-85),((203)-84),((138)-28),((153)-17),((117)-51),((194)-59),((230)-55),((78)-13),((271)-66),((279)-70),((240)-49),((253)-97),((75)-26),((149)-96),((53)-48),((169)-13),((71)-14),((83)-61),((289)-59),((27)-23),((83)-27),((309)-93),((66)-50),((133)-65),((251)-26),((189)-61),((137)-83),((296)-86),((213)-60)},{((260)-55),((185)-53),((190)-29),((162)-13),((140)-26),((250)-67),((75)-73),((83)-77),((39)-16),((223)-50),((79)-28),((253)-62),((125)-59),((204)-17),((154)-25),((147)-18),((286)-88),((81)-60),((244)-63),((129)-48),((239)-67),((251)-36),((137)-31),((64)-19),((226)-94),((190)-11),((219)-71),((274)-35),((191)-64),((185)-84),((127)-48),((155)-45),((156)-17),((173)-65),((73)-52),((274)-19),((163)-11),((115)-46),((263)-50)},{((211)-47),((99)-96),((190)-57),((175)-51),((186)-67),((294)-51),((305)-68),((166)-42),((246)-79),((147)-76),((76)-69),((175)-44),((227)-96),((216)-19),((50)-30),((210)-44),((278)-69),((330)-85),((346)-97),((78)-68),((140)-44),((203)-94),((277)-73),((155)-51),((267)-29),((122)-49),((212)-44),((37)-33),((258)-94),((133)-69),((202)-47),((264)-66),((111)-22),((93)-65),((194)-79),((161)-64),((150)-84),((178)-21),((83)-38)},{((153)-69),((95)-33),((108)-15),((170)-61),((260)-17),((211)-29),((166)-19),((224)-36),((226)-87),((322)-88),((67)-24),((130)-96),((124)-95),((314)-93),((127)-37),((319)-93),((168)-74),((179)-85),((190)-27),((278)-36),((241)-31),((151)-80),((159)-58),((40)-38),((292)-69),((178)-23),((210)-51),((220)-44),((175)-92),((90)-51),((53)-49),((56)-25),((242)-19),((131)-39),((308)-77),((170)-75),((196)-84),((112)-70),((143)-97)},{((231)-58),((218)-54),((266)-20),((192)-72),((150)-91),((238)-78),((245)-81),((225)-44),((130)-55),((287)-81),((135)-42),((320)-96),((313)-95),((57)-39),((140)-79),((140)-88),((114)-62),((291)-69),((261)-77),((232)-54),((154)-89),((133)-25),((88)-76),((249)-45),((102)-34),((177)-95),((103)-91),((84)-68),((172)-26),((239)-37),((264)-45),((176)-83),((92)-60),((235)-62),((156)-93),((197)-91),((208)-66),((195)-49),((227)-64)},{((144)-86),((78)-29),((72)-71),((84)-79),((154)-19),((247)-56),((288)-80),((132)-50),((91)-70),((111)-20),((72)-33),((168)-34),((64)-30),((204)-36),((90)-87),((183)-85),((208)-18),((233)-49),((263)-62),((220)-96),((86)-71),((278)-33),((181)-45),((243)-12),((83)-43),((196)-81),((166)-34),((78)-42),((253)-31),((211)-76),((295)-43),((107)-42),((231)-48),((147)-95),((205)-14),((103)-51),((56)-52),((216)-26),((274)-80)},{((144)-76),((141)-17),((283)-77),((105)-25),((107)-91),((190)-30),((197)-69),((325)-80),((101)-82),((255)-76),((181)-37),((171)-95),((186)-96),((150)-97),((90)-59),((229)-97),((74)-73),((200)-60),((98)-81),((164)-52),((66)-57),((200)-57),((268)-34),((168)-95),((229)-64),((180)-47),((229)-44),((247)-32),((177)-61),((110)-29),((139)-61),((189)-94),((147)-48),((334)-84),((113)-24),((188)-47),((120)-75),((297)-96),((152)-25)},{((91)-64),((309)-83),((101)-79),((220)-15),((245)-11),((316)-91),((261)-74),((16)-16),((165)-90),((135)-43),((279)-36),((245)-47),((207)-18),((290)-75),((217)-75),((222)-11),((340)-89),((175)-73),((289)-70),((169)-33),((206)-92),((140)-38),((304)-80),((164)-57),((262)-96),((124)-32),((261)-13),((214)-23),((137)-85),((168)-37),((147)-51),((222)-74),((195)-17),((152)-70),((137)-90),((84)-40),((149)-88),((92)-27),((280)-67)},{((202)-60),((275)-94),((280)-82),((151)-39),((104)-88),((116)-67),((338)-97),((40)-25),((131)-67),((248)-24),((65)-28),((251)-71),((259)-72),((310)-97),((103)-25),((109)-91),((98)-28),((101)-79),((80)-23),((41)-15),((127)-18),((301)-67),((117)-65),((180)-69),((183)-45),((257)-15),((202)-21),((206)-60),((295)-84),((174)-55),((284)-74),((168)-93),((161)-33),((186)-93),((94)-57),((93)-92),((168)-66),((222)-25),((150)-79)},{((128)-37),((220)-41),((56)-12),((152)-52),((129)-64),((56)-47),((157)-66),((340)-89),((129)-25),((243)-60),((262)-50),((83)-45),((262)-94),((104)-97),((272)-25),((59)-51),((193)-34),((307)-53),((66)-19),((248)-41),((165)-68),((99)-37),((70)-43),((114)-44),((201)-27),((142)-67),((280)-48),((283)-34),((93)-74),((234)-55),((115)-32),((39)-30),((122)-87),((269)-61),((66)-26),((291)-44),((164)-65),((108)-74),((125)-48)},{((264)-40),((220)-57),((197)-43),((73)-69),((196)-32),((311)-91),((38)-22),((226)-50),((253)-21),((86)-58),((278)-90),((331)-91),((167)-27),((177)-59),((173)-86),((148)-31),((190)-33),((236)-50),((253)-24),((113)-39),((118)-75),((172)-25),((53)-44),((177)-43),((106)-89),((78)-15),((169)-67),((189)-70),((97)-67),((301)-47),((145)-30),((178)-33),((66)-17),((219)-14),((263)-61),((255)-36),((175)-64),((257)-52),((193)-88)},{((125)-42),((83)-31),((166)-84),((64)-46),((192)-14),((251)-43),((168)-24),((327)-88),((294)-68),((202)-72),((271)-72),((181)-95),((147)-54),((166)-50),((332)-95),((234)-57),((285)-53),((269)-85),((295)-76),((206)-18),((73)-58),((163)-26),((114)-94),((104)-90),((133)-89),((172)-24),((154)-67),((77)-25),((186)-69),((40)-18),((205)-92),((256)-22),((62)-28),((283)-28),((290)-91),((188)-25),((103)-95),((243)-75),((244)-14)},{((281)-31),((122)-37),((258)-52),((100)-94),((312)-85),((202)-31),((268)-15),((200)-46),((101)-94),((126)-37),((205)-87),((285)-85),((114)-40),((313)-79),((249)-96),((193)-26),((158)-96),((198)-41),((244)-35),((180)-67),((145)-55),((213)-41),((279)-51),((95)-83),((91)-49),((60)-27),((214)-50),((275)-90),((266)-85),((157)-72),((204)-37),((284)-94),((162)-68),((328)-74),((219)-39),((250)-44),((197)-74),((298)-84),((246)-81)},{((65)-51),((285)-80),((269)-21),((200)-61),((100)-87),((33)-29),((206)-28),((109)-27),((230)-17),((228)-41),((116)-12),((223)-28),((248)-41),((329)-75),((241)-52),((254)-22),((161)-38),((76)-17),((123)-73),((212)-53),((88)-25),((252)-81),((187)-51),((204)-29),((123)-44),((272)-24),((289)-50),((36)-27),((234)-39),((71)-63),((128)-80),((97)-20),((278)-93),((52)-22),((280)-90),((112)-74),((184)-28),((49)-24),((191)-27)},{((155)-36),((112)-93),((292)-42),((310)-91),((291)-42),((244)-59),((208)-55),((44)-30),((112)-68),((163)-24),((184)-83),((132)-34),((179)-64),((184)-65),((42)-29),((208)-61),((143)-13),((256)-23),((170)-87),((181)-85),((89)-42),((325)-79),((37)-34),((125)-92),((205)-90),((236)-26),((269)-94),((104)-62),((258)-52),((51)-45),((76)-57),((152)-94),((111)-31),((229)-94),((300)-57),((233)-80),((155)-19),((194)-23),((104)-64)},{((208)-94),((306)-59),((223)-33),((294)-91),((302)-72),((190)-69),((235)-19),((240)-59),((76)-25),((254)-39),((109)-94),((77)-49),((92)-28),((170)-84),((178)-50),((250)-18),((274)-77),((272)-84),((255)-80),((46)-28),((251)-76),((195)-94),((135)-50),((181)-79),((274)-21),((25)-25),((41)-24),((253)-37),((260)-30),((196)-66),((53)-35),((123)-84),((197)-97),((64)-60),((159)-86),((119)-42),((193)-77),((106)-89),((187)-36)},{((166)-76),((168)-39),((59)-26),((161)-72),((127)-34),((154)-96),((94)-13),((320)-79),((197)-78),((154)-83),((135)-38),((41)-40),((184)-75),((223)-97),((163)-53),((58)-44),((303)-56),((80)-59),((288)-85),((224)-39),((188)-64),((220)-18),((103)-52),((137)-59),((282)-44),((243)-89),((201)-56),((203)-32),((130)-29),((225)-55),((275)-68),((240)-65),((279)-48),((309)-65),((270)-83),((110)-52),((204)-21),((110)-44),((115)-84)},{((268)-68),((217)-52),((227)-71),((170)-27),((299)-57),((170)-24),((154)-82),((183)-84),((139)-75),((239)-58),((264)-53),((82)-32),((41)-26),((83)-71),((104)-75),((259)-80),((100)-46),((71)-34),((207)-67),((307)-58),((39)-33),((293)-80),((207)-51),((230)-61),((219)-23),((36)-14),((138)-21),((124)-42),((295)-87),((205)-89),((222)-50),((206)-21),((259)-38),((324)-81),((66)-24),((245)-95),((158)-95),((110)-64),((145)-64)},{((240)-34),((98)-77),((230)-76),((169)-72),((187)-77),((199)-59),((55)-24),((155)-29),((135)-44),((282)-68),((140)-18),((216)-38),((253)-62),((298)-68),((271)-19),((58)-20),((208)-66),((189)-82),((179)-84),((107)-25),((223)-68),((317)-67),((161)-59),((299)-80),((181)-71),((16)-13),((107)-90),((25)-18),((186)-71),((212)-54),((336)-87),((90)-37),((219)-49),((142)-46),((177)-67),((350)-97),((112)-93),((206)-62),((46)-19)},{((202)-42),((221)-83),((132)-16),((108)-86),((144)-32),((110)-72),((306)-60),((308)-79),((274)-97),((266)-47),((196)-64),((120)-26),((134)-49),((141)-69),((201)-56),((255)-15),((131)-39),((267)-58),((191)-91),((292)-46),((71)-64),((125)-32),((139)-91),((120)-16),((192)-75),((102)-42),((204)-26),((284)-88),((47)-46),((243)-82),((278)-35),((253)-19),((81)-64),((265)-88),((151)-96),((286)-36),((316)-95),((220)-95),((233)-52)},{((236)-51),((245)-30),((264)-23),((173)-28),((105)-43),((305)-55),((237)-83),((88)-82),((119)-96),((61)-51),((216)-46),((197)-50),((247)-70),((53)-27),((190)-47),((118)-84),((251)-25),((193)-63),((107)-61),((119)-82),((84)-21),((292)-46),((115)-56),((166)-67),((160)-93),((148)-25),((130)-59),((88)-74),((277)-71),((110)-38),((265)-54),((191)-12),((188)-96),((110)-53),((92)-44),((104)-69),((186)-78),((229)-29),((97)-45)},{((249)-80),((87)-27),((276)-89),((183)-28),((104)-88),((133)-87),((221)-15),((263)-95),((205)-40),((216)-34),((221)-35),((163)-83),((245)-31),((181)-80),((243)-54),((297)-94),((181)-83),((109)-60),((138)-59),((59)-15),((76)-67),((88)-62),((238)-42),((148)-51),((143)-13),((204)-42),((179)-13),((232)-49),((160)-43),((42)-35),((278)-50),((273)-83),((239)-71),((74)-58),((262)-89),((63)-21),((274)-93),((233)-57),((278)-47)},{((262)-69),((206)-48),((248)-47),((182)-37),((106)-27),((156)-47),((80)-45),((222)-27),((210)-35),((159)-44),((186)-67),((190)-67),((168)-28),((94)-20),((230)-27),((218)-71),((221)-36),((66)-32),((146)-82),((254)-43),((305)-51),((283)-80),((45)-38),((178)-32),((92)-69),((140)-90),((271)-39),((161)-25),((202)-18),((164)-40),((182)-54),((183)-51),((204)-55),((150)-70),((202)-53),((223)-35),((132)-75),((182)-51),((26)-14)},{((292)-50),((223)-90),((29)-12),((227)-37),((319)-90),((238)-66),((300)-85),((174)-20),((276)-31),((257)-43),((96)-15),((61)-24),((247)-76),((217)-16),((162)-35),((220)-50),((42)-11),((114)-27),((274)-34),((257)-39),((119)-44),((130)-24),((131)-21),((165)-51),((224)-93),((105)-40),((107)-77),((161)-13),((119)-45),((147)-34),((104)-87),((148)-75),((164)-39),((61)-32),((185)-74),((186)-87),((217)-79),((65)-23),((130)-32)},{((302)-48),((64)-59),((119)-88),((123)-36),((38)-14),((93)-13),((116)-33),((98)-63),((101)-31),((90)-51),((204)-82),((285)-38),((171)-44),((27)-23),((107)-82),((75)-11),((52)-14),((194)-90),((109)-66),((101)-54),((76)-15),((281)-30),((271)-55),((81)-26),((185)-78),((98)-87),((159)-27),((107)-62),((168)-96),((153)-29),((73)-45),((136)-52),((180)-44),((306)-75),((131)-35),((67)-58),((112)-73),((210)-18),((269)-70)},{((279)-54),((111)-21),((43)-13),((143)-57),((146)-57),((102)-61),((142)-69),((114)-72),((177)-52),((220)-35),((152)-84),((130)-68),((174)-95),((29)-24),((181)-32),((77)-67),((158)-14),((159)-63),((268)-59),((85)-27),((95)-33),((129)-63),((163)-83),((295)-90),((205)-35),((104)-30),((313)-70),((73)-56),((139)-70),((259)-30),((130)-39),((27)-23),((48)-14),((274)-84),((221)-24),((299)-76),((132)-44),((88)-60),((102)-86)},{((121)-37),((132)-83),((175)-57),((241)-84),((205)-18),((348)-96),((98)-32),((255)-67),((128)-57),((165)-22),((144)-75),((58)-50),((135)-45),((251)-48),((118)-46),((98)-61),((287)-84),((211)-69),((117)-84),((274)-54),((38)-30),((58)-46),((43)-27),((91)-58),((298)-75),((99)-31),((289)-61),((172)-70),((105)-61),((177)-29),((133)-20),((127)-23),((162)-74),((235)-74),((249)-58),((139)-22),((34)-13),((115)-46),((153)-75)},{((211)-51),((283)-97),((72)-60),((182)-40),((250)-13),((318)-97),((291)-66),((314)-72),((188)-39),((89)-13),((330)-85),((190)-32),((309)-63),((84)-77),((250)-92),((230)-56),((288)-84),((203)-37),((148)-17),((130)-47),((285)-32),((179)-22),((233)-43),((258)-36),((272)-46),((266)-23),((248)-74),((214)-75),((108)-78),((105)-97),((115)-81),((289)-95),((113)-67),((61)-37),((143)-57),((177)-84),((189)-70),((268)-28),((226)-46)},{((256)-20),((62)-14),((29)-16),((136)-57),((176)-58),((167)-19),((275)-62),((80)-53),((189)-37),((121)-86),((141)-38),((208)-87),((213)-53),((231)-97),((86)-31),((166)-72),((138)-14),((213)-76),((156)-24),((190)-31),((125)-40),((278)-33),((75)-38),((307)-74),((271)-34),((266)-90),((249)-56),((159)-35),((162)-73),((43)-42),((249)-22),((251)-12),((152)-61),((152)-31),((70)-58),((114)-59),((20)-19),((241)-80),((79)-45)},{((272)-90),((223)-16),((143)-84),((181)-92),((301)-65),((90)-70),((132)-59),((163)-83),((126)-20),((305)-78),((217)-50),((301)-78),((102)-67),((350)-97),((147)-81),((111)-71),((92)-22),((214)-79),((249)-44),((153)-79),((262)-49),((57)-31),((121)-30),((79)-58),((153)-41),((185)-69),((157)-80),((104)-54),((126)-37),((179)-63),((86)-22),((109)-50),((100)-11),((76)-61),((204)-29),((307)-84),((195)-32),((204)-40),((253)-85)},{((235)-50),((182)-63),((78)-69),((246)-16),((231)-36),((316)-78),((108)-87),((265)-90),((69)-25),((210)-27),((234)-56),((292)-59),((227)-29),((208)-45),((279)-73),((236)-89),((104)-23),((152)-41),((49)-12),((259)-62),((276)-96),((135)-15),((188)-64),((174)-49),((203)-61),((93)-17),((293)-88),((165)-16),((201)-14),((52)-13),((148)-79),((248)-35),((75)-75),((279)-74),((162)-88),((208)-60),((66)-41),((115)-60),((331)-94)},{((224)-86),((250)-64),((223)-97),((161)-31),((218)-84),((164)-13),((106)-21),((195)-41),((262)-72),((108)-49),((257)-59),((89)-75),((272)-28),((200)-65),((51)-29),((282)-87),((264)-30),((264)-90),((314)-97),((248)-92),((319)-72),((282)-66),((181)-95),((132)-90),((227)-51),((59)-47),((210)-81),((206)-34),((97)-64),((179)-90),((315)-70),((251)-28),((131)-51),((126)-18),((195)-83),((132)-16),((223)-90),((105)-38),((128)-96)},{((269)-64),((109)-30),((168)-53),((55)-36),((152)-77),((224)-97),((112)-81),((192)-27),((168)-64),((180)-37),((131)-87),((149)-49),((28)-28),((22)-15),((88)-55),((216)-62),((56)-27),((154)-69),((130)-45),((61)-24),((152)-80),((76)-35),((151)-27),((313)-64),((224)-92),((66)-57),((100)-73),((88)-22),((131)-91),((164)-58),((124)-14),((101)-52),((119)-53),((60)-60),((293)-72),((150)-93),((161)-52),((103)-90),((170)-36)},{((118)-71),((157)-80),((184)-55),((66)-33),((173)-87),((167)-29),((136)-94),((109)-11),((24)-13),((71)-30),((287)-90),((249)-45),((248)-21),((180)-88),((77)-45),((164)-76),((155)-64),((76)-33),((124)-46),((111)-64),((170)-43),((271)-84),((116)-46),((148)-84),((122)-41),((89)-82),((249)-95),((100)-85),((165)-19),((187)-89),((261)-50),((122)-62),((146)-82),((79)-11),((111)-26),((31)-12),((219)-47),((156)-80),((277)-32)},{((83)-64),((94)-23),((244)-13),((128)-32),((95)-86),((100)-61),((274)-82),((266)-67),((319)-94),((125)-35),((105)-75),((153)-67),((165)-76),((124)-70),((143)-23),((231)-72),((264)-75),((294)-40),((79)-11),((252)-59),((149)-73),((208)-60),((86)-15),((65)-55),((177)-85),((263)-58),((170)-31),((101)-62),((259)-51),((205)-58),((60)-25),((294)-72),((25)-15),((100)-86),((73)-55),((54)-19),((278)-50),((103)-30),((327)-97)},{((170)-66),((67)-21),((244)-29),((179)-64),((125)-19),((122)-29),((220)-54),((238)-45),((170)-51),((72)-49),((137)-66),((143)-63),((252)-90),((281)-90),((114)-97),((190)-43),((125)-77),((260)-37),((312)-85),((307)-63),((93)-81),((245)-90),((248)-50),((142)-40),((114)-79),((159)-95),((94)-73),((86)-40),((212)-58),((200)-16),((140)-65),((178)-60),((325)-70),((228)-83),((211)-23),((257)-33),((329)-88),((220)-84),((235)-83)},{((254)-20),((53)-22),((93)-19),((133)-29),((141)-46),((287)-61),((284)-37),((146)-94),((220)-73),((71)-62),((268)-51),((75)-75),((232)-72),((198)-61),((210)-43),((150)-18),((182)-85),((203)-92),((203)-74),((205)-60),((43)-20),((199)-81),((111)-67),((53)-31),((210)-13),((235)-21),((152)-46),((264)-63),((289)-36),((170)-13),((152)-79),((186)-96),((79)-50),((35)-28),((260)-61),((258)-54),((309)-84),((262)-41),((211)-86)},{((203)-22),((287)-63),((317)-80),((159)-21),((221)-27),((290)-53),((331)-81),((239)-85),((248)-12),((323)-96),((33)-23),((224)-57),((72)-53),((269)-94),((255)-41),((149)-31),((94)-60),((48)-23),((85)-34),((245)-11),((110)-63),((105)-18),((186)-70),((263)-39),((116)-44),((108)-67),((202)-57),((40)-36),((150)-86),((274)-71),((91)-11),((148)-38),((172)-97),((113)-73),((146)-89),((278)-51),((278)-86),((79)-26),((145)-62)},{((294)-51),((252)-44),((227)-22),((241)-19),((231)-70),((113)-60),((133)-64),((246)-95),((268)-61),((335)-85),((86)-62),((43)-28),((230)-84),((214)-50),((241)-16),((158)-29),((219)-34),((225)-23),((256)-80),((177)-97),((318)-66),((335)-95),((38)-28),((268)-72),((90)-81),((98)-49),((103)-38),((243)-44),((81)-43),((229)-12),((80)-76),((263)-84),((216)-20),((77)-51),((241)-30),((129)-83),((262)-69),((283)-89),((27)-24)},{((287)-59),((135)-94),((263)-69),((118)-20),((228)-97),((201)-38),((269)-92),((175)-64),((309)-68),((216)-36),((187)-29),((54)-27),((207)-41),((315)-77),((50)-12),((143)-95),((129)-42),((161)-21),((237)-93),((236)-75),((134)-39),((104)-32),((91)-89),((260)-92),((234)-14),((97)-64),((171)-20),((40)-20),((205)-46),((229)-24),((181)-11),((159)-27),((248)-73),((199)-80),((266)-96),((250)-63),((90)-90),((93)-89),((281)-69)},{((129)-67),((158)-19),((269)-61),((240)-15),((81)-16),((127)-18),((132)-19),((167)-37),((96)-35),((213)-96),((263)-94),((50)-12),((235)-58),((217)-72),((321)-72),((316)-72),((140)-90),((330)-89),((31)-25),((47)-20),((125)-59),((51)-11),((243)-52),((43)-17),((107)-90),((218)-18),((251)-86),((156)-60),((150)-23),((84)-18),((128)-45),((61)-44),((277)-40),((227)-63),((263)-60),((263)-30),((124)-64),((174)-93),((172)-30)},{((67)-56),((243)-93),((164)-22),((233)-36),((219)-57),((133)-71),((160)-55),((68)-19),((263)-37),((170)-66),((237)-41),((142)-20),((195)-30),((121)-95),((110)-28),((281)-43),((257)-41),((117)-44),((125)-24),((138)-33),((107)-50),((267)-20),((287)-75),((186)-79),((179)-25),((112)-23),((194)-65),((84)-64),((243)-28),((292)-86),((145)-21),((45)-17),((173)-89),((220)-84),((304)-73),((108)-85),((192)-61),((109)-43),((192)-83)},{((68)-68),((211)-16),((205)-19),((198)-94),((53)-48),((92)-31),((281)-64),((311)-87),((304)-54),((181)-66),((328)-82),((101)-55),((114)-68),((266)-12),((53)-20),((30)-28),((171)-86),((259)-49),((105)-12),((248)-22),((336)-92),((119)-92),((35)-34),((87)-20),((95)-24),((115)-92),((291)-78),((265)-87),((104)-90),((149)-83),((314)-88),((45)-19),((89)-11),((297)-59),((103)-65),((143)-49),((120)-29),((277)-26),((62)-11)},{((255)-48),((170)-21),((238)-63),((86)-46),((254)-18),((56)-20),((86)-50),((300)-56),((79)-56),((306)-58),((156)-81),((270)-70),((104)-21),((158)-81),((176)-85),((267)-59),((126)-27),((287)-71),((138)-44),((91)-45),((204)-45),((60)-52),((25)-16),((50)-24),((240)-21),((142)-78),((290)-66),((182)-84),((140)-74),((113)-30),((180)-96),((116)-28),((183)-78),((236)-22),((150)-50),((183)-27),((259)-90),((293)-85),((86)-15)},{((213)-60),((263)-81),((91)-83),((170)-32),((71)-29),((108)-39),((173)-44),((49)-40),((111)-30),((107)-35),((165)-67),((107)-79),((130)-33),((69)-36),((71)-70),((152)-34),((230)-85),((113)-64),((72)-58),((93)-82),((75)-47),((258)-35),((205)-87),((77)-30),((187)-52),((153)-27),((274)-40),((115)-94),((57)-27),((232)-64),((308)-97),((199)-97),((111)-73),((66)-37),((109)-66),((155)-17),((211)-40),((268)-65),((314)-94)},{((176)-22),((252)-45),((45)-42),((222)-94),((98)-87),((298)-63),((189)-41),((192)-49),((238)-30),((155)-15),((252)-91),((199)-82),((202)-46),((182)-52),((99)-74),((161)-45),((121)-14),((111)-77),((277)-22),((275)-89),((242)-25),((265)-44),((295)-57),((193)-21),((317)-76),((98)-77),((111)-30),((315)-95),((148)-47),((138)-63),((306)-84),((123)-14),((115)-89),((113)-48),((53)-48),((88)-40),((308)-65),((167)-89),((142)-95)},{((270)-97),((214)-85),((238)-40),((92)-58),((243)-27),((41)-38),((161)-41),((257)-81),((161)-85),((93)-39),((222)-55),((243)-48),((219)-20),((302)-86),((219)-69),((170)-55),((345)-96),((217)-20),((132)-44),((255)-53),((311)-97),((44)-39),((254)-58),((259)-20),((190)-60),((114)-45),((130)-70),((309)-78),((151)-16),((216)-25),((266)-23),((157)-75),((221)-88),((337)-96),((255)-79),((259)-43),((126)-19),((119)-73),((111)-74)},{((304)-93),((189)-74),((232)-61),((95)-24),((97)-19),((140)-39),((236)-14),((141)-44),((198)-45),((253)-97),((137)-29),((170)-27),((193)-81),((263)-71),((138)-77),((250)-50),((144)-67),((123)-25),((197)-60),((128)-17),((263)-86),((245)-67),((209)-79),((154)-90),((253)-17),((247)-85),((45)-44),((251)-68),((203)-76),((168)-97),((133)-19),((60)-55),((274)-74),((202)-11),((258)-53),((107)-33),((271)-58),((244)-53),((120)-94)},{((82)-65),((271)-68),((46)-38),((257)-20),((342)-88),((241)-61),((85)-30),((94)-91),((277)-31),((232)-85),((217)-66),((218)-50),((121)-81),((219)-78),((138)-93),((264)-92),((101)-78),((191)-60),((289)-54),((230)-26),((174)-26),((216)-20),((80)-58),((72)-24),((200)-70),((89)-85),((190)-26),((179)-53),((327)-76),((157)-23),((276)-96),((24)-12),((225)-66),((248)-85),((272)-44),((219)-22),((95)-85),((177)-14),((163)-32)},{((263)-18),((78)-59),((275)-96),((150)-71),((161)-85),((109)-16),((184)-92),((190)-59),((286)-33),((56)-33),((200)-60),((236)-24),((172)-34),((268)-35),((216)-57),((151)-48),((76)-29),((176)-86),((246)-74),((178)-67),((144)-42),((109)-36),((142)-52),((135)-41),((300)-55),((89)-83),((81)-75),((181)-93),((106)-39),((89)-49),((274)-39),((292)-40),((73)-38),((209)-95),((153)-56),((205)-62),((197)-89),((145)-36),((262)-20)},{((195)-23),((196)-72),((137)-51),((296)-67),((82)-26),((109)-80),((271)-47),((316)-75),((51)-27),((120)-14),((110)-24),((226)-20),((115)-31),((210)-35),((184)-82),((189)-57),((217)-65),((195)-78),((232)-75),((231)-70),((310)-58),((204)-51),((211)-80),((228)-37),((254)-59),((148)-70),((253)-58),((110)-37),((70)-58),((59)-17),((293)-94),((129)-30),((181)-36),((132)-22),((154)-43),((208)-71),((342)-93),((308)-59),((182)-76)},{((147)-94),((103)-33),((253)-79),((43)-43),((135)-60),((263)-32),((181)-11),((252)-65),((126)-91),((178)-61),((162)-62),((255)-30),((146)-41),((170)-23),((266)-89),((97)-29),((146)-35),((112)-52),((51)-23),((194)-49),((226)-54),((171)-95),((127)-86),((83)-45),((129)-74),((209)-52),((171)-88),((314)-88),((176)-40),((217)-77),((177)-59),((321)-94),((344)-96),((142)-89),((145)-46),((92)-28),((117)-55),((153)-62),((197)-11)},{((99)-35),((25)-22),((127)-94),((153)-68),((200)-24),((228)-64),((184)-55),((155)-61),((194)-57),((261)-20),((168)-71),((25)-19),((175)-35),((149)-70),((197)-91),((99)-36),((264)-76),((162)-91),((150)-33),((62)-45),((251)-13),((76)-51),((218)-92),((56)-29),((348)-97),((192)-80),((176)-34),((117)-71),((80)-69),((94)-86),((50)-28),((87)-14),((308)-66),((342)-96),((25)-22),((137)-88),((109)-95),((82)-67),((101)-95)},{((62)-39),((241)-36),((155)-59),((171)-62),((133)-55),((181)-60),((230)-70),((116)-71),((244)-74),((308)-64),((331)-93),((293)-38),((255)-74),((94)-22),((149)-64),((76)-25),((162)-68),((226)-93),((293)-59),((340)-89),((76)-21),((126)-90),((203)-24),((100)-69),((223)-65),((35)-28),((327)-86),((119)-88),((340)-88),((316)-63),((173)-56),((334)-83),((220)-33),((312)-95),((92)-78),((196)-57),((43)-21),((197)-55),((32)-12)},{((186)-36),((220)-43),((257)-70),((240)-36),((151)-52),((286)-54),((325)-76),((211)-36),((149)-83),((160)-84),((108)-63),((128)-40),((188)-61),((81)-66),((254)-79),((150)-59),((127)-36),((75)-65),((308)-95),((298)-68),((112)-34),((195)-35),((267)-28),((160)-17),((184)-77),((296)-58),((227)-50),((262)-55),((20)-16),((124)-25),((163)-87),((125)-19),((55)-23),((83)-69),((78)-63),((176)-83),((231)-30),((270)-42),((160)-28)},{((130)-21),((238)-34),((115)-59),((265)-95),((154)-93),((89)-53),((84)-15),((167)-85),((194)-69),((80)-64),((273)-62),((290)-91),((305)-92),((289)-82),((270)-46),((224)-74),((53)-12),((97)-17),((247)-20),((91)-28),((158)-95),((258)-77),((242)-93),((76)-66),((72)-32),((294)-94),((198)-33),((239)-67),((231)-55),((202)-63),((156)-39),((268)-50),((157)-70),((262)-36),((85)-56),((110)-58),((116)-21),((337)-95),((278)-97)},{((76)-64),((147)-88),((119)-91),((188)-69),((55)-45),((77)-31),((94)-70),((288)-81),((239)-64),((88)-52),((41)-40),((250)-89),((153)-27),((209)-76),((178)-59),((260)-89),((51)-11),((276)-97),((340)-89),((201)-24),((71)-55),((292)-97),((167)-28),((129)-43),((150)-21),((307)-96),((203)-53),((159)-18),((186)-31),((203)-83),((269)-32),((41)-30),((220)-49),((154)-18),((207)-61),((221)-71),((109)-64),((283)-56),((120)-58)},{((96)-43),((148)-52),((187)-48),((162)-14),((125)-95),((112)-39),((238)-21),((202)-46),((198)-51),((238)-77),((124)-59),((147)-49),((169)-26),((88)-11),((270)-21),((107)-13),((45)-25),((94)-44),((68)-57),((126)-67),((299)-94),((203)-72),((85)-67),((185)-62),((192)-52),((81)-28),((108)-25),((137)-11),((131)-48),((188)-54),((234)-48),((225)-47),((163)-59),((177)-56),((60)-48),((144)-93),((193)-21),((165)-28),((178)-32)},{((89)-24),((197)-77),((241)-13),((207)-66),((218)-94),((255)-96),((283)-64),((138)-36),((253)-82),((162)-65),((305)-65),((127)-35),((158)-49),((94)-72),((144)-92),((125)-30),((132)-83),((162)-62),((296)-79),((283)-71),((229)-91),((162)-72),((313)-76),((85)-65),((228)-90),((143)-40),((198)-86),((116)-51),((136)-54),((43)-27),((151)-54),((220)-93),((248)-52),((278)-81),((178)-42),((122)-55),((73)-71),((161)-13),((141)-67)},{((309)-92),((131)-62),((143)-60),((274)-22),((92)-66),((107)-38),((120)-94),((145)-68),((262)-68),((321)-97),((81)-34),((163)-34),((192)-85),((291)-93),((38)-31),((74)-71),((77)-19),((244)-78),((109)-33),((74)-15),((191)-97),((300)-81),((114)-12),((213)-39),((156)-56),((292)-49),((101)-74),((76)-32),((287)-74),((302)-59),((127)-97),((305)-62),((88)-50),((241)-86),((241)-59),((100)-92),((246)-91),((158)-25),((306)-82)},{((57)-24),((155)-95),((36)-24),((232)-30),((126)-37),((204)-24),((233)-62),((149)-48),((228)-66),((174)-39),((195)-43),((162)-84),((278)-69),((176)-19),((236)-92),((64)-50),((168)-34),((237)-77),((219)-68),((166)-85),((168)-29),((168)-56),((142)-52),((91)-36),((224)-17),((289)-47),((91)-50),((188)-39),((136)-77),((77)-35),((137)-60),((282)-80),((76)-56),((133)-67),((224)-67),((240)-92),((138)-63),((209)-73),((160)-51)},{((128)-41),((78)-26),((216)-12),((42)-28),((120)-89),((266)-45),((94)-28),((178)-17),((93)-58),((164)-83),((177)-79),((120)-96),((222)-64),((146)-40),((148)-58),((149)-47),((117)-24),((253)-30),((128)-22),((111)-40),((292)-61),((100)-16),((120)-22),((170)-43),((237)-28),((123)-40),((263)-20),((252)-12),((221)-86),((108)-18),((105)-79),((59)-29),((158)-85),((105)-70),((284)-89),((258)-30),((29)-12),((217)-75),((207)-12)},{((241)-16),((306)-55),((194)-74),((44)-41),((161)-34),((229)-89),((218)-87),((82)-76),((85)-44),((73)-63),((291)-50),((19)-17),((250)-58),((200)-17),((328)-93),((198)-97),((282)-42),((272)-64),((198)-77),((133)-17),((196)-15),((188)-72),((190)-53),((242)-84),((218)-24),((246)-78),((125)-62),((162)-73),((94)-14),((25)-15),((302)-71),((215)-53),((271)-81),((245)-38),((211)-70),((237)-27),((307)-58),((182)-64),((44)-43)},{((219)-81),((143)-34),((53)-53),((140)-62),((288)-37),((46)-12),((309)-76),((67)-47),((268)-53),((70)-23),((62)-46),((158)-16),((178)-80),((268)-36),((143)-72),((310)-57),((129)-89),((204)-50),((242)-97),((102)-57),((104)-81),((193)-57),((183)-16),((244)-60),((173)-55),((144)-64),((342)-89),((266)-74),((161)-17),((280)-45),((213)-74),((264)-56),((328)-81),((102)-16),((190)-56),((308)-66),((195)-18),((297)-77),((159)-48)},{((84)-34),((76)-35),((237)-22),((142)-26),((210)-38),((96)-24),((105)-26),((149)-44),((194)-33),((190)-89),((223)-66),((216)-59),((131)-22),((177)-33),((154)-41),((228)-32),((79)-14),((263)-59),((124)-43),((128)-29),((168)-30),((154)-42),((199)-21),((198)-68),((129)-65),((126)-97),((249)-21),((159)-73),((214)-37),((101)-20),((236)-86),((279)-90),((121)-28),((279)-52),((182)-16),((186)-71),((288)-82),((187)-77),((128)-14)},{((38)-37),((86)-78),((72)-38),((203)-48),((138)-46),((165)-17),((227)-76),((147)-44),((179)-41),((196)-89),((229)-39),((101)-42),((268)-70),((273)-84),((164)-23),((105)-38),((265)-51),((122)-47),((302)-93),((201)-40),((63)-45),((139)-19),((213)-76),((90)-19),((124)-88),((196)-52),((268)-85),((145)-58),((108)-17),((292)-61),((301)-63),((99)-91),((197)-68),((124)-55),((183)-58),((278)-85),((246)-88),((250)-26),((95)-88)},{((61)-24),((129)-27),((193)-21),((121)-80),((169)-54),((266)-79),((140)-30),((82)-33),((219)-88),((314)-70),((256)-78),((233)-90),((70)-14),((325)-74),((231)-92),((101)-31),((211)-97),((223)-92),((126)-58),((119)-15),((21)-13),((234)-96),((328)-83),((167)-73),((282)-84),((191)-24),((201)-90),((217)-58),((252)-11),((103)-89),((110)-14),((282)-59),((210)-83),((189)-35),((232)-18),((137)-40),((201)-58),((253)-19),((257)-32)},{((122)-48),((157)-40),((204)-78),((57)-49),((143)-92),((209)-11),((187)-50),((199)-71),((224)-85),((183)-76),((215)-56),((262)-73),((145)-52),((128)-70),((96)-28),((104)-32),((68)-36),((145)-68),((76)-65),((78)-34),((239)-34),((311)-89),((148)-78),((238)-86),((147)-29),((74)-34),((282)-56),((196)-18),((204)-61),((57)-27),((261)-11),((115)-20),((235)-15),((153)-53),((253)-20),((191)-28),((133)-18),((170)-90),((271)-48)},{((82)-66),((101)-68),((267)-47),((306)-53),((124)-35),((148)-29),((198)-75),((102)-18),((321)-77),((159)-50),((108)-37),((155)-67),((132)-31),((67)-62),((45)-41),((249)-28),((169)-57),((300)-80),((294)-64),((264)-44),((144)-79),((201)-11),((109)-36),((218)-25),((147)-24),((153)-65),((213)-24),((240)-95),((101)-82),((259)-45),((314)-64),((28)-17),((232)-31),((289)-55),((59)-57),((83)-77),((169)-94),((91)-29),((315)-93)},{((119)-97),((148)-57),((136)-54),((173)-91),((260)-21),((241)-68),((276)-77),((177)-87),((295)-97),((231)-20),((239)-38),((122)-76),((194)-26),((117)-66),((71)-65),((143)-94),((271)-27),((105)-74),((103)-75),((89)-44),((181)-14),((234)-34),((292)-65),((306)-75),((342)-94),((104)-73),((265)-74),((270)-23),((321)-73),((93)-71),((61)-13),((241)-33),((270)-63),((260)-27),((210)-86),((219)-52),((255)-78),((244)-77),((90)-78)},{((165)-28),((58)-38),((167)-75),((226)-17),((48)-39),((198)-75),((186)-68),((145)-49),((60)-58),((103)-84),((288)-79),((264)-87),((280)-76),((101)-84),((88)-87),((246)-85),((117)-91),((82)-26),((179)-93),((104)-83),((266)-85),((214)-34),((236)-33),((120)-26),((292)-90),((217)-67),((200)-60),((315)-74),((143)-33),((273)-24),((203)-76),((186)-59),((226)-17),((292)-73),((268)-32),((203)-30),((81)-63),((236)-93),((114)-91)},{((250)-72),((114)-62),((95)-26),((231)-58),((304)-49),((294)-56),((252)-46),((113)-49),((125)-31),((275)-21),((232)-13),((282)-53),((291)-58),((224)-28),((301)-60),((230)-58),((165)-93),((233)-66),((226)-29),((219)-31),((248)-21),((169)-38),((240)-53),((236)-22),((287)-82),((341)-97),((176)-28),((290)-86),((23)-19),((271)-33),((173)-61),((172)-39),((281)-82),((166)-76),((259)-70),((247)-28),((24)-18),((181)-71),((192)-38)},{((251)-28),((114)-95),((331)-91),((297)-92),((313)-65),((209)-17),((279)-91),((84)-27),((291)-95),((302)-63),((252)-48),((279)-32),((325)-74),((141)-55),((229)-55),((250)-59),((196)-71),((311)-95),((109)-93),((117)-62),((183)-94),((116)-13),((183)-59),((263)-78),((141)-87),((201)-11),((220)-36),((256)-16),((40)-17),((141)-84),((207)-40),((211)-27),((151)-33),((173)-93),((253)-78),((314)-83),((142)-11),((260)-90),((118)-44)},{((194)-64),((174)-27),((250)-86),((229)-42),((116)-25),((199)-52),((228)-51),((224)-56),((127)-72),((173)-32),((280)-70),((158)-60),((159)-27),((205)-43),((247)-42),((114)-61),((125)-28),((184)-18),((241)-20),((242)-59),((210)-62),((249)-58),((187)-52),((228)-32),((107)-42),((220)-16),((55)-48),((286)-87),((113)-92),((340)-85),((23)-20),((322)-81),((243)-24),((191)-66),((183)-41),((98)-25),((327)-82),((256)-85),((75)-17)},{((109)-73),((98)-58),((221)-12),((92)-30),((97)-17),((206)-65),((61)-51),((229)-80),((199)-43),((100)-57),((219)-68),((113)-23),((215)-89),((154)-14),((126)-49),((265)-87),((78)-31),((200)-79),((84)-64),((48)-37),((255)-23),((248)-54),((303)-66),((146)-61),((254)-57),((182)-76),((324)-84),((205)-26),((279)-70),((206)-43),((147)-16),((288)-40),((284)-71),((152)-35),((150)-68),((131)-39),((137)-41),((143)-12),((227)-96)},{((86)-86),((171)-32),((72)-34),((186)-57),((213)-41),((120)-57),((280)-25),((315)-69),((216)-66),((121)-58),((78)-54),((255)-71),((179)-64),((171)-88),((267)-70),((284)-57),((163)-32),((172)-76),((117)-11),((235)-39),((177)-16),((210)-62),((262)-19),((112)-72),((165)-30),((126)-52),((153)-53),((243)-18),((122)-14),((185)-65),((228)-61),((116)-17),((204)-62),((62)-29),((319)-91),((270)-51),((184)-47),((281)-49),((102)-75)},{((201)-69),((158)-91),((161)-51),((81)-80),((231)-35),((277)-90),((123)-18),((140)-67),((228)-41),((250)-33),((213)-92),((151)-65),((146)-50),((73)-38),((197)-11),((259)-70),((155)-91),((256)-49),((83)-31),((257)-55),((151)-71),((264)-41),((135)-80),((102)-30),((297)-78),((311)-75),((256)-77),((264)-68),((108)-77),((276)-36),((78)-73),((138)-72),((230)-39),((123)-52),((161)-95),((196)-75),((102)-16),((116)-65),((191)-97)},{((103)-65),((217)-50),((316)-96),((208)-40),((277)-70),((253)-24),((160)-54),((152)-16),((179)-52),((183)-43),((206)-74),((297)-78),((288)-87),((74)-21),((172)-15),((262)-23),((70)-25),((128)-79),((285)-31),((105)-47),((141)-37),((170)-75),((268)-43),((57)-45),((93)-41),((194)-96),((152)-14),((120)-56),((89)-24),((106)-47),((297)-43),((170)-93),((225)-76),((74)-51),((201)-94),((121)-70),((96)-67),((230)-76),((71)-34)},{((152)-43),((239)-74),((257)-79),((231)-17),((269)-33),((192)-79),((180)-37),((162)-28),((201)-54),((159)-82),((184)-20),((193)-47),((281)-30),((185)-86),((227)-46),((323)-80),((339)-92),((35)-27),((216)-45),((176)-75),((24)-13),((265)-85),((57)-45),((313)-93),((143)-28),((266)-56),((39)-29),((325)-94),((30)-19),((202)-31),((245)-18),((287)-43),((93)-88),((101)-70),((207)-16),((287)-40),((56)-38),((98)-89),((155)-68)},{((259)-86),((266)-24),((202)-69),((323)-91),((22)-16),((120)-74),((205)-55),((250)-56),((39)-32),((102)-40),((75)-48),((263)-15),((85)-50),((311)-79),((259)-31),((125)-28),((269)-33),((258)-27),((96)-66),((347)-96),((238)-22),((49)-46),((236)-36),((102)-29),((182)-53),((154)-12),((250)-69),((276)-73),((136)-56),((141)-96),((109)-76),((90)-44),((105)-64),((176)-48),((177)-67),((305)-87),((133)-67),((245)-97),((220)-13)},{((243)-32),((278)-50),((76)-44),((198)-72),((233)-90),((86)-65),((321)-66),((307)-90),((311)-77),((268)-30),((63)-12),((155)-30),((29)-25),((334)-96),((139)-32),((255)-12),((82)-23),((175)-60),((210)-82),((141)-39),((201)-77),((58)-57),((117)-86),((62)-43),((121)-89),((61)-34),((153)-39),((157)-61),((288)-84),((120)-68),((187)-53),((272)-76),((243)-46),((264)-50),((204)-31),((124)-64),((197)-94),((50)-43),((267)-68)},{((274)-46),((149)-85),((283)-54),((160)-75),((126)-63),((61)-20),((282)-94),((166)-82),((197)-39),((118)-12),((228)-79),((318)-65),((166)-87),((228)-45),((155)-72),((241)-80),((37)-24),((184)-70),((240)-44),((69)-69),((192)-27),((237)-55),((160)-35),((148)-45),((101)-33),((98)-81),((94)-73),((177)-87),((113)-45),((244)-67),((118)-51),((133)-23),((221)-75),((174)-14),((211)-47),((114)-56),((228)-36),((130)-51),((233)-66)},{((130)-11),((222)-43),((160)-51),((190)-15),((162)-35),((74)-43),((171)-89),((310)-58),((173)-43),((293)-94),((233)-82),((98)-46),((64)-22),((67)-50),((274)-49),((193)-55),((117)-49),((100)-28),((162)-12),((91)-80),((226)-50),((92)-60),((182)-42),((267)-23),((223)-57),((161)-60),((90)-38),((230)-73),((66)-61),((177)-90),((182)-55),((113)-56),((134)-73),((208)-69),((259)-90),((50)-41),((63)-55),((88)-11),((253)-19)},{((168)-18),((215)-48),((95)-80),((276)-83),((89)-43),((169)-15),((218)-25),((200)-85),((309)-64),((48)-47),((186)-38),((93)-80),((233)-25),((119)-39),((154)-70),((319)-88),((315)-72),((168)-34),((283)-41),((155)-78),((191)-19),((284)-59),((243)-44),((209)-54),((234)-91),((202)-81),((271)-25),((180)-51),((38)-32),((58)-25),((266)-51),((134)-15),((255)-88),((152)-76),((89)-36),((82)-12),((213)-95),((247)-20),((134)-55)},{((276)-93),((24)-15),((152)-81),((142)-67),((140)-48),((149)-33),((90)-90),((74)-31),((280)-77),((191)-52),((136)-41),((148)-66),((235)-28),((84)-52),((161)-70),((262)-51),((202)-82),((279)-47),((99)-15),((275)-87),((144)-34),((114)-69),((276)-27),((127)-26),((222)-17),((128)-97),((111)-40),((267)-50),((35)-31),((68)-28),((123)-66),((140)-82),((213)-95),((271)-46),((163)-86),((224)-43),((58)-51),((156)-44),((142)-36)},{((246)-22),((107)-48),((99)-49),((65)-50),((128)-70),((318)-69),((164)-62),((120)-40),((147)-24),((145)-57),((132)-43),((307)-97),((310)-84),((119)-41),((232)-50),((269)-74),((281)-54),((131)-79),((222)-27),((112)-65),((266)-24),((102)-37),((216)-31),((145)-82),((221)-70),((115)-37),((167)-82),((318)-90),((94)-14),((46)-27),((123)-25),((166)-13),((77)-49),((201)-82),((88)-42),((18)-17),((80)-23),((199)-37),((93)-31)},{((262)-75),((117)-47),((235)-96),((290)-95),((272)-64),((282)-35),((24)-11),((230)-75),((23)-16),((193)-82),((151)-30),((234)-66),((62)-42),((177)-53),((285)-79),((93)-81),((92)-63),((197)-17),((220)-40),((126)-68),((261)-60),((154)-78),((220)-88),((158)-23),((120)-76),((230)-74),((218)-87),((126)-17),((31)-31),((192)-40),((264)-38),((256)-79),((98)-69),((193)-60),((300)-88),((203)-38),((32)-29),((205)-59),((291)-37)},{((90)-57),((107)-23),((215)-92),((166)-64),((235)-94),((72)-40),((108)-33),((204)-55),((136)-27),((261)-87),((89)-45),((185)-50),((158)-40),((165)-69),((202)-24),((142)-47),((69)-22),((218)-80),((235)-71),((195)-49),((162)-41),((123)-24),((336)-90),((98)-52),((137)-35),((203)-36),((298)-49),((106)-83),((72)-13),((82)-23),((289)-43),((288)-48),((126)-86),((168)-85),((117)-43),((157)-18),((148)-95),((107)-92),((231)-95)},{((158)-31),((96)-79),((47)-13),((232)-81),((88)-46),((135)-57),((317)-92),((128)-64),((165)-36),((161)-66),((281)-66),((314)-95),((98)-18),((132)-25),((112)-88),((96)-84),((151)-14),((296)-85),((309)-91),((153)-48),((237)-24),((231)-79),((316)-88),((154)-22),((206)-19),((267)-24),((266)-22),((231)-19),((133)-60),((167)-64),((42)-38),((313)-88),((233)-76),((236)-62),((135)-66),((287)-49),((128)-39),((141)-74),((161)-15)},{((84)-21),((26)-11),((138)-32),((212)-80),((129)-15),((177)-85),((137)-67),((236)-22),((235)-30),((48)-43),((106)-36),((221)-69),((267)-20),((104)-74),((80)-50),((298)-58),((80)-14),((182)-87),((161)-88),((202)-47),((120)-48),((37)-13),((142)-27),((96)-23),((279)-29),((141)-82),((279)-94),((89)-69),((141)-70),((253)-74),((67)-40),((121)-12),((259)-48),((120)-40),((235)-16),((138)-42),((89)-15),((174)-83),((78)-70)},{((260)-44),((141)-93),((97)-23),((69)-13),((48)-14),((58)-46),((240)-81),((231)-16),((45)-30),((160)-83),((193)-34),((314)-60),((108)-71),((286)-58),((188)-29),((167)-40),((278)-34),((100)-85),((232)-57),((161)-21),((188)-51),((198)-44),((67)-18),((97)-57),((207)-21),((235)-35),((195)-69),((30)-13),((317)-70),((206)-68),((285)-52),((57)-15),((44)-36),((206)-55),((40)-24),((288)-42),((202)-13),((243)-11),((122)-15)},{((168)-32),((289)-45),((65)-54),((34)-28),((179)-76),((146)-39),((79)-77),((313)-64),((234)-43),((235)-79),((241)-16),((312)-73),((41)-32),((65)-26),((50)-16),((172)-29),((299)-53),((73)-44),((339)-89),((201)-11),((307)-52),((257)-11),((196)-62),((57)-54),((171)-29),((255)-41),((100)-86),((100)-76),((145)-82),((139)-54),((217)-90),((115)-75),((50)-45),((198)-11),((231)-57),((192)-35),((204)-82),((215)-24),((268)-60)},{((330)-96),((39)-31),((38)-35),((113)-97),((133)-19),((177)-59),((47)-35),((177)-31),((75)-42),((81)-12),((143)-14),((126)-29),((312)-97),((133)-18),((118)-12),((86)-15),((164)-50),((125)-76),((231)-73),((199)-63),((155)-25),((254)-71),((317)-91),((280)-63),((283)-66),((177)-43),((104)-51),((120)-50),((253)-33),((175)-80),((257)-19),((189)-76),((292)-58),((261)-11),((118)-16),((292)-86),((178)-55),((311)-73),((114)-77)},{((137)-70),((71)-65),((195)-68),((185)-28),((209)-61),((120)-20),((224)-58),((154)-52),((175)-79),((243)-91),((234)-39),((280)-94),((294)-43),((193)-25),((83)-21),((146)-90),((224)-25),((260)-18),((187)-41),((97)-15),((147)-35),((202)-86),((172)-81),((245)-29),((137)-96),((126)-23),((313)-89),((263)-23),((133)-41),((187)-56),((123)-75),((197)-34),((236)-18),((111)-54),((290)-38),((207)-90),((224)-77),((235)-97),((156)-66)},{((186)-30),((124)-32),((281)-69),((105)-15),((262)-81),((110)-67),((211)-35),((50)-22),((201)-72),((101)-55),((157)-97),((208)-28),((126)-68),((244)-95),((158)-82),((121)-90),((141)-57),((177)-92),((299)-68),((59)-41),((325)-80),((92)-86),((222)-65),((234)-74),((68)-33),((214)-36),((39)-29),((123)-96),((199)-22),((104)-49),((239)-41),((78)-48),((94)-63),((96)-48),((171)-37),((205)-80),((187)-33),((42)-36),((192)-82)},{((47)-20),((174)-91),((117)-72),((203)-89),((142)-11),((192)-35),((251)-64),((234)-52),((259)-64),((154)-16),((155)-20),((194)-29),((76)-62),((33)-25),((125)-61),((178)-71),((153)-55),((243)-80),((95)-18),((334)-82),((57)-57),((19)-15),((54)-33),((110)-65),((269)-81),((231)-65),((98)-31),((67)-64),((189)-53),((288)-44),((113)-21),((103)-94),((116)-51),((84)-54),((183)-87),((132)-19),((171)-32),((259)-90),((193)-29)},{((212)-35),((98)-43),((140)-20),((194)-47),((340)-88),((172)-30),((281)-96),((199)-62),((117)-50),((253)-17),((226)-77),((291)-54),((284)-46),((331)-76),((172)-22),((99)-23),((78)-60),((328)-89),((68)-16),((127)-58),((172)-80),((213)-91),((151)-34),((181)-51),((179)-41),((226)-75),((256)-62),((140)-55),((36)-28),((202)-51),((156)-79),((190)-44),((282)-57),((243)-24),((101)-82),((139)-77),((137)-87),((151)-36),((48)-16)},{((285)-78),((237)-26),((240)-25),((247)-15),((71)-71),((166)-26),((148)-30),((90)-68),((259)-45),((63)-59),((292)-67),((81)-43),((124)-69),((141)-63),((175)-67),((150)-47),((181)-65),((189)-65),((204)-67),((250)-70),((145)-74),((241)-56),((136)-64),((94)-31),((222)-90),((306)-95),((147)-46),((211)-67),((241)-61),((236)-52),((246)-48),((150)-57),((178)-94),((257)-27),((266)-19),((180)-72),((338)-83),((71)-33),((217)-35)},{((108)-87),((117)-31),((108)-56),((197)-25),((237)-61),((52)-15),((157)-90),((280)-43),((261)-36),((105)-11),((316)-83),((139)-94),((167)-14),((72)-71),((221)-47),((244)-59),((165)-76),((212)-68),((243)-43),((290)-89),((225)-56),((82)-52),((135)-75),((281)-64),((226)-44),((240)-61),((220)-89),((100)-74),((74)-57),((236)-21),((255)-75),((313)-67),((38)-31),((72)-39),((114)-51),((72)-14),((241)-74),((108)-94),((113)-60)},{((121)-38),((91)-68),((69)-46),((74)-60),((235)-77),((222)-70),((238)-69),((117)-22),((311)-69),((75)-53),((184)-15),((90)-82),((123)-50),((228)-37),((243)-84),((62)-42),((121)-71),((199)-57),((189)-82),((174)-57),((216)-95),((126)-42),((108)-46),((216)-53),((70)-38),((250)-82),((135)-68),((233)-88),((290)-37),((157)-56),((205)-22),((190)-12),((101)-14),((154)-53),((94)-50),((77)-55),((331)-88),((72)-68),((84)-76)},{((111)-34),((67)-12),((239)-78),((147)-18),((332)-86),((49)-29),((260)-80),((140)-60),((133)-43),((142)-48),((336)-91),((154)-73),((221)-88),((70)-33),((217)-21),((217)-95),((79)-57),((309)-88),((192)-14),((199)-25),((309)-66),((275)-93),((181)-73),((169)-44),((267)-50),((265)-19),((261)-24),((245)-46),((24)-12),((195)-95),((281)-30),((149)-59),((225)-83),((58)-12),((283)-78),((182)-54),((66)-38),((175)-13),((130)-11)},{((248)-78),((141)-45),((321)-82),((261)-79),((184)-79),((216)-94),((317)-91),((323)-92),((53)-49),((306)-55),((303)-87),((98)-69),((146)-97),((226)-26),((57)-18),((118)-27),((326)-75),((199)-45),((158)-78),((258)-22),((208)-29),((193)-60),((221)-63),((325)-76),((128)-14),((185)-67),((102)-45),((165)-78),((213)-83),((210)-30),((291)-82),((274)-74),((202)-37),((251)-17),((91)-25),((251)-34),((163)-43),((201)-15),((161)-36)},{((193)-77),((176)-43),((312)-87),((95)-19),((225)-32),((129)-19),((136)-51),((153)-80),((271)-73),((121)-40),((163)-23),((133)-67),((257)-35),((243)-78),((138)-19),((179)-61),((219)-32),((141)-15),((95)-43),((126)-57),((120)-63),((107)-82),((211)-72),((256)-87),((151)-78),((93)-55),((107)-59),((213)-14),((217)-63),((141)-61),((311)-88),((255)-92),((85)-61),((80)-39),((165)-20),((243)-93),((122)-56),((236)-53),((116)-16)},{((106)-31),((99)-36),((284)-96),((89)-18),((173)-43),((98)-42),((263)-51),((212)-57),((63)-19),((147)-52),((48)-27),((254)-90),((158)-51),((78)-45),((85)-35),((176)-22),((132)-80),((106)-86),((167)-30),((249)-82),((101)-30),((51)-15),((72)-26),((203)-71),((82)-24),((216)-67),((194)-54),((324)-76),((60)-25),((116)-72),((138)-56),((265)-92),((72)-37),((120)-81),((317)-83),((92)-19),((174)-58),((242)-73),((55)-35)},{((204)-67),((96)-45),((109)-80),((93)-76),((180)-38),((72)-47),((157)-73),((72)-62),((218)-52),((180)-71),((110)-47),((156)-68),((194)-15),((283)-48),((310)-71),((211)-33),((40)-23),((108)-48),((81)-75),((289)-59),((169)-78),((216)-95),((47)-22),((337)-91),((93)-93),((30)-26),((193)-41),((202)-47),((302)-78),((200)-89),((245)-33),((175)-68),((235)-56),((308)-76),((235)-15),((237)-52),((259)-44),((35)-24),((205)-69)},{((72)-53),((204)-48),((180)-50),((29)-11),((112)-16),((52)-39),((123)-71),((277)-26),((86)-48),((326)-93),((125)-57),((73)-39),((202)-42),((161)-45),((328)-78),((150)-61),((109)-94),((128)-70),((234)-59),((190)-24),((96)-33),((69)-28),((212)-58),((223)-92),((273)-41),((152)-16),((60)-59),((221)-12),((241)-70),((290)-89),((324)-71),((214)-57),((348)-97),((140)-63),((183)-49),((282)-97),((294)-43),((210)-72),((131)-28)},{((261)-50),((317)-89),((145)-69),((162)-81),((317)-90),((141)-30),((198)-83),((183)-86),((88)-26),((202)-56),((199)-36),((154)-97),((227)-36),((97)-22),((249)-43),((222)-22),((88)-88),((105)-62),((70)-36),((143)-44),((45)-29),((296)-65),((273)-48),((148)-36),((103)-13),((339)-89),((270)-84),((211)-31),((151)-84),((253)-39),((105)-63),((288)-69),((106)-74),((255)-28),((303)-85),((314)-79),((256)-33),((121)-82),((327)-96)},{((220)-63),((206)-35),((266)-49),((219)-37),((195)-12),((154)-68),((221)-40),((143)-26),((302)-51),((242)-39),((240)-72),((99)-44),((305)-93),((191)-89),((181)-36),((147)-34),((168)-38),((87)-62),((74)-58),((217)-55),((218)-39),((134)-29),((280)-28),((82)-50),((217)-38),((83)-65),((129)-46),((103)-54),((43)-26),((321)-74),((44)-23),((228)-89),((175)-32),((230)-70),((120)-16),((281)-34),((73)-31),((84)-73),((292)-38)},{((106)-52),((286)-44),((121)-62),((267)-22),((52)-33),((203)-67),((260)-50),((149)-82),((200)-65),((299)-85),((160)-80),((169)-38),((224)-24),((112)-25),((107)-55),((219)-59),((214)-37),((96)-74),((196)-47),((71)-27),((300)-62),((164)-48),((54)-51),((156)-52),((295)-40),((135)-67),((192)-97),((210)-63),((76)-60),((193)-38),((110)-74),((67)-57),((244)-87),((133)-92),((289)-75),((243)-55),((142)-11),((244)-70),((149)-36)},{((225)-21),((198)-25),((105)-65),((265)-13),((179)-49),((280)-55),((214)-63),((244)-50),((138)-83),((174)-63),((288)-86),((193)-16),((48)-14),((49)-38),((199)-87),((63)-47),((202)-65),((153)-64),((143)-89),((176)-95),((144)-11),((122)-85),((217)-86),((230)-17),((171)-92),((130)-65),((182)-48),((78)-60),((300)-61),((102)-11),((149)-41),((275)-63),((246)-29),((120)-13),((332)-82),((315)-64),((295)-62),((254)-56),((103)-12)},{((182)-74),((286)-93),((98)-27),((235)-21),((135)-49),((104)-24),((192)-56),((259)-80),((255)-85),((301)-66),((248)-96),((160)-46),((117)-12),((272)-24),((61)-26),((288)-93),((108)-42),((95)-35),((292)-89),((130)-36),((266)-88),((160)-61),((180)-12),((131)-24),((123)-25),((175)-60),((156)-53),((257)-82),((143)-29),((116)-14),((103)-52),((146)-49),((126)-64),((143)-80),((318)-96),((80)-19),((41)-41),((210)-79),((144)-61)},{((134)-86),((219)-28),((157)-65),((334)-96),((73)-48),((135)-74),((49)-39),((202)-41),((204)-52),((100)-58),((72)-13),((275)-34),((160)-28),((229)-58),((79)-20),((190)-36),((282)-63),((202)-17),((187)-34),((242)-50),((288)-66),((59)-37),((79)-56),((84)-44),((295)-55),((219)-92),((165)-74),((235)-53),((171)-46),((68)-17),((81)-50),((233)-38),((153)-28),((180)-25),((111)-30),((228)-73),((262)-59),((93)-78),((163)-66)},{((241)-25),((96)-85),((135)-55),((244)-21),((234)-46),((58)-18),((80)-23),((226)-65),((125)-96),((221)-41),((232)-49),((92)-31),((204)-65),((281)-41),((147)-12),((269)-62),((77)-76),((34)-17),((157)-58),((198)-73),((267)-46),((278)-36),((117)-70),((200)-28),((149)-97),((100)-53),((50)-13),((47)-45),((273)-50),((106)-96),((282)-72),((200)-69),((77)-71),((166)-65),((60)-33),((110)-40),((270)-83),((291)-48),((218)-75)},{((135)-14),((296)-65),((224)-81),((334)-90),((186)-38),((28)-15),((276)-55),((236)-50),((312)-96),((71)-59),((251)-82),((76)-69),((116)-27),((304)-93),((305)-56),((183)-21),((183)-43),((294)-72),((123)-69),((148)-64),((142)-53),((267)-32),((181)-59),((196)-70),((158)-50),((127)-54),((286)-67),((310)-74),((184)-54),((105)-97),((217)-66),((47)-21),((236)-25),((67)-56),((124)-73),((75)-33),((142)-35),((68)-44),((283)-41)},{((314)-78),((155)-32),((225)-59),((108)-41),((19)-16),((293)-40),((178)-38),((302)-80),((123)-70),((304)-74),((77)-34),((276)-41),((259)-33),((258)-15),((273)-42),((61)-14),((296)-54),((260)-27),((304)-57),((123)-86),((320)-65),((89)-89),((106)-12),((259)-70),((139)-11),((89)-83),((250)-36),((265)-86),((92)-29),((280)-60),((167)-57),((222)-69),((205)-16),((255)-49),((169)-68),((156)-64),((320)-85),((261)-74),((139)-26)},{((73)-69),((63)-20),((255)-65),((104)-75),((121)-27),((125)-68),((120)-95),((155)-91),((122)-28),((253)-38),((239)-20),((279)-43),((257)-77),((267)-12),((133)-83),((47)-28),((29)-23),((115)-53),((337)-84),((130)-60),((75)-75),((121)-94),((227)-18),((64)-37),((185)-45),((305)-97),((102)-68),((182)-91),((149)-20),((116)-74),((99)-82),((217)-53),((290)-35),((69)-40),((180)-24),((140)-89),((108)-54),((234)-46),((156)-84)},{((184)-11),((98)-30),((187)-47),((280)-88),((107)-80),((348)-96),((214)-49),((229)-58),((221)-76),((190)-29),((336)-93),((84)-71),((189)-80),((215)-85),((212)-21),((84)-27),((272)-76),((221)-30),((231)-50),((230)-84),((125)-14),((235)-81),((150)-52),((41)-25),((163)-13),((324)-79),((208)-37),((281)-67),((152)-77),((204)-73),((69)-38),((78)-72),((154)-35),((106)-75),((202)-70),((77)-41),((248)-91),((121)-12),((159)-85)},{((125)-24),((204)-51),((109)-52),((169)-18),((292)-59),((136)-37),((153)-16),((72)-22),((291)-72),((169)-62),((234)-36),((303)-75),((264)-31),((194)-71),((86)-76),((57)-43),((277)-25),((236)-22),((152)-45),((220)-96),((83)-65),((167)-15),((101)-62),((142)-37),((170)-71),((238)-86),((231)-36),((200)-14),((324)-73),((181)-13),((207)-77),((201)-77),((65)-54),((107)-56),((304)-93),((171)-24),((221)-80),((71)-43),((196)-86)},{((239)-42),((195)-77),((208)-24),((137)-14),((210)-96),((165)-34),((138)-19),((228)-37),((141)-11),((170)-49),((185)-53),((274)-96),((215)-72),((174)-30),((330)-92),((156)-79),((54)-38),((241)-91),((164)-62),((151)-87),((301)-94),((148)-40),((302)-48),((70)-29),((169)-92),((161)-67),((284)-39),((311)-78),((142)-19),((107)-32),((93)-92),((177)-29),((261)-74),((98)-20),((227)-54),((266)-31),((291)-90),((207)-38),((284)-76)},{((283)-45),((179)-76),((122)-15),((147)-23),((55)-55),((206)-63),((194)-87),((242)-44),((192)-51),((121)-54),((120)-70),((297)-83),((171)-30),((229)-58),((132)-35),((207)-36),((57)-29),((107)-11),((199)-21),((293)-58),((98)-84),((238)-55),((244)-83),((148)-96),((161)-18),((253)-80),((129)-85),((144)-96),((266)-55),((202)-64),((130)-79),((200)-32),((303)-66),((167)-68),((205)-46),((137)-95),((241)-40),((54)-17),((273)-41)},{((164)-54),((104)-42),((105)-78),((194)-24),((89)-18),((134)-95),((204)-51),((276)-93),((113)-26),((110)-58),((329)-76),((191)-31),((171)-81),((72)-69),((173)-56),((203)-17),((131)-83),((194)-21),((73)-17),((120)-70),((275)-82),((125)-41),((191)-23),((172)-83),((156)-63),((99)-67),((63)-40),((84)-44),((93)-65),((285)-33),((184)-74),((162)-22),((105)-61),((37)-28),((46)-27),((231)-49),((134)-22),((43)-18),((233)-91)},{((204)-61),((56)-51),((157)-27),((101)-88),((241)-91),((168)-31),((176)-74),((213)-55),((138)-66),((120)-86),((80)-78),((171)-52),((227)-78),((115)-62),((106)-88),((287)-68),((302)-82),((157)-42),((186)-55),((158)-71),((132)-80),((114)-32),((85)-67),((243)-65),((172)-80),((58)-40),((298)-46),((87)-52),((216)-21),((118)-49),((141)-30),((68)-27),((288)-42),((266)-55),((286)-92),((60)-35),((156)-49),((284)-31),((111)-97)},{((142)-59),((171)-87),((113)-12),((226)-16),((132)-88),((122)-74),((292)-49),((282)-48),((283)-32),((302)-63),((181)-76),((317)-73),((322)-84),((90)-26),((232)-46),((298)-61),((63)-13),((277)-84),((238)-83),((100)-93),((271)-56),((133)-70),((255)-35),((228)-40),((135)-86),((140)-61),((299)-63),((232)-31),((247)-36),((187)-81),((141)-19),((147)-95),((312)-91),((168)-86),((229)-81),((216)-15),((165)-60),((249)-62),((238)-47)},{((309)-92),((201)-80),((308)-57),((201)-11),((123)-20),((126)-45),((287)-59),((76)-13),((286)-97),((93)-73),((155)-53),((227)-47),((247)-50),((101)-91),((98)-84),((70)-39),((211)-71),((313)-83),((87)-44),((303)-68),((300)-74),((260)-17),((290)-59),((187)-87),((328)-89),((217)-49),((328)-78),((164)-48),((189)-38),((119)-55),((64)-22),((231)-42),((41)-17),((66)-12),((281)-70),((239)-60),((50)-13),((138)-71),((267)-40)},{((216)-24),((212)-75),((209)-68),((78)-43),((259)-90),((113)-60),((186)-32),((212)-34),((46)-42),((65)-35),((263)-63),((260)-66),((262)-12),((88)-54),((45)-20),((139)-49),((273)-75),((148)-31),((154)-20),((79)-51),((258)-96),((63)-17),((217)-40),((254)-69),((148)-37),((173)-32),((214)-21),((150)-88),((217)-16),((101)-22),((95)-42),((171)-36),((102)-80),((251)-56),((320)-86),((198)-21),((270)-50),((251)-92),((284)-37)},{((230)-14),((136)-50),((179)-71),((91)-32),((160)-19),((239)-42),((309)-69),((240)-38),((72)-39),((247)-84),((116)-49),((126)-50),((165)-21),((294)-68),((283)-31),((235)-72),((210)-53),((118)-74),((120)-33),((310)-63),((249)-66),((312)-57),((225)-57),((278)-74),((127)-19),((85)-25),((204)-23),((188)-29),((217)-70),((79)-42),((163)-83),((128)-15),((168)-38),((71)-46),((81)-40),((205)-82),((134)-20),((242)-85),((264)-77)},{((208)-33),((82)-32),((111)-40),((181)-49),((192)-14),((163)-20),((230)-86),((297)-81),((191)-49),((58)-32),((19)-15),((32)-24),((214)-37),((44)-14),((133)-82),((183)-71),((299)-67),((154)-47),((245)-47),((149)-24),((61)-55),((263)-88),((293)-79),((152)-34),((92)-22),((258)-70),((231)-65),((126)-37),((321)-72),((173)-20),((180)-79),((43)-38),((136)-37),((233)-55),((249)-45),((289)-67),((267)-29),((177)-61),((233)-22)},{((148)-11),((239)-59),((50)-19),((80)-32),((210)-11),((289)-87),((164)-32),((267)-96),((76)-35),((211)-93),((230)-46),((163)-40),((206)-92),((180)-49),((191)-72),((101)-78),((68)-12),((105)-82),((52)-12),((260)-33),((309)-70),((187)-22),((235)-53),((121)-52),((119)-28),((229)-13),((161)-62),((310)-81),((248)-41),((245)-60),((153)-59),((229)-45),((111)-66),((97)-35),((120)-75),((99)-78),((37)-12),((107)-65),((295)-63)},{((232)-84),((270)-66),((310)-93),((179)-19),((62)-43),((87)-47),((112)-11),((217)-70),((132)-85),((143)-95),((26)-23),((129)-31),((173)-39),((226)-49),((274)-27),((31)-19),((169)-96),((288)-95),((85)-14),((184)-22),((133)-47),((314)-91),((116)-45),((137)-27),((106)-92),((250)-28),((167)-80),((109)-44),((80)-27),((233)-58),((95)-37),((140)-87),((180)-72),((95)-22),((62)-24),((110)-29),((91)-66),((138)-52),((166)-24)},{((175)-20),((236)-42),((288)-41),((304)-53),((57)-45),((246)-44),((118)-80),((107)-91),((116)-61),((218)-38),((127)-64),((228)-32),((302)-85),((260)-69),((220)-58),((176)-93),((182)-43),((217)-65),((217)-26),((311)-67),((304)-56),((67)-58),((254)-58),((50)-42),((268)-91),((155)-13),((181)-48),((88)-64),((304)-49),((174)-50),((30)-26),((150)-74),((156)-24),((201)-56),((252)-68),((273)-36),((276)-35),((30)-28),((204)-15)},{((206)-40),((141)-45),((29)-20),((106)-45),((211)-81),((336)-88),((141)-24),((70)-70),((127)-84),((29)-21),((315)-86),((109)-93),((254)-38),((99)-88),((121)-93),((149)-52),((134)-36),((129)-14),((244)-85),((319)-83),((111)-62),((122)-56),((224)-62),((266)-60),((221)-14),((320)-96),((221)-63),((225)-11),((42)-32),((148)-13),((88)-70),((267)-25),((178)-26),((156)-74),((179)-32),((99)-17),((184)-81),((217)-93),((233)-70)},{((179)-42),((66)-37),((138)-18),((187)-76),((104)-63),((85)-79),((217)-24),((313)-89),((291)-63),((217)-40),((150)-39),((263)-96),((233)-14),((64)-55),((324)-94),((294)-63),((274)-61),((227)-23),((256)-90),((214)-18),((273)-25),((161)-49),((278)-32),((163)-82),((224)-25),((135)-55),((286)-40),((126)-97),((225)-36),((179)-38),((55)-49),((264)-24),((263)-35),((164)-67),((271)-38),((168)-54),((148)-60),((283)-48),((79)-22)},{((318)-88),((24)-11),((293)-81),((312)-60),((214)-23),((100)-74),((273)-22),((159)-38),((159)-82),((298)-87),((135)-85),((246)-17),((32)-16),((151)-18),((140)-16),((121)-97),((95)-93),((141)-26),((221)-75),((177)-30),((236)-72),((136)-38),((273)-93),((211)-15),((71)-49),((109)-61),((163)-19),((204)-39),((305)-82),((283)-79),((231)-62),((192)-22),((319)-77),((236)-68),((116)-61),((123)-90),((102)-68),((33)-21),((196)-75)},{((177)-35),((231)-28),((80)-13),((294)-93),((54)-18),((163)-12),((109)-77),((220)-19),((256)-16),((201)-57),((151)-55),((289)-72),((245)-50),((213)-33),((109)-60),((213)-25),((220)-37),((333)-95),((268)-65),((164)-61),((235)-89),((169)-82),((47)-39),((227)-85),((276)-39),((181)-18),((286)-80),((99)-32),((214)-91),((117)-97),((335)-81),((146)-35),((205)-63),((238)-92),((155)-57),((117)-85),((293)-40),((181)-63),((190)-58)},{((174)-29),((76)-27),((146)-41),((199)-42),((105)-44),((268)-34),((193)-72),((174)-39),((211)-37),((172)-94),((84)-15),((296)-71),((272)-40),((82)-80),((217)-94),((133)-73),((157)-41),((152)-33),((117)-46),((141)-35),((143)-68),((169)-11),((50)-23),((216)-53),((76)-36),((287)-35),((131)-96),((55)-46),((146)-71),((123)-44),((182)-86),((100)-73),((294)-46),((213)-48),((286)-91),((190)-47),((129)-82),((178)-75),((192)-37)},{((281)-34),((259)-44),((113)-14),((47)-44),((151)-92),((293)-78),((268)-46),((269)-21),((159)-46),((78)-28),((187)-81),((135)-26),((120)-59),((122)-26),((133)-68),((111)-28),((228)-20),((151)-63),((166)-84),((181)-82),((102)-77),((187)-15),((86)-53),((251)-84),((216)-97),((260)-31),((119)-41),((155)-73),((154)-55),((69)-33),((93)-21),((283)-51),((159)-53),((117)-46),((141)-53),((221)-64),((245)-84),((198)-20),((98)-67)},{((213)-40),((282)-53),((336)-97),((106)-84),((175)-31),((242)-16),((255)-65),((94)-78),((161)-15),((79)-29),((154)-80),((215)-16),((170)-88),((160)-84),((236)-78),((281)-97),((126)-28),((113)-47),((199)-19),((256)-46),((79)-30),((79)-65),((59)-48),((104)-76),((211)-32),((236)-37),((168)-56),((169)-21),((112)-60),((98)-94),((193)-68),((178)-75),((167)-76),((317)-66),((302)-83),((118)-83),((210)-15),((62)-55),((241)-65)},{((228)-87),((158)-26),((70)-47),((246)-79),((108)-54),((102)-31),((226)-86),((219)-75),((245)-84),((66)-52),((130)-26),((198)-90),((86)-42),((84)-49),((95)-43),((133)-93),((117)-83),((143)-92),((264)-31),((139)-15),((182)-22),((136)-85),((236)-90),((253)-42),((120)-47),((83)-42),((144)-51),((139)-16),((91)-67),((335)-90),((349)-94),((21)-18),((100)-47),((140)-96),((292)-83),((292)-61),((190)-69),((88)-44),((226)-39)},{((50)-11),((136)-80),((214)-54),((240)-50),((265)-32),((226)-36),((334)-87),((122)-32),((164)-18),((194)-35),((236)-38),((295)-75),((31)-12),((157)-30),((79)-42),((89)-69),((335)-89),((151)-36),((323)-69),((118)-48),((335)-83),((168)-29),((287)-43),((34)-29),((254)-80),((273)-69),((309)-62),((268)-64),((35)-27),((203)-96),((245)-85),((136)-28),((199)-52),((249)-80),((146)-52),((68)-18),((190)-62),((230)-15),((100)-80)},{((184)-95),((66)-38),((90)-71),((71)-35),((269)-19),((237)-80),((152)-39),((108)-95),((55)-15),((323)-91),((149)-48),((294)-54),((117)-13),((163)-42),((106)-94),((32)-16),((91)-13),((139)-92),((237)-25),((99)-18),((204)-67),((184)-34),((185)-61),((184)-38),((133)-65),((116)-92),((184)-82),((267)-78),((338)-85),((120)-54),((89)-84),((341)-89),((99)-89),((293)-69),((191)-72),((163)-41),((161)-87),((85)-68),((123)-89)},{((277)-87),((206)-66),((186)-25),((246)-24),((155)-29),((253)-45),((295)-96),((320)-82),((184)-42),((257)-62),((297)-59),((333)-82),((130)-40),((232)-60),((291)-37),((252)-85),((289)-83),((180)-70),((31)-20),((250)-44),((294)-75),((200)-77),((75)-74),((78)-73),((314)-79),((158)-19),((70)-60),((118)-48),((244)-84),((120)-60),((26)-23),((301)-51),((134)-58),((194)-96),((266)-62),((138)-53),((165)-80),((48)-41),((276)-56)},{((181)-84),((160)-20),((109)-65),((208)-40),((103)-58),((280)-49),((228)-45),((159)-11),((111)-76),((228)-36),((245)-46),((80)-71),((227)-26),((103)-86),((271)-72),((69)-35),((157)-89),((204)-48),((254)-13),((236)-72),((65)-23),((256)-87),((121)-75),((313)-94),((86)-80),((291)-51),((231)-42),((105)-87),((215)-18),((117)-42),((285)-83),((139)-60),((282)-95),((105)-39),((249)-70),((194)-37),((124)-66),((96)-74),((246)-38)},{((271)-24),((166)-49),((265)-71),((99)-92),((246)-44),((266)-76),((268)-61),((68)-25),((288)-86),((21)-19),((69)-54),((307)-93),((195)-45),((94)-78),((171)-16),((41)-35),((265)-47),((93)-53),((212)-85),((230)-39),((25)-21),((230)-34),((276)-89),((234)-95),((157)-30),((120)-25),((256)-44),((302)-60),((223)-77),((172)-64),((149)-31),((152)-44),((262)-46),((40)-37),((144)-50),((233)-14),((162)-82),((286)-92),((283)-72)},{((183)-85),((213)-93),((293)-48),((144)-16),((29)-24),((293)-54),((298)-81),((163)-40),((239)-26),((198)-59),((240)-84),((172)-33),((141)-54),((295)-66),((88)-20),((188)-15),((79)-45),((48)-27),((204)-71),((223)-21),((221)-80),((216)-84),((202)-53),((115)-11),((343)-88),((243)-33),((25)-15),((54)-31),((246)-89),((33)-14),((54)-14),((127)-29),((82)-80),((150)-40),((151)-76),((175)-61),((47)-29),((245)-93),((135)-44)},{((176)-49),((102)-71),((167)-54),((242)-47),((68)-25),((118)-36),((317)-75),((225)-66),((106)-50),((132)-37),((269)-14),((150)-17),((180)-43),((126)-15),((68)-53),((218)-73),((26)-12),((120)-19),((31)-30),((216)-81),((174)-48),((223)-15),((293)-63),((131)-48),((285)-65),((305)-88),((159)-20),((186)-90),((247)-18),((232)-73),((179)-68),((109)-33),((76)-17),((134)-56),((109)-53),((303)-87),((222)-42),((161)-51),((169)-20)},{((81)-62),((161)-65),((207)-45),((118)-17),((126)-34),((183)-74),((287)-86),((243)-74),((245)-20),((187)-14),((192)-79),((119)-70),((190)-16),((148)-91),((251)-61),((89)-60),((203)-66),((339)-85),((323)-85),((148)-54),((245)-82),((143)-41),((158)-65),((142)-32),((121)-88),((66)-65),((166)-48),((177)-32),((70)-21),((94)-80),((119)-95),((125)-97),((234)-55),((208)-13),((277)-52),((242)-55),((236)-84),((213)-44),((95)-12)},{((264)-86),((283)-72),((56)-56),((245)-55),((131)-28),((102)-73),((199)-27),((210)-60),((224)-70),((198)-66),((312)-71),((95)-89),((154)-90),((263)-74),((41)-34),((35)-33),((81)-24),((89)-67),((310)-67),((64)-34),((277)-50),((187)-26),((276)-85),((158)-41),((118)-97),((137)-68),((71)-62),((119)-93),((250)-37),((124)-42),((140)-41),((258)-55),((63)-34),((89)-26),((284)-43),((257)-86),((154)-31),((113)-28),((246)-18)},{((107)-74),((220)-62),((58)-17),((254)-80),((279)-75),((88)-23),((271)-49),((32)-18),((242)-32),((317)-90),((190)-29),((299)-69),((47)-34),((233)-95),((113)-95),((231)-76),((217)-88),((100)-80),((212)-49),((156)-76),((111)-57),((274)-21),((125)-88),((273)-41),((132)-65),((81)-45),((226)-64),((161)-43),((313)-61),((126)-35),((65)-51),((127)-70),((259)-85),((308)-78),((138)-73),((128)-85),((180)-24),((211)-24),((213)-12)},{((159)-24),((118)-18),((284)-63),((275)-63),((264)-13),((187)-32),((288)-77),((45)-38),((194)-30),((268)-22),((259)-87),((267)-56),((175)-60),((226)-55),((98)-27),((125)-47),((126)-25),((310)-88),((228)-66),((261)-43),((242)-21),((252)-79),((260)-52),((239)-62),((66)-65),((124)-63),((232)-32),((105)-28),((113)-15),((181)-44),((171)-60),((264)-87),((255)-64),((139)-14),((129)-39),((251)-66),((265)-28),((198)-57),((101)-95)},{((253)-78),((156)-19),((216)-27),((106)-13),((194)-45),((219)-18),((144)-39),((289)-63),((192)-53),((190)-24),((122)-56),((132)-59),((115)-16),((317)-97),((180)-20),((235)-84),((210)-56),((189)-86),((158)-20),((189)-82),((202)-12),((135)-76),((292)-94),((232)-40),((290)-81),((173)-38),((76)-53),((230)-90),((73)-55),((282)-56),((40)-22),((204)-81),((195)-55),((124)-50),((56)-20),((227)-31),((152)-43),((165)-26),((251)-60)},{((114)-19),((304)-88),((187)-58),((230)-74),((95)-39),((91)-28),((93)-69),((236)-91),((121)-36),((165)-24),((226)-17),((219)-48),((320)-80),((99)-76),((114)-61),((207)-89),((264)-76),((115)-58),((259)-63),((98)-89),((281)-90),((111)-46),((198)-51),((43)-39),((222)-28),((174)-15),((83)-11),((56)-48),((246)-91),((122)-36),((156)-26),((183)-36),((171)-87),((267)-82),((144)-55),((256)-37),((139)-46),((20)-14),((244)-17)},{((247)-29),((273)-68),((62)-40),((125)-73),((299)-65),((164)-29),((199)-16),((254)-62),((59)-41),((98)-51),((211)-82),((260)-66),((191)-93),((123)-31),((332)-89),((42)-39),((145)-60),((182)-41),((226)-42),((303)-89),((237)-32),((135)-58),((111)-13),((208)-49),((151)-88),((222)-25),((89)-18),((133)-23),((67)-53),((269)-25),((57)-39),((282)-43),((293)-89),((311)-90),((325)-86),((288)-33),((149)-16),((262)-37),((210)-59)},{((244)-50),((220)-94),((275)-63),((95)-44),((127)-24),((72)-65),((240)-61),((227)-34),((166)-34),((152)-42),((108)-59),((69)-15),((147)-72),((222)-86),((99)-59),((138)-19),((202)-66),((113)-29),((295)-51),((93)-23),((149)-62),((139)-39),((50)-46),((116)-59),((152)-65),((143)-30),((56)-39),((159)-60),((173)-70),((174)-45),((52)-19),((215)-30),((174)-59),((226)-72),((58)-34),((157)-56),((211)-41),((128)-19),((166)-66)},{((181)-67),((293)-87),((256)-21),((170)-83),((269)-78),((256)-96),((62)-54),((158)-97),((220)-37),((116)-50),((272)-73),((297)-68),((250)-56),((187)-28),((207)-31),((182)-92),((132)-74),((218)-46),((266)-64),((143)-37),((112)-41),((138)-57),((94)-74),((208)-37),((258)-71),((39)-29),((106)-40),((172)-63),((156)-17),((159)-29),((69)-64),((61)-35),((109)-22),((332)-88),((119)-49),((140)-79),((124)-24),((264)-69),((215)-56)},{((171)-82),((209)-81),((321)-70),((125)-53),((179)-38),((112)-32),((163)-92),((121)-33),((209)-29),((263)-67),((136)-65),((196)-30),((123)-96),((154)-84),((55)-53),((226)-73),((126)-70),((181)-56),((116)-55),((121)-69),((107)-38),((125)-68),((287)-70),((322)-72),((73)-34),((314)-85),((45)-16),((65)-52),((231)-93),((36)-15),((323)-78),((213)-55),((236)-83),((306)-88),((250)-97),((234)-63),((242)-50),((243)-12),((219)-14)},{((137)-37),((234)-43),((256)-74),((106)-59),((51)-42),((280)-84),((285)-58),((324)-80),((233)-55),((167)-25),((145)-73),((207)-96),((173)-35),((283)-62),((336)-94),((104)-57),((245)-73),((142)-87),((290)-49),((127)-87),((71)-69),((286)-63),((79)-69),((249)-39),((169)-38),((83)-74),((136)-32),((71)-41),((164)-94),((212)-25),((266)-23),((182)-39),((114)-58),((185)-16),((220)-20),((291)-74),((231)-83),((144)-31),((316)-82)},{((339)-88),((273)-44),((65)-53),((266)-94),((271)-43),((78)-54),((252)-71),((299)-62),((101)-90),((229)-23),((304)-72),((203)-67),((260)-68),((159)-67),((150)-54),((144)-22),((265)-22),((245)-62),((256)-17),((316)-74),((247)-53),((278)-49),((212)-17),((291)-78),((102)-20),((292)-71),((123)-25),((183)-64),((243)-85),((173)-41),((214)-19),((287)-75),((177)-31),((208)-97),((249)-43),((52)-50),((189)-27),((115)-88),((139)-11)},{((192)-34),((285)-75),((130)-16),((192)-22),((286)-64),((198)-72),((295)-48),((192)-35),((225)-38),((112)-25),((188)-94),((135)-15),((276)-35),((212)-31),((199)-27),((210)-35),((167)-43),((238)-79),((208)-80),((233)-22),((171)-91),((235)-16),((241)-28),((313)-83),((213)-60),((131)-87),((216)-55),((119)-80),((199)-17),((81)-42),((198)-54),((191)-30),((178)-86),((152)-95),((268)-51),((186)-56),((184)-24),((275)-63),((189)-73)},{((279)-42),((188)-41),((256)-79),((130)-53),((71)-52),((141)-96),((179)-13),((187)-81),((212)-50),((307)-80),((273)-81),((22)-17),((95)-51),((104)-30),((190)-51),((297)-88),((166)-88),((231)-17),((110)-80),((163)-16),((139)-53),((225)-57),((102)-77),((246)-31),((255)-75),((112)-19),((117)-88),((222)-46),((186)-79),((221)-70),((246)-78),((201)-96),((283)-77),((160)-50),((268)-96),((115)-92),((173)-42),((309)-74),((276)-72)},{((201)-53),((212)-16),((96)-74),((106)-58),((173)-43),((85)-81),((206)-42),((211)-20),((91)-31),((203)-69),((266)-12),((247)-66),((315)-95),((140)-50),((187)-20),((251)-15),((214)-39),((192)-26),((273)-90),((201)-33),((221)-85),((341)-88),((39)-12),((284)-97),((102)-15),((172)-75),((166)-65),((323)-74),((142)-29),((138)-73),((28)-24),((221)-73),((148)-96),((135)-50),((58)-37),((172)-56),((199)-69),((223)-54),((126)-53)},{((128)-64),((307)-87),((273)-46),((321)-68),((148)-30),((116)-61),((149)-39),((141)-79),((176)-79),((121)-55),((246)-97),((115)-97),((212)-55),((278)-65),((284)-41),((77)-51),((270)-49),((201)-15),((296)-45),((190)-31),((305)-55),((162)-50),((191)-23),((201)-68),((94)-17),((60)-19),((218)-76),((101)-55),((270)-94),((206)-78),((278)-59),((139)-55),((161)-21),((178)-73),((99)-50),((170)-39),((98)-63),((205)-64),((260)-37)},{((285)-33),((151)-73),((244)-36),((207)-95),((129)-20),((214)-19),((126)-28),((237)-73),((133)-30),((137)-43),((173)-62),((169)-70),((16)-13),((69)-33),((112)-31),((90)-78),((177)-35),((178)-32),((201)-77),((301)-52),((152)-85),((236)-97),((269)-74),((299)-94),((298)-54),((111)-70),((83)-25),((309)-61),((287)-62),((232)-77),((134)-66),((228)-46),((283)-32),((185)-72),((312)-74),((70)-14),((157)-55),((93)-26),((70)-38)},{((167)-95),((106)-90),((88)-21),((164)-80),((178)-25),((194)-37),((209)-35),((72)-45),((175)-74),((214)-44),((155)-33),((262)-44),((55)-49),((66)-43),((244)-31),((74)-61),((73)-11),((214)-27),((149)-79),((117)-79),((302)-95),((245)-43),((22)-11),((288)-86),((238)-15),((194)-18),((226)-11),((281)-92),((148)-64),((220)-45),((232)-66),((141)-45),((140)-79),((273)-28),((36)-16),((84)-47),((248)-21),((139)-60),((95)-90)},{((127)-92),((43)-21),((166)-22),((93)-66),((180)-16),((211)-73),((104)-75),((264)-92),((144)-55),((169)-41),((88)-20),((205)-94),((102)-52),((191)-50),((186)-76),((323)-87),((197)-70),((46)-41),((133)-36),((113)-90),((141)-75),((256)-73),((284)-45),((195)-56),((137)-20),((322)-92),((76)-74),((78)-59),((235)-26),((219)-45),((101)-88),((21)-21),((191)-31),((292)-76),((65)-53),((198)-29),((297)-72),((144)-19),((251)-40)},{((77)-53),((255)-84),((39)-25),((76)-32),((172)-88),((254)-66),((223)-56),((266)-30),((49)-14),((21)-21),((268)-47),((60)-52),((291)-86),((81)-71),((205)-70),((38)-20),((87)-74),((124)-56),((61)-28),((288)-34),((68)-30),((264)-91),((186)-92),((291)-63),((143)-76),((273)-24),((124)-88),((202)-49),((294)-88),((158)-52),((117)-33),((269)-72),((240)-12),((256)-11),((237)-58),((164)-20),((255)-84),((238)-15),((155)-28)},{((245)-49),((326)-91),((231)-92),((250)-55),((287)-40),((241)-90),((288)-71),((138)-34),((177)-66),((175)-38),((50)-48),((274)-76),((207)-18),((280)-88),((223)-82),((239)-63),((228)-83),((263)-35),((108)-11),((249)-13),((187)-74),((154)-20),((236)-66),((177)-33),((239)-29),((284)-57),((132)-33),((263)-63),((148)-44),((297)-63),((259)-60),((240)-24),((105)-76),((109)-76),((77)-27),((198)-39),((79)-34),((115)-14),((190)-79)},{((235)-85),((78)-62),((45)-12),((116)-54),((171)-27),((109)-91),((261)-83),((255)-53),((152)-81),((297)-87),((240)-49),((181)-38),((160)-78),((289)-63),((212)-18),((110)-55),((140)-58),((192)-15),((166)-24),((205)-53),((214)-58),((92)-41),((261)-12),((60)-41),((53)-16),((249)-56),((95)-67),((76)-18),((239)-24),((210)-91),((209)-57),((214)-17),((111)-48),((93)-53),((281)-55),((174)-35),((19)-19),((123)-54),((252)-65)},{((68)-12),((279)-87),((131)-62),((199)-35),((61)-23),((183)-50),((25)-14),((130)-54),((109)-20),((193)-80),((226)-96),((76)-12),((188)-68),((171)-34),((247)-71),((129)-84),((241)-57),((132)-83),((134)-72),((120)-67),((207)-20),((313)-91),((174)-48),((120)-19),((143)-25),((121)-69),((174)-69),((224)-67),((82)-56),((214)-49),((161)-28),((91)-45),((98)-57),((177)-71),((108)-70),((80)-21),((154)-74),((87)-33),((57)-29)},{((241)-62),((54)-40),((16)-11),((207)-19),((238)-85),((109)-25),((177)-62),((223)-91),((130)-64),((180)-45),((198)-24),((82)-42),((215)-36),((278)-27),((289)-64),((212)-96),((71)-68),((216)-40),((231)-16),((220)-65),((237)-39),((160)-23),((264)-36),((269)-72),((115)-48),((49)-26),((197)-40),((205)-21),((141)-31),((230)-77),((34)-20),((96)-26),((284)-58),((293)-89),((92)-31),((169)-80),((164)-58),((65)-25),((74)-69)},{((146)-46),((169)-17),((146)-90),((119)-59),((116)-17),((87)-87),((113)-57),((137)-29),((39)-27),((173)-92),((256)-32),((305)-74),((61)-60),((181)-62),((149)-90),((174)-59),((180)-62),((101)-31),((123)-83),((58)-49),((147)-55),((282)-68),((174)-77),((260)-30),((348)-97),((107)-73),((105)-97),((155)-81),((139)-48),((81)-56),((150)-24),((107)-77),((193)-33),((256)-54),((90)-36),((208)-50),((150)-23),((108)-40),((182)-66)},{((221)-23),((289)-62),((133)-80),((252)-69),((173)-86),((147)-33),((287)-51),((194)-75),((184)-45),((234)-91),((120)-38),((106)-33),((149)-59),((169)-91),((124)-78),((206)-46),((275)-85),((155)-61),((86)-27),((110)-41),((160)-87),((320)-96),((132)-31),((162)-47),((308)-71),((249)-65),((186)-72),((110)-44),((95)-64),((222)-48),((171)-96),((262)-30),((36)-27),((66)-12),((279)-35),((210)-88),((145)-49),((256)-35),((133)-94)},{((224)-64),((195)-22),((239)-75),((108)-66),((136)-59),((67)-21),((63)-42),((85)-47),((279)-54),((239)-50),((243)-37),((201)-52),((219)-53),((139)-73),((282)-72),((242)-11),((59)-26),((175)-17),((54)-13),((111)-75),((151)-60),((106)-50),((93)-72),((97)-33),((85)-77),((263)-68),((253)-28),((238)-87),((131)-76),((113)-75),((315)-81),((265)-14),((197)-12),((212)-96),((197)-64),((279)-42),((127)-64),((192)-95),((88)-69)},{((271)-66),((237)-80),((150)-31),((38)-32),((48)-46),((148)-21),((88)-78),((187)-44),((243)-70),((113)-14),((21)-21),((77)-29),((327)-83),((68)-63),((252)-57),((46)-38),((93)-46),((210)-38),((108)-56),((195)-71),((115)-17),((307)-62),((227)-95),((94)-45),((137)-49),((87)-56),((160)-89),((50)-40),((122)-21),((84)-14),((274)-78),((170)-18),((116)-86),((217)-92),((264)-22),((106)-80),((227)-84),((267)-68),((186)-87)},{((152)-75),((239)-49),((232)-11),((295)-57),((186)-17),((211)-77),((301)-46),((311)-65),((60)-31),((246)-57),((257)-77),((276)-44),((203)-70),((249)-34),((303)-97),((279)-34),((214)-65),((253)-48),((142)-37),((155)-43),((210)-75),((85)-85),((260)-64),((344)-92),((205)-15),((221)-79),((229)-52),((197)-51),((312)-86),((144)-49),((330)-96),((183)-72),((175)-43),((221)-50),((205)-60),((233)-22),((262)-37),((243)-84),((171)-47)},{((250)-96),((292)-86),((172)-62),((285)-54),((211)-67),((212)-38),((239)-16),((217)-90),((257)-74),((328)-93),((167)-28),((92)-88),((186)-13),((214)-11),((184)-84),((106)-64),((98)-30),((220)-31),((222)-93),((217)-32),((263)-75),((156)-16),((205)-33),((236)-95),((321)-97),((122)-29),((298)-66),((293)-67),((301)-58),((263)-94),((321)-73),((129)-20),((329)-86),((226)-31),((119)-67),((233)-76),((265)-91),((197)-89),((167)-97)},{((274)-44),((194)-51),((196)-23),((259)-34),((191)-62),((211)-26),((185)-87),((214)-89),((46)-21),((76)-44),((147)-89),((258)-79),((195)-76),((268)-93),((276)-33),((283)-78),((95)-77),((133)-76),((142)-55),((236)-84),((180)-23),((85)-59),((190)-25),((249)-12),((196)-36),((161)-62),((203)-22),((55)-17),((285)-57),((254)-61),((164)-58),((120)-75),((217)-28),((176)-56),((177)-13),((198)-82),((124)-71),((200)-46),((148)-90)},{((213)-25),((180)-53),((72)-32),((21)-16),((325)-73),((317)-78),((71)-15),((171)-85),((52)-40),((216)-47),((296)-79),((199)-38),((340)-97),((105)-89),((183)-85),((289)-61),((228)-96),((201)-45),((55)-30),((214)-50),((176)-18),((235)-60),((71)-48),((247)-46),((119)-62),((291)-51),((182)-55),((158)-66),((306)-71),((211)-75),((173)-69),((318)-97),((272)-21),((244)-89),((202)-85),((219)-92),((175)-44),((59)-33),((237)-78)},{((273)-32),((135)-93),((279)-34),((195)-23),((199)-75),((136)-47),((269)-37),((190)-57),((48)-11),((105)-35),((92)-86),((231)-42),((206)-56),((122)-68),((153)-43),((96)-86),((237)-29),((265)-31),((168)-69),((85)-49),((138)-47),((91)-48),((130)-52),((115)-68),((163)-33),((305)-50),((188)-50),((213)-19),((249)-25),((166)-94),((58)-47),((191)-24),((303)-71),((174)-34),((295)-64),((146)-53),((198)-49),((161)-47),((131)-73)},{((88)-66),((203)-80),((121)-94),((184)-27),((200)-23),((28)-19),((154)-24),((189)-68),((107)-21),((76)-46),((157)-45),((30)-14),((204)-79),((235)-31),((249)-16),((111)-52),((282)-93),((112)-19),((163)-73),((320)-79),((223)-27),((122)-68),((212)-15),((221)-81),((84)-18),((156)-73),((206)-19),((107)-19),((304)-56),((47)-25),((87)-20),((83)-82),((199)-77),((194)-85),((284)-50),((197)-80),((212)-36),((260)-74),((269)-92)},{((121)-66),((179)-89),((76)-17),((120)-86),((83)-32),((285)-44),((166)-54),((140)-24),((168)-74),((247)-28),((130)-28),((263)-89),((222)-57),((233)-55),((234)-17),((75)-64),((47)-19),((249)-31),((256)-61),((170)-45),((96)-58),((228)-73),((320)-96),((162)-79),((237)-29),((183)-92),((220)-83),((106)-69),((96)-94),((107)-62),((327)-82),((129)-92),((97)-43),((220)-97),((144)-17),((238)-94),((273)-20),((133)-59),((169)-26)},{((179)-22),((317)-64),((323)-91),((275)-26),((258)-75),((331)-92),((46)-11),((217)-57),((101)-61),((54)-46),((205)-28),((245)-73),((319)-82),((214)-42),((289)-96),((308)-94),((335)-85),((246)-87),((123)-69),((173)-28),((174)-38),((86)-20),((50)-19),((277)-59),((318)-69),((20)-13),((220)-23),((51)-41),((70)-21),((241)-67),((127)-70),((251)-57),((145)-42),((276)-29),((226)-92),((136)-85),((169)-79),((86)-53),((165)-89)},{((32)-17),((183)-77),((93)-21),((278)-80),((176)-22),((104)-72),((202)-75),((119)-66),((68)-37),((188)-40),((217)-16),((181)-80),((110)-31),((224)-32),((251)-28),((270)-30),((241)-67),((179)-41),((128)-63),((171)-67),((157)-23),((250)-33),((239)-66),((263)-29),((134)-31),((268)-26),((323)-89),((48)-15),((276)-22),((271)-52),((22)-16),((276)-70),((189)-62),((18)-13),((120)-23),((42)-19),((123)-57),((202)-84),((202)-28)},{((171)-97),((109)-57),((205)-40),((290)-94),((252)-42),((207)-63),((142)-33),((120)-94),((282)-48),((32)-28),((261)-97),((316)-96),((44)-31),((166)-58),((333)-91),((212)-18),((248)-28),((175)-51),((226)-46),((101)-21),((128)-44),((179)-69),((323)-92),((189)-18),((269)-42),((258)-28),((278)-96),((281)-64),((154)-36),((224)-23),((154)-84),((290)-81),((122)-36),((185)-78),((219)-73),((172)-52),((217)-34),((297)-97),((202)-68)},{((186)-87),((278)-58),((295)-84),((333)-83),((147)-58),((226)-84),((281)-87),((121)-23),((222)-42),((260)-89),((156)-33),((228)-14),((138)-20),((221)-34),((100)-29),((134)-56),((178)-74),((292)-67),((175)-75),((217)-61),((252)-93),((171)-60),((234)-91),((191)-79),((267)-72),((161)-97),((249)-46),((251)-54),((290)-76),((197)-57),((59)-31),((164)-19),((49)-26),((218)-52),((83)-60),((146)-18),((206)-61),((112)-33),((90)-49)},{((229)-93),((278)-90),((147)-55),((201)-40),((114)-66),((116)-61),((154)-73),((244)-45),((189)-50),((209)-79),((234)-36),((223)-60),((275)-43),((66)-51),((58)-13),((165)-58),((230)-53),((120)-74),((232)-47),((34)-33),((238)-55),((166)-44),((295)-91),((114)-53),((274)-91),((165)-17),((139)-78),((84)-84),((224)-77),((125)-47),((200)-78),((172)-33),((85)-15),((247)-47),((249)-81),((216)-31),((307)-53),((49)-47),((239)-29)},{((107)-44),((85)-78),((213)-20),((173)-28),((150)-40),((126)-33),((247)-67),((251)-93),((38)-11),((214)-51),((67)-27),((194)-46),((297)-45),((92)-83),((161)-86),((109)-17),((95)-66),((152)-25),((74)-43),((250)-89),((204)-75),((185)-39),((294)-79),((303)-84),((266)-30),((173)-87),((314)-86),((71)-43),((123)-82),((103)-88),((167)-30),((247)-28),((280)-32),((119)-45),((236)-35),((125)-20),((211)-79),((24)-23),((215)-75)},{((215)-81),((306)-90),((145)-63),((117)-91),((290)-78),((191)-92),((148)-84),((252)-45),((171)-63),((120)-44),((238)-45),((239)-19),((168)-44),((164)-75),((125)-26),((188)-85),((289)-35),((211)-53),((285)-97),((149)-25),((159)-74),((337)-92),((185)-75),((163)-88),((129)-37),((169)-64),((53)-44),((182)-46),((134)-30),((124)-72),((282)-27),((179)-37),((164)-74),((174)-71),((269)-41),((21)-17),((321)-75),((114)-93),((320)-79)},{((328)-83),((46)-26),((227)-13),((224)-80),((179)-70),((221)-11),((199)-33),((104)-64),((328)-93),((209)-60),((139)-77),((269)-47),((156)-60),((268)-81),((193)-76),((118)-36),((229)-43),((198)-56),((90)-74),((75)-24),((152)-27),((136)-36),((88)-84),((219)-55),((223)-94),((90)-74),((203)-44),((141)-92),((153)-87),((215)-83),((159)-23),((206)-53),((22)-16),((108)-77),((128)-54),((76)-63),((92)-36),((139)-46),((238)-20)},{((82)-46),((252)-96),((166)-80),((74)-23),((206)-51),((126)-15),((315)-77),((223)-46),((105)-40),((122)-89),((220)-70),((214)-34),((153)-69),((68)-19),((96)-40),((262)-11),((171)-26),((108)-85),((189)-23),((61)-50),((124)-89),((154)-37),((199)-56),((120)-66),((68)-20),((135)-31),((194)-47),((233)-95),((245)-42),((208)-88),((286)-56),((276)-32),((233)-94),((226)-84),((187)-28),((195)-93),((135)-16),((101)-82),((277)-49)},{((303)-57),((127)-76),((268)-57),((93)-69),((58)-30),((103)-36),((248)-86),((31)-30),((268)-36),((90)-75),((187)-12),((110)-57),((284)-49),((305)-53),((68)-33),((233)-38),((28)-23),((94)-72),((92)-44),((243)-35),((109)-23),((302)-60),((300)-45),((220)-61),((210)-77),((310)-82),((130)-50),((229)-32),((133)-45),((146)-32),((123)-14),((181)-94),((50)-14),((207)-14),((45)-14),((136)-88),((103)-29),((175)-83),((92)-32)},{((166)-50),((182)-53),((135)-66),((253)-35),((324)-89),((182)-52),((161)-76),((160)-19),((232)-78),((147)-50),((245)-33),((196)-28),((268)-39),((159)-26),((260)-45),((282)-76),((294)-49),((234)-85),((337)-83),((299)-80),((99)-97),((231)-69),((118)-78),((263)-41),((268)-29),((36)-14),((180)-66),((301)-53),((244)-22),((202)-76),((33)-29),((285)-60),((256)-18),((225)-83),((148)-32),((292)-81),((133)-70),((232)-52),((106)-35)},{((64)-57),((252)-85),((252)-56),((83)-61),((117)-72),((97)-34),((123)-92),((160)-73),((153)-53),((74)-31),((241)-49),((286)-77),((171)-70),((235)-18),((121)-61),((159)-60),((107)-43),((288)-51),((220)-21),((171)-68),((208)-44),((98)-78),((105)-46),((120)-31),((78)-72),((258)-34),((171)-43),((102)-58),((304)-81),((173)-63),((110)-22),((53)-26),((40)-35),((157)-43),((186)-51),((282)-86),((138)-41),((246)-67),((208)-38)},{((227)-18),((171)-58),((231)-49),((271)-85),((278)-53),((167)-41),((250)-30),((332)-95),((73)-66),((114)-89),((218)-47),((235)-47),((122)-86),((176)-58),((178)-27),((258)-90),((83)-20),((113)-34),((223)-62),((298)-81),((101)-97),((91)-57),((249)-36),((131)-43),((169)-60),((225)-55),((142)-68),((313)-79),((200)-18),((158)-72),((216)-39),((43)-40),((116)-87),((136)-89),((99)-36),((236)-39),((288)-61),((215)-62),((275)-82)},{((181)-69),((156)-27),((119)-95),((272)-37),((148)-65),((98)-24),((118)-14),((318)-96),((240)-56),((143)-55),((205)-84),((218)-65),((190)-85),((56)-17),((181)-12),((219)-49),((199)-51),((63)-46),((242)-86),((240)-12),((66)-38),((100)-59),((125)-45),((196)-63),((158)-24),((200)-49),((122)-37),((333)-80),((251)-68),((191)-95),((299)-86),((74)-48),((173)-32),((87)-77),((216)-67),((253)-58),((204)-44),((207)-82),((259)-91)},{((168)-56),((222)-62),((206)-29),((215)-34),((207)-22),((264)-62),((138)-83),((172)-40),((246)-45),((249)-34),((116)-61),((119)-20),((141)-38),((147)-27),((141)-87),((167)-57),((221)-59),((231)-12),((199)-97),((146)-76),((254)-15),((325)-91),((92)-49),((316)-82),((321)-66),((43)-26),((137)-81),((85)-55),((194)-13),((74)-58),((60)-53),((214)-21),((159)-66),((88)-67),((124)-72),((69)-13),((106)-33),((60)-53),((277)-50)},{((244)-87),((289)-93),((247)-21),((80)-30),((168)-97),((220)-88),((65)-64),((187)-47),((101)-31),((146)-21),((164)-74),((135)-83),((152)-57),((59)-20),((309)-93),((147)-53),((221)-32),((163)-48),((218)-60),((111)-95),((106)-34),((257)-29),((297)-91),((292)-38),((73)-44),((110)-77),((106)-56),((327)-90),((218)-16),((65)-24),((148)-51),((191)-94),((61)-60),((128)-71),((165)-56),((42)-32),((223)-66),((148)-26),((76)-54)},{((148)-87),((252)-31),((118)-97),((219)-42),((217)-36),((253)-46),((120)-48),((43)-31),((129)-61),((158)-87),((115)-92),((69)-11),((91)-64),((103)-61),((261)-94),((119)-69),((232)-49),((225)-21),((318)-75),((238)-21),((73)-46),((64)-36),((94)-49),((320)-85),((266)-66),((277)-57),((120)-29),((272)-21),((339)-97),((70)-35),((284)-89),((298)-47),((60)-35),((143)-92),((279)-68),((26)-15),((230)-63),((183)-12),((263)-66)},{((125)-63),((17)-15),((92)-34),((157)-96),((231)-27),((267)-28),((288)-83),((102)-70),((216)-59),((136)-96),((65)-31),((102)-51),((315)-82),((146)-22),((271)-33),((182)-66),((164)-96),((269)-88),((86)-56),((288)-63),((258)-16),((232)-56),((133)-83),((100)-85),((73)-41),((143)-42),((164)-59),((150)-28),((272)-41),((190)-73),((229)-56),((243)-60),((285)-63),((106)-83),((79)-78),((216)-90),((45)-36),((196)-54),((316)-66)},{((129)-34),((199)-91),((266)-27),((314)-71),((74)-70),((261)-64),((83)-41),((286)-84),((129)-56),((251)-19),((334)-85),((158)-96),((100)-34),((176)-93),((214)-22),((161)-83),((214)-83),((240)-96),((266)-83),((82)-33),((171)-40),((209)-49),((286)-44),((206)-90),((283)-75),((288)-53),((186)-82),((336)-93),((262)-25),((131)-68),((147)-58),((56)-53),((308)-81),((168)-83),((190)-75),((64)-45),((263)-23),((249)-12),((345)-91)},{((156)-72),((288)-88),((136)-96),((127)-48),((188)-79),((96)-70),((281)-37),((177)-29),((309)-97),((111)-43),((193)-89),((151)-17),((70)-19),((39)-26),((128)-20),((158)-73),((201)-21),((102)-70),((162)-16),((101)-64),((81)-18),((92)-34),((66)-30),((302)-61),((215)-70),((182)-60),((306)-92),((89)-23),((236)-53),((45)-36),((240)-39),((151)-46),((101)-15),((116)-55),((237)-33),((238)-17),((71)-37),((122)-84),((102)-47)},{((237)-73),((235)-46),((257)-25),((195)-24),((233)-22),((282)-96),((217)-37),((257)-60),((146)-23),((50)-36),((102)-49),((225)-25),((64)-28),((167)-66),((282)-63),((247)-60),((106)-58),((120)-42),((298)-60),((287)-84),((180)-35),((205)-56),((85)-41),((203)-64),((260)-69),((171)-76),((117)-45),((198)-44),((274)-67),((290)-40),((120)-96),((97)-82),((182)-36),((246)-79),((231)-68),((94)-27),((192)-59),((216)-44),((151)-75)},{((290)-67),((216)-28),((212)-59),((282)-90),((148)-52),((349)-96),((288)-83),((202)-32),((285)-76),((198)-85),((117)-13),((216)-82),((199)-39),((83)-22),((309)-76),((105)-24),((106)-34),((152)-50),((303)-80),((92)-59),((154)-92),((208)-38),((101)-86),((265)-25),((113)-25),((137)-26),((200)-85),((35)-25),((261)-40),((142)-73),((102)-45),((103)-16),((81)-33),((132)-36),((273)-31),((216)-48),((121)-66),((212)-49),((198)-21)},{((181)-91),((122)-67),((136)-38),((82)-27),((135)-33),((242)-28),((56)-42),((91)-67),((113)-50),((110)-25),((203)-63),((317)-69),((189)-28),((199)-55),((231)-52),((118)-38),((182)-73),((194)-29),((232)-28),((313)-75),((110)-49),((178)-96),((205)-62),((114)-70),((132)-19),((190)-73),((219)-63),((133)-73),((196)-28),((199)-66),((199)-92),((66)-55),((218)-63),((229)-57),((203)-83),((55)-31),((184)-26),((144)-34),((189)-88)},{((159)-19),((94)-53),((167)-70),((230)-25),((223)-70),((124)-67),((175)-53),((288)-72),((261)-28),((222)-75),((106)-72),((283)-89),((164)-18),((291)-41),((230)-63),((203)-74),((98)-88),((62)-55),((245)-60),((230)-62),((189)-43),((317)-76),((226)-69),((36)-31),((294)-42),((41)-18),((197)-53),((298)-88),((227)-49),((304)-70),((294)-47),((266)-76),((209)-83),((271)-23),((198)-67),((33)-25),((206)-51),((118)-76),((196)-37)},{((36)-16),((178)-33),((208)-33),((224)-61),((210)-34),((191)-20),((204)-42),((169)-58),((108)-29),((207)-11),((278)-52),((86)-24),((65)-38),((124)-87),((271)-83),((273)-82),((290)-82),((241)-90),((204)-36),((126)-61),((57)-39),((104)-65),((126)-26),((81)-77),((147)-74),((92)-15),((128)-77),((223)-15),((141)-81),((65)-40),((120)-56),((269)-45),((115)-91),((193)-87),((91)-11),((282)-45),((155)-40),((155)-88),((121)-63)},{((132)-35),((87)-86),((289)-41),((52)-30),((112)-67),((292)-87),((169)-90),((139)-27),((191)-49),((144)-11),((201)-55),((185)-44),((311)-83),((192)-88),((119)-37),((293)-51),((180)-22),((272)-75),((264)-76),((293)-75),((137)-54),((208)-62),((198)-84),((219)-49),((262)-79),((152)-26),((104)-72),((93)-57),((255)-69),((109)-48),((95)-51),((153)-71),((234)-43),((226)-22),((247)-92),((184)-86),((128)-17),((195)-57),((66)-37)},{((196)-72),((117)-28),((300)-85),((216)-93),((198)-19),((213)-21),((295)-67),((262)-77),((290)-50),((189)-97),((35)-30),((315)-71),((120)-97),((243)-95),((78)-50),((236)-75),((115)-11),((149)-32),((197)-50),((119)-81),((226)-93),((113)-15),((222)-63),((161)-97),((216)-96),((202)-69),((214)-42),((244)-50),((303)-67),((172)-23),((146)-32),((196)-94),((164)-75),((169)-94),((100)-60),((128)-19),((193)-67),((176)-89),((157)-40)},{((203)-94),((189)-67),((290)-67),((203)-85),((143)-70),((260)-83),((197)-29),((223)-25),((172)-16),((285)-81),((107)-13),((60)-40),((194)-96),((254)-48),((244)-21),((165)-29),((244)-81),((258)-52),((181)-18),((289)-79),((91)-25),((174)-52),((218)-83),((225)-51),((239)-46),((332)-84),((112)-12),((241)-37),((239)-52),((259)-37),((158)-32),((64)-22),((111)-16),((120)-12),((103)-52),((208)-39),((254)-64),((333)-82),((197)-42)},{((313)-89),((304)-76),((53)-45),((200)-97),((285)-74),((238)-62),((303)-88),((139)-20),((102)-92),((55)-28),((262)-34),((224)-92),((36)-26),((247)-55),((293)-84),((327)-79),((237)-85),((299)-91),((263)-15),((278)-82),((117)-17),((316)-86),((146)-12),((175)-37),((171)-29),((146)-27),((294)-83),((198)-48),((96)-55),((132)-52),((199)-89),((125)-72),((201)-83),((168)-28),((276)-65),((282)-93),((182)-89),((73)-64),((200)-87)},{((119)-15),((182)-48),((325)-70),((110)-48),((103)-73),((174)-88),((193)-94),((57)-15),((226)-57),((117)-79),((204)-27),((168)-23),((100)-45),((65)-45),((99)-88),((321)-67),((268)-28),((274)-69),((56)-38),((130)-95),((127)-69),((104)-16),((179)-96),((63)-32),((191)-29),((189)-59),((325)-78),((115)-94),((215)-37),((204)-61),((201)-48),((136)-88),((92)-41),((152)-84),((63)-52),((43)-15),((230)-49),((188)-54),((165)-75)},{((185)-34),((137)-82),((151)-27),((216)-88),((256)-89),((163)-95),((236)-60),((175)-34),((222)-42),((164)-80),((205)-65),((276)-54),((253)-57),((111)-14),((251)-85),((187)-95),((152)-43),((223)-75),((75)-23),((125)-17),((163)-25),((205)-41),((157)-92),((216)-21),((265)-50),((195)-15),((319)-70),((103)-93),((266)-39),((20)-19),((338)-89),((147)-45),((248)-85),((182)-41),((100)-55),((304)-87),((101)-36),((112)-56),((156)-73)},{((252)-48),((53)-39),((310)-72),((65)-27),((263)-21),((239)-54),((148)-57),((167)-75),((296)-53),((281)-35),((52)-45),((234)-28),((265)-42),((151)-28),((109)-33),((189)-95),((177)-22),((124)-65),((196)-68),((106)-39),((161)-55),((81)-71),((122)-17),((164)-84),((146)-27),((99)-76),((105)-26),((286)-86),((207)-72),((79)-40),((211)-25),((173)-48),((170)-22),((122)-70),((90)-21),((205)-93),((195)-96),((55)-52),((203)-70)},{((50)-13),((120)-82),((107)-65),((46)-27),((210)-96),((80)-27),((138)-55),((327)-88),((30)-17),((305)-61),((34)-11),((128)-18),((140)-52),((263)-15),((286)-74),((218)-76),((268)-87),((82)-34),((279)-41),((169)-79),((219)-25),((99)-79),((244)-15),((289)-92),((236)-48),((251)-53),((218)-77),((91)-14),((253)-51),((171)-86),((217)-73),((228)-54),((191)-26),((227)-52),((200)-30),((26)-25),((298)-59),((126)-35),((221)-26)},{((270)-58),((155)-94),((70)-41),((228)-85),((219)-46),((96)-19),((88)-46),((64)-12),((245)-43),((103)-23),((77)-14),((236)-73),((42)-26),((76)-47),((315)-79),((149)-35),((163)-36),((184)-27),((88)-40),((213)-73),((192)-87),((289)-58),((215)-76),((263)-68),((284)-76),((300)-53),((72)-59),((86)-21),((185)-12),((76)-55),((84)-80),((56)-17),((248)-84),((132)-85),((252)-72),((202)-82),((225)-92),((178)-15),((98)-44)},{((223)-74),((140)-26),((268)-28),((220)-72),((244)-43),((213)-64),((275)-87),((264)-54),((212)-51),((51)-38),((179)-62),((172)-42),((213)-39),((103)-77),((182)-52),((277)-65),((122)-91),((208)-26),((216)-79),((212)-19),((163)-22),((107)-26),((292)-93),((252)-32),((58)-33),((246)-61),((73)-62),((42)-40),((85)-44),((241)-43),((64)-14),((68)-53),((105)-51),((233)-19),((53)-39),((116)-46),((55)-50),((181)-19),((299)-81)},{((307)-72),((50)-32),((218)-40),((66)-62),((115)-68),((128)-94),((231)-40),((128)-63),((253)-28),((300)-71),((299)-66),((165)-20),((268)-28),((246)-67),((142)-27),((99)-19),((58)-48),((158)-87),((95)-54),((68)-49),((216)-37),((176)-33),((150)-80),((186)-77),((273)-38),((136)-32),((235)-23),((144)-84),((238)-96),((186)-91),((150)-87),((178)-62),((216)-87),((99)-27),((25)-17),((199)-66),((84)-68),((236)-87),((48)-47)},{((159)-57),((128)-78),((145)-48),((253)-48),((103)-50),((152)-17),((281)-41),((301)-93),((144)-78),((186)-90),((47)-47),((277)-56),((306)-75),((268)-33),((146)-16),((167)-21),((217)-57),((233)-17),((90)-87),((47)-14),((82)-58),((172)-17),((226)-50),((259)-22),((176)-38),((83)-54),((279)-33),((201)-51),((222)-69),((265)-30),((96)-69),((141)-67),((229)-50),((118)-91),((193)-84),((131)-69),((160)-82),((224)-12),((90)-39)},{((300)-67),((101)-81),((239)-34),((148)-48),((161)-58),((69)-36),((84)-77),((193)-60),((113)-46),((205)-30),((63)-43),((156)-54),((280)-73),((154)-43),((208)-64),((211)-22),((185)-62),((207)-68),((101)-26),((69)-25),((126)-17),((274)-57),((315)-68),((142)-64),((194)-81),((148)-84),((287)-79),((156)-83),((183)-75),((147)-70),((261)-89),((113)-80),((126)-63),((166)-51),((218)-71),((230)-28),((323)-78),((196)-38),((162)-21)},{((224)-48),((140)-95),((227)-43),((95)-37),((249)-44),((141)-71),((168)-63),((166)-92),((208)-39),((125)-95),((149)-89),((166)-54),((143)-33),((177)-50),((146)-85),((264)-73),((236)-11),((284)-42),((274)-93),((219)-86),((235)-36),((270)-28),((285)-52),((297)-47),((86)-75),((269)-63),((224)-27),((251)-89),((205)-55),((213)-20),((151)-58),((125)-28),((324)-80),((64)-38),((145)-50),((314)-72),((116)-68),((323)-89),((320)-82)},{((84)-76),((83)-28),((305)-85),((268)-92),((196)-32),((213)-74),((76)-68),((184)-37),((114)-90),((142)-88),((256)-20),((235)-95),((272)-84),((190)-65),((238)-96),((105)-29),((227)-95),((145)-26),((296)-52),((204)-77),((121)-26),((81)-73),((31)-31),((113)-48),((46)-46),((91)-70),((81)-39),((147)-66),((73)-18),((228)-22),((87)-49),((73)-44),((190)-40),((149)-34),((84)-38),((145)-68),((189)-95),((103)-75),((294)-97)},{((310)-96),((227)-74),((223)-92),((147)-77),((137)-62),((110)-14),((252)-95),((298)-84),((152)-55),((174)-82),((225)-78),((147)-35),((160)-83),((147)-27),((81)-17),((277)-39),((183)-67),((256)-45),((227)-90),((261)-81),((81)-40),((188)-91),((251)-63),((206)-43),((106)-86),((99)-48),((92)-24),((38)-36),((249)-26),((182)-68),((199)-94),((207)-92),((74)-55),((122)-47),((173)-46),((89)-58),((236)-97),((130)-65),((150)-72)},{((292)-54),((120)-85),((254)-63),((219)-21),((241)-17),((140)-51),((41)-12),((120)-35),((147)-59),((134)-97),((162)-90),((69)-28),((160)-36),((273)-89),((91)-24),((228)-28),((236)-15),((31)-30),((288)-57),((108)-67),((155)-97),((281)-33),((241)-28),((242)-73),((200)-96),((61)-56),((83)-22),((204)-91),((262)-54),((136)-11),((150)-90),((252)-32),((111)-91),((213)-40),((217)-37),((274)-68),((99)-28),((108)-97),((117)-50)},{((145)-75),((95)-73),((123)-69),((236)-22),((53)-12),((254)-88),((82)-33),((137)-94),((100)-40),((274)-32),((150)-17),((315)-68),((176)-51),((106)-29),((282)-92),((65)-26),((113)-57),((315)-66),((77)-48),((265)-79),((84)-24),((74)-72),((213)-42),((153)-17),((178)-51),((128)-14),((281)-94),((262)-48),((178)-38),((84)-40),((179)-87),((122)-21),((247)-64),((239)-92),((274)-45),((113)-13),((63)-59),((60)-29),((251)-95)},{((123)-84),((236)-38),((46)-22),((118)-46),((252)-71),((83)-50),((230)-93),((257)-38),((140)-72),((278)-51),((174)-86),((188)-70),((84)-65),((273)-33),((279)-29),((281)-27),((222)-73),((256)-91),((317)-70),((130)-83),((179)-89),((189)-72),((182)-74),((191)-17),((225)-30),((79)-79),((202)-42),((116)-52),((34)-22),((201)-32),((186)-53),((119)-56),((124)-22),((298)-70),((257)-95),((26)-12),((133)-15),((212)-15),((164)-79)},{((148)-47),((316)-81),((149)-75),((67)-67),((69)-26),((304)-73),((198)-75),((273)-55),((47)-33),((213)-39),((220)-82),((104)-36),((194)-87),((206)-69),((177)-25),((214)-41),((316)-82),((201)-63),((267)-47),((70)-63),((312)-62),((225)-71),((103)-61),((58)-51),((298)-70),((52)-41),((195)-24),((295)-42),((55)-28),((293)-75),((213)-91),((196)-21),((302)-97),((294)-63),((205)-70),((77)-26),((173)-18),((183)-37),((220)-44)},{((115)-77),((190)-86),((159)-26),((300)-59),((112)-88),((275)-26),((135)-38),((299)-84),((127)-46),((285)-65),((150)-66),((28)-14),((133)-80),((215)-36),((148)-35),((259)-38),((97)-31),((239)-91),((286)-33),((177)-21),((51)-34),((118)-71),((302)-95),((266)-94),((190)-11),((258)-75),((138)-60),((96)-15),((136)-38),((94)-53),((120)-62),((288)-74),((246)-82),((226)-41),((239)-58),((96)-11),((242)-88),((176)-18),((240)-43)},{((177)-76),((251)-42),((209)-38),((234)-24),((168)-54),((86)-81),((259)-33),((224)-33),((282)-52),((155)-21),((226)-52),((208)-56),((195)-17),((160)-78),((218)-80),((222)-54),((234)-40),((146)-48),((241)-16),((131)-55),((245)-61),((127)-95),((179)-65),((278)-59),((75)-57),((65)-30),((287)-56),((44)-30),((118)-74),((290)-47),((85)-33),((176)-37),((259)-46),((249)-58),((173)-81),((24)-16),((191)-79),((141)-38),((153)-20)},{((245)-56),((292)-37),((259)-36),((114)-94),((115)-82),((294)-62),((164)-26),((231)-89),((74)-37),((202)-70),((253)-39),((239)-76),((229)-40),((142)-49),((259)-19),((273)-81),((151)-46),((193)-49),((70)-22),((160)-56),((233)-80),((79)-22),((164)-12),((265)-57),((209)-62),((258)-85),((115)-38),((304)-55),((196)-24),((89)-30),((228)-35),((145)-26),((152)-16),((293)-53),((276)-31),((104)-86),((158)-35),((297)-70),((237)-41)},{((86)-42),((174)-12),((90)-59),((233)-63),((323)-81),((130)-43),((45)-32),((54)-11),((181)-17),((180)-54),((148)-54),((257)-46),((311)-70),((205)-63),((166)-59),((193)-76),((218)-97),((113)-97),((150)-39),((181)-18),((68)-66),((249)-17),((107)-49),((126)-12),((230)-73),((226)-39),((269)-91),((85)-32),((94)-20),((196)-61),((118)-82),((109)-17),((198)-76),((155)-29),((245)-93),((285)-38),((112)-52),((143)-44),((71)-71)},{((152)-96),((140)-54),((125)-13),((83)-67),((161)-63),((233)-66),((126)-20),((160)-31),((101)-68),((237)-32),((200)-69),((254)-45),((179)-27),((122)-44),((134)-39),((209)-13),((222)-21),((290)-60),((137)-55),((236)-50),((212)-57),((66)-63),((107)-16),((120)-28),((261)-19),((163)-43),((89)-51),((166)-25),((320)-70),((39)-32),((256)-42),((182)-28),((194)-27),((210)-13),((107)-19),((266)-83),((189)-41),((96)-78),((252)-70)},{((293)-55),((247)-64),((283)-61),((268)-24),((91)-48),((247)-96),((94)-30),((83)-36),((179)-97),((251)-47),((180)-93),((286)-66),((229)-66),((223)-47),((290)-84),((132)-35),((159)-32),((161)-72),((291)-76),((213)-90),((208)-29),((272)-80),((284)-53),((296)-43),((236)-32),((105)-52),((233)-76),((207)-37),((286)-69),((80)-11),((167)-68),((199)-61),((95)-92),((184)-15),((167)-16),((53)-35),((35)-27),((185)-69),((234)-75)},{((336)-86),((210)-91),((262)-29),((184)-25),((218)-42),((112)-49),((126)-41),((167)-22),((44)-16),((245)-84),((161)-22),((192)-78),((39)-16),((140)-27),((108)-69),((137)-81),((102)-63),((295)-52),((258)-64),((140)-97),((183)-36),((118)-23),((233)-91),((263)-13),((63)-39),((218)-90),((320)-71),((235)-76),((216)-75),((49)-41),((191)-32),((209)-95),((187)-17),((214)-31),((150)-24),((325)-84),((254)-57),((23)-21),((246)-84)},{((80)-66),((324)-89),((44)-26),((238)-60),((137)-84),((310)-62),((75)-44),((272)-81),((170)-75),((113)-14),((107)-95),((136)-85),((225)-82),((147)-87),((320)-91),((299)-66),((14)-11),((217)-54),((291)-46),((125)-80),((68)-49),((273)-97),((89)-39),((128)-87),((107)-49),((81)-45),((253)-31),((225)-64),((281)-42),((151)-50),((25)-11),((86)-52),((206)-81),((103)-48),((198)-17),((50)-16),((93)-81),((108)-53),((100)-80)},{((42)-21),((235)-93),((184)-91),((215)-14),((104)-55),((91)-29),((133)-23),((95)-37),((275)-70),((93)-88),((71)-23),((257)-79),((262)-49),((261)-74),((140)-92),((162)-23),((207)-60),((69)-39),((233)-56),((325)-92),((317)-96),((108)-23),((259)-43),((82)-31),((299)-65),((59)-35),((200)-85),((174)-51),((120)-49),((252)-34),((85)-70),((177)-70),((92)-46),((282)-80),((195)-89),((99)-77),((111)-11),((112)-21),((214)-28)},{((125)-54),((62)-23),((132)-37),((187)-79),((144)-93),((260)-17),((187)-75),((274)-23),((85)-25),((250)-82),((91)-75),((76)-47),((122)-46),((252)-68),((258)-44),((116)-54),((231)-51),((132)-39),((91)-16),((305)-77),((215)-19),((68)-11),((132)-45),((262)-80),((235)-91),((186)-32),((76)-27),((104)-52),((88)-19),((28)-16),((110)-81),((234)-49),((162)-27),((243)-87),((252)-35),((209)-88),((247)-57),((185)-56),((228)-60)},{((90)-18),((195)-18),((222)-80),((219)-38),((177)-92),((340)-95),((283)-34),((204)-42),((280)-79),((179)-74),((288)-65),((258)-83),((249)-57),((246)-93),((105)-48),((171)-32),((289)-94),((191)-22),((83)-13),((217)-17),((179)-50),((83)-54),((80)-73),((136)-16),((211)-17),((129)-58),((248)-72),((233)-27),((273)-28),((126)-16),((44)-21),((127)-26),((218)-34),((234)-72),((83)-20),((298)-63),((86)-29),((93)-45),((188)-45)},{((103)-72),((325)-70),((140)-85),((132)-67),((293)-94),((186)-81),((154)-45),((31)-27),((36)-16),((189)-87),((199)-41),((247)-49),((321)-93),((275)-56),((113)-19),((143)-28),((262)-86),((95)-15),((172)-23),((171)-83),((209)-85),((54)-26),((254)-80),((258)-45),((220)-12),((233)-12),((275)-33),((318)-89),((63)-62),((90)-73),((184)-33),((268)-22),((211)-39),((179)-29),((114)-32),((283)-50),((262)-77),((90)-83),((337)-83)},{((138)-45),((227)-94),((96)-59),((156)-86),((200)-85),((84)-38),((202)-36),((247)-90),((296)-96),((96)-56),((104)-77),((277)-43),((220)-95),((297)-54),((59)-37),((324)-77),((169)-83),((269)-66),((313)-80),((120)-91),((156)-92),((134)-18),((290)-66),((209)-72),((94)-39),((184)-94),((285)-70),((183)-85),((244)-13),((178)-56),((255)-15),((69)-50),((263)-19),((174)-91),((286)-86),((260)-30),((104)-78),((153)-61),((84)-43)},{((306)-75),((139)-34),((174)-65),((124)-37),((199)-66),((145)-47),((173)-74),((228)-11),((202)-72),((93)-33),((196)-67),((130)-49),((290)-49),((106)-70),((225)-84),((53)-37),((163)-78),((102)-65),((268)-71),((198)-11),((241)-79),((166)-52),((142)-50),((78)-59),((77)-54),((125)-24),((274)-53),((162)-32),((243)-88),((218)-37),((126)-15),((309)-75),((327)-84),((126)-19),((294)-96),((300)-94),((249)-95),((112)-67),((141)-40)},{((156)-67),((29)-13),((52)-32),((125)-27),((191)-63),((180)-18),((242)-81),((320)-90),((149)-18),((188)-66),((117)-56),((317)-87),((248)-31),((213)-27),((193)-42),((285)-78),((104)-14),((222)-97),((248)-84),((148)-54),((146)-39),((191)-63),((288)-77),((248)-85),((209)-34),((145)-82),((268)-84),((161)-38),((319)-65),((14)-12),((242)-93),((245)-84),((109)-57),((237)-80),((231)-48),((125)-38),((223)-80),((144)-27),((100)-27)},{((101)-40),((191)-48),((100)-60),((171)-11),((70)-32),((191)-62),((135)-79),((180)-78),((220)-27),((277)-76),((110)-29),((282)-54),((49)-21),((70)-54),((163)-22),((64)-40),((224)-67),((232)-45),((169)-56),((68)-54),((92)-30),((97)-95),((53)-34),((265)-56),((37)-28),((313)-61),((205)-84),((48)-47),((293)-68),((163)-25),((164)-31),((290)-92),((222)-89),((205)-51),((246)-71),((229)-18),((208)-23),((115)-35),((206)-35)},{((234)-72),((38)-11),((323)-75),((228)-49),((251)-44),((269)-45),((228)-70),((163)-89),((142)-51),((57)-27),((88)-80),((299)-96),((244)-39),((313)-87),((119)-88),((148)-57),((307)-77),((319)-94),((83)-59),((310)-65),((304)-97),((310)-60),((285)-91),((210)-95),((295)-46),((101)-13),((25)-11),((100)-43),((203)-29),((239)-12),((133)-71),((63)-23),((194)-41),((281)-97),((250)-49),((218)-83),((173)-73),((313)-95),((283)-48)},{((338)-90),((195)-43),((280)-72),((87)-83),((198)-34),((304)-58),((211)-16),((276)-68),((143)-31),((189)-21),((149)-81),((131)-56),((188)-87),((235)-13),((218)-59),((248)-33),((255)-37),((251)-81),((270)-65),((269)-95),((36)-35),((89)-28),((250)-53),((137)-63),((106)-11),((184)-50),((169)-61),((207)-33),((273)-82),((191)-66),((115)-28),((292)-58),((249)-50),((241)-25),((272)-30),((158)-77),((221)-84),((271)-82),((173)-80)},{((216)-44),((197)-21),((278)-76),((166)-60),((204)-42),((141)-79),((153)-84),((107)-12),((247)-34),((178)-25),((241)-32),((231)-84),((176)-77),((164)-30),((181)-78),((244)-58),((140)-88),((225)-34),((202)-17),((270)-68),((178)-50),((98)-79),((162)-26),((102)-88),((268)-49),((138)-62),((129)-13),((165)-32),((134)-64),((234)-63),((153)-78),((298)-93),((161)-17),((110)-53),((47)-25),((96)-83),((42)-42),((87)-14),((176)-73)},{((52)-23),((218)-32),((213)-44),((215)-37),((30)-26),((75)-42),((177)-62),((294)-49),((212)-63),((233)-57),((60)-18),((253)-72),((254)-27),((99)-89),((29)-24),((105)-87),((315)-85),((273)-56),((235)-94),((191)-82),((311)-85),((59)-59),((232)-72),((218)-93),((209)-74),((223)-84),((63)-32),((98)-64),((106)-55),((302)-52),((45)-34),((125)-23),((75)-20),((173)-97),((205)-71),((68)-30),((176)-56),((138)-27),((225)-75)},{((91)-37),((284)-96),((209)-82),((220)-57),((100)-33),((281)-54),((211)-58),((173)-81),((174)-56),((65)-43),((173)-17),((260)-77),((121)-25),((148)-13),((104)-65),((179)-58),((221)-96),((187)-36),((109)-54),((269)-84),((229)-43),((244)-80),((20)-17),((235)-60),((278)-25),((322)-78),((95)-12),((324)-97),((245)-53),((276)-28),((54)-49),((216)-12),((226)-86),((47)-38),((177)-29),((208)-92),((248)-31),((253)-71),((238)-65)},{((195)-35),((215)-56),((209)-20),((224)-44),((272)-79),((271)-86),((268)-92),((220)-95),((190)-97),((270)-60),((259)-19),((185)-41),((120)-76),((119)-68),((85)-30),((302)-96),((105)-60),((129)-80),((155)-89),((175)-70),((20)-11),((82)-20),((112)-46),((185)-89),((144)-22),((61)-35),((152)-71),((175)-64),((162)-12),((201)-11),((24)-20),((95)-70),((149)-63),((313)-67),((182)-19),((116)-18),((40)-38),((110)-26),((131)-59)},{((75)-51),((170)-55),((46)-27),((150)-24),((267)-24),((83)-40),((230)-70),((195)-43),((199)-69),((276)-93),((134)-61),((102)-12),((272)-78),((86)-66),((105)-36),((263)-46),((247)-75),((47)-14),((100)-76),((233)-92),((206)-70),((128)-14),((116)-53),((306)-86),((296)-43),((242)-53),((98)-18),((155)-97),((159)-75),((300)-56),((56)-12),((241)-44),((178)-39),((260)-95),((47)-17),((253)-27),((48)-23),((299)-66),((73)-61)},{((292)-58),((88)-27),((214)-28),((134)-65),((236)-95),((310)-91),((227)-17),((220)-75),((265)-86),((59)-44),((242)-32),((245)-96),((191)-38),((155)-37),((226)-69),((252)-44),((80)-27),((223)-13),((114)-30),((299)-82),((67)-11),((342)-91),((258)-68),((187)-58),((152)-58),((174)-44),((103)-60),((265)-62),((95)-39),((155)-17),((208)-41),((339)-90),((159)-36),((64)-40),((114)-93),((75)-16),((299)-58),((27)-12),((74)-72)},{((188)-61),((66)-56),((214)-70),((152)-34),((100)-91),((212)-60),((81)-12),((158)-50),((133)-82),((165)-71),((49)-19),((165)-44),((105)-15),((184)-33),((203)-30),((214)-90),((272)-66),((75)-69),((63)-14),((145)-69),((201)-38),((52)-15),((253)-56),((252)-46),((109)-13),((277)-64),((78)-65),((138)-11),((150)-93),((60)-25),((297)-87),((193)-88),((132)-72),((305)-63),((210)-81),((173)-69),((188)-80),((175)-89),((239)-44)},{((294)-78),((73)-52),((259)-78),((102)-17),((304)-83),((212)-87),((119)-78),((236)-78),((229)-15),((112)-37),((101)-31),((142)-94),((160)-62),((163)-49),((292)-44),((135)-48),((38)-25),((110)-54),((271)-27),((136)-62),((89)-63),((149)-45),((191)-96),((275)-85),((298)-68),((212)-78),((216)-49),((305)-93),((210)-64),((229)-74),((101)-20),((110)-12),((311)-70),((240)-42),((87)-20),((297)-91),((163)-80),((153)-95),((69)-33)},{((217)-16),((90)-55),((254)-37),((303)-69),((241)-24),((292)-96),((241)-31),((193)-49),((221)-22),((315)-86),((59)-47),((100)-45),((148)-23),((233)-87),((289)-85),((101)-28),((309)-97),((275)-68),((59)-53),((279)-52),((207)-15),((320)-85),((225)-49),((127)-78),((117)-77),((137)-84),((153)-61),((157)-12),((214)-52),((178)-82),((254)-66),((252)-86),((227)-22),((170)-96),((236)-23),((127)-37),((127)-16),((225)-75),((159)-35)},{((314)-81),((114)-81),((79)-33),((167)-82),((200)-62),((247)-92),((140)-51),((240)-21),((62)-56),((205)-82),((259)-80),((120)-80),((47)-12),((164)-55),((203)-24),((172)-15),((100)-77),((190)-28),((319)-85),((64)-30),((92)-45),((158)-72),((207)-68),((226)-70),((178)-91),((115)-51),((306)-56),((240)-77),((75)-51),((122)-94),((208)-62),((89)-74),((193)-42),((208)-11),((187)-25),((143)-16),((220)-50),((159)-45),((179)-14)},{((204)-22),((268)-20),((288)-36),((73)-60),((149)-27),((205)-71),((240)-37),((234)-14),((114)-54),((196)-95),((210)-92),((104)-52),((151)-43),((203)-43),((74)-45),((231)-63),((154)-18),((123)-74),((68)-27),((125)-19),((281)-49),((294)-41),((81)-63),((116)-59),((83)-52),((235)-53),((82)-68),((94)-89),((234)-43),((252)-96),((117)-30),((153)-35),((202)-67),((136)-67),((241)-93),((170)-96),((61)-22),((123)-54),((133)-12)},{((323)-77),((211)-82),((46)-36),((319)-82),((157)-29),((40)-25),((241)-53),((313)-86),((188)-18),((306)-93),((103)-16),((199)-24),((167)-23),((86)-72),((272)-46),((129)-25),((295)-96),((193)-68),((196)-28),((89)-63),((101)-19),((331)-93),((262)-46),((122)-49),((115)-11),((103)-47),((311)-65),((255)-93),((162)-77),((300)-72),((240)-34),((233)-23),((214)-26),((77)-36),((77)-15),((196)-73),((265)-20),((164)-36),((194)-71)},{((219)-41),((135)-57),((98)-55),((148)-62),((85)-55),((279)-75),((138)-56),((253)-76),((153)-50),((231)-85),((77)-70),((98)-35),((304)-85),((258)-64),((143)-92),((134)-52),((107)-73),((256)-32),((231)-42),((156)-76),((165)-94),((129)-48),((320)-79),((64)-23),((186)-93),((345)-92),((135)-82),((122)-52),((134)-60),((135)-25),((300)-95),((24)-19),((187)-26),((249)-81),((223)-29),((154)-95),((308)-53),((96)-41),((130)-75)},{((72)-65),((62)-20),((80)-69),((140)-46),((294)-75),((192)-90),((189)-19),((246)-58),((265)-38),((218)-17),((33)-22),((100)-72),((285)-67),((205)-22),((144)-96),((125)-50),((122)-82),((127)-48),((287)-48),((81)-42),((122)-31),((247)-61),((129)-78),((89)-37),((290)-82),((130)-87),((298)-95),((139)-71),((300)-63),((57)-46),((211)-44),((254)-83),((259)-62),((117)-55),((80)-78),((85)-27),((270)-18),((255)-51),((314)-75)},{((230)-25),((53)-21),((202)-45),((87)-47),((106)-72),((120)-69),((297)-64),((173)-49),((298)-57),((205)-89),((95)-27),((165)-49),((254)-33),((280)-42),((262)-90),((119)-73),((65)-51),((57)-29),((194)-97),((140)-39),((142)-24),((303)-76),((147)-34),((198)-29),((210)-28),((277)-59),((65)-46),((338)-85),((185)-63),((83)-78),((212)-74),((340)-94),((144)-50),((155)-51),((268)-33),((339)-87),((230)-41),((79)-45),((242)-48)},{((151)-83),((93)-57),((267)-26),((126)-72),((142)-84),((95)-20),((202)-18),((147)-77),((170)-44),((165)-26),((252)-77),((138)-97),((187)-64),((247)-95),((301)-67),((169)-61),((32)-20),((326)-96),((120)-21),((250)-15),((91)-40),((240)-72),((299)-75),((100)-15),((104)-24),((128)-70),((75)-68),((288)-60),((145)-56),((166)-47),((36)-13),((193)-14),((271)-82),((264)-71),((124)-36),((104)-12),((298)-63),((198)-32),((138)-86)},{((99)-30),((81)-73),((253)-11),((266)-85),((69)-68),((258)-97),((249)-55),((262)-88),((137)-29),((195)-75),((97)-51),((149)-86),((225)-22),((273)-48),((115)-21),((280)-47),((127)-17),((136)-48),((93)-27),((278)-47),((93)-31),((314)-70),((279)-83),((207)-28),((219)-61),((264)-89),((128)-19),((125)-39),((47)-34),((267)-85),((85)-42),((200)-88),((245)-15),((121)-22),((315)-77),((158)-43),((254)-18),((132)-25),((304)-58)},{((160)-45),((72)-66),((236)-74),((106)-79),((66)-43),((259)-92),((230)-49),((156)-41),((135)-43),((87)-65),((246)-55),((106)-54),((214)-93),((197)-23),((51)-11),((267)-88),((294)-56),((92)-80),((93)-55),((277)-79),((257)-76),((214)-21),((121)-74),((54)-34),((91)-15),((156)-67),((174)-46),((213)-12),((312)-72),((105)-65),((205)-73),((131)-16),((169)-36),((193)-43),((174)-90),((72)-24),((120)-55),((38)-30),((80)-58)},{((248)-70),((191)-60),((239)-87),((185)-37),((58)-41),((251)-95),((193)-42),((259)-53),((256)-88),((198)-65),((239)-63),((209)-89),((316)-93),((96)-38),((94)-45),((231)-74),((242)-45),((180)-70),((36)-26),((267)-23),((302)-80),((177)-64),((51)-42),((184)-70),((202)-74),((91)-29),((235)-43),((58)-15),((250)-34),((73)-22),((155)-61),((257)-71),((149)-85),((312)-57),((151)-70),((159)-25),((253)-73),((301)-78),((165)-16)},{((49)-22),((224)-73),((40)-12),((269)-42),((300)-82),((327)-83),((93)-66),((251)-50),((174)-60),((267)-31),((131)-12),((214)-23),((332)-85),((35)-31),((93)-50),((218)-37),((58)-42),((50)-43),((166)-54),((189)-34),((144)-76),((78)-45),((53)-42),((252)-72),((145)-74),((259)-36),((105)-36),((157)-71),((112)-92),((278)-86),((67)-53),((32)-27),((274)-78),((105)-39),((266)-57),((152)-17),((85)-63),((189)-59),((174)-92)},{((318)-67),((97)-72),((113)-45),((99)-77),((143)-74),((251)-70),((283)-46),((301)-51),((114)-81),((107)-52),((177)-67),((293)-78),((220)-92),((202)-91),((159)-78),((296)-90),((174)-85),((253)-92),((151)-64),((243)-16),((118)-39),((143)-47),((89)-80),((50)-11),((159)-77),((87)-48),((146)-60),((231)-33),((268)-82),((259)-60),((279)-41),((102)-67),((146)-94),((272)-30),((244)-86),((231)-17),((250)-26),((246)-79),((46)-17)},{((132)-82),((156)-45),((300)-64),((214)-95),((126)-77),((143)-42),((104)-38),((116)-85),((97)-23),((29)-11),((211)-64),((276)-73),((231)-15),((268)-16),((135)-86),((102)-36),((62)-62),((161)-66),((151)-78),((104)-57),((204)-32),((112)-60),((196)-11),((231)-25),((288)-43),((250)-31),((201)-61),((284)-88),((236)-27),((335)-90),((66)-24),((81)-22),((330)-81),((201)-78),((105)-43),((71)-31),((253)-88),((129)-81),((198)-81)},{((247)-74),((264)-78),((293)-68),((101)-79),((121)-82),((296)-67),((92)-63),((152)-74),((223)-20),((53)-32),((262)-17),((210)-52),((194)-41),((304)-86),((187)-34),((268)-97),((236)-44),((319)-88),((233)-28),((160)-60),((235)-44),((211)-29),((170)-58),((126)-52),((242)-46),((278)-51),((272)-28),((241)-63),((268)-21),((45)-15),((179)-24),((92)-57),((220)-48),((237)-91),((128)-91),((268)-88),((109)-12),((232)-96),((148)-69)},{((146)-92),((305)-56),((166)-82),((112)-59),((214)-35),((232)-97),((69)-56),((121)-13),((69)-38),((130)-56),((270)-79),((282)-35),((241)-94),((183)-58),((272)-34),((239)-35),((309)-88),((171)-19),((179)-62),((255)-43),((81)-73),((198)-30),((322)-85),((102)-82),((222)-42),((139)-58),((65)-32),((230)-28),((60)-23),((291)-94),((246)-45),((184)-96),((165)-70),((135)-17),((282)-43),((230)-51),((295)-60),((269)-31),((275)-85)},{((262)-37),((266)-72),((64)-46),((226)-83),((97)-71),((138)-44),((144)-29),((218)-64),((184)-56),((219)-25),((289)-81),((167)-25),((154)-47),((297)-95),((312)-58),((203)-45),((257)-43),((87)-77),((216)-49),((141)-70),((251)-50),((304)-90),((151)-33),((260)-86),((108)-34),((133)-52),((125)-18),((310)-85),((250)-85),((239)-18),((273)-49),((225)-49),((301)-90),((237)-57),((47)-40),((118)-54),((239)-36),((241)-44),((266)-52)},{((178)-38),((77)-46),((212)-64),((55)-29),((251)-20),((107)-19),((228)-35),((301)-91),((185)-41),((56)-38),((196)-80),((236)-42),((213)-91),((58)-50),((102)-38),((118)-41),((147)-31),((304)-66),((227)-11),((116)-31),((290)-69),((146)-48),((293)-87),((90)-36),((113)-46),((162)-29),((214)-64),((105)-18),((279)-94),((180)-91),((241)-22),((78)-17),((219)-15),((155)-20),((51)-30),((94)-17),((105)-15),((177)-51),((340)-92)},{((127)-53),((60)-22),((208)-88),((344)-94),((242)-88),((236)-55),((144)-97),((267)-81),((74)-20),((235)-38),((221)-93),((96)-17),((176)-97),((203)-42),((268)-57),((248)-69),((264)-33),((48)-43),((249)-84),((152)-22),((166)-26),((235)-91),((62)-26),((144)-13),((289)-89),((266)-79),((135)-44),((305)-93),((316)-74),((69)-53),((249)-45),((70)-27),((89)-82),((96)-72),((276)-53),((292)-52),((166)-26),((127)-34),((146)-35)},{((195)-23),((139)-63),((167)-35),((185)-36),((248)-60),((137)-45),((188)-79),((156)-56),((174)-38),((107)-67),((62)-54),((189)-38),((108)-26),((316)-92),((301)-60),((197)-17),((200)-45),((184)-90),((35)-14),((246)-79),((234)-50),((309)-86),((104)-55),((164)-66),((257)-11),((80)-74),((144)-56),((237)-93),((250)-63),((287)-70),((295)-87),((141)-58),((147)-46),((224)-62),((105)-39),((316)-90),((183)-74),((107)-94),((314)-77)},{((194)-70),((110)-58),((233)-39),((300)-89),((190)-40),((191)-63),((155)-88),((331)-81),((73)-63),((199)-58),((269)-33),((192)-30),((199)-59),((88)-16),((309)-86),((102)-40),((206)-92),((98)-80),((210)-23),((232)-28),((212)-69),((154)-33),((82)-22),((123)-58),((155)-69),((212)-65),((298)-59),((196)-79),((110)-28),((174)-79),((301)-46),((222)-63),((138)-53),((138)-49),((168)-56),((38)-22),((237)-87),((279)-86),((183)-55)},{((117)-85),((192)-78),((97)-44),((112)-36),((305)-69),((205)-53),((280)-50),((253)-32),((137)-77),((255)-51),((314)-81),((113)-31),((219)-33),((238)-83),((30)-27),((145)-24),((262)-16),((82)-18),((223)-35),((162)-90),((75)-72),((163)-18),((253)-91),((192)-91),((160)-81),((29)-11),((110)-13),((85)-23),((194)-15),((271)-62),((170)-57),((135)-57),((117)-94),((80)-53),((255)-77),((224)-43),((264)-69),((200)-62),((184)-29)},{((86)-31),((101)-93),((93)-64),((139)-49),((291)-41),((115)-55),((108)-44),((116)-13),((284)-86),((132)-82),((78)-63),((131)-77),((275)-61),((126)-11),((72)-31),((126)-81),((146)-75),((259)-28),((157)-22),((201)-75),((175)-88),((278)-34),((61)-56),((32)-23),((125)-90),((240)-45),((130)-61),((243)-63),((263)-83),((96)-93),((137)-81),((230)-41),((197)-78),((87)-29),((216)-15),((253)-74),((54)-49),((117)-41),((67)-21)},{((111)-87),((220)-36),((174)-74),((271)-93),((202)-33),((99)-91),((168)-16),((150)-33),((206)-33),((197)-11),((192)-63),((79)-44),((246)-60),((201)-77),((205)-64),((143)-62),((154)-56),((322)-68),((247)-40),((278)-50),((81)-48),((241)-48),((108)-89),((100)-93),((138)-92),((303)-97),((70)-12),((119)-96),((343)-90),((184)-27),((235)-22),((115)-40),((312)-81),((99)-85),((194)-20),((25)-25),((54)-24),((49)-19),((236)-46)},{((149)-84),((84)-15),((87)-44),((150)-12),((33)-21),((298)-75),((202)-79),((87)-21),((145)-91),((172)-36),((137)-75),((79)-68),((241)-93),((178)-30),((155)-85),((134)-81),((64)-33),((248)-60),((81)-42),((143)-26),((190)-82),((271)-68),((173)-82),((143)-84),((201)-86),((160)-35),((127)-59),((295)-65),((213)-88),((129)-49),((152)-16),((246)-97),((179)-87),((207)-65),((247)-84),((292)-68),((169)-41),((268)-84),((285)-71)},{((289)-49),((183)-39),((239)-16),((303)-76),((319)-66),((249)-92),((277)-64),((164)-86),((326)-92),((223)-15),((199)-90),((211)-46),((238)-43),((309)-88),((188)-63),((95)-92),((27)-20),((295)-58),((167)-29),((83)-71),((263)-53),((276)-23),((252)-34),((91)-21),((89)-80),((33)-20),((195)-65),((198)-41),((287)-51),((278)-64),((133)-15),((76)-42),((209)-97),((131)-28),((276)-78),((109)-26),((148)-97),((178)-71),((136)-81)},{((298)-44),((250)-90),((189)-25),((93)-34),((22)-11),((136)-47),((140)-60),((258)-83),((266)-51),((197)-78),((171)-19),((228)-31),((158)-30),((87)-43),((158)-62),((250)-93),((198)-93),((149)-93),((240)-37),((109)-41),((154)-54),((160)-91),((178)-14),((58)-33),((72)-17),((161)-54),((181)-39),((210)-13),((108)-62),((225)-75),((227)-94),((225)-57),((92)-55),((234)-58),((121)-68),((273)-73),((120)-55),((187)-90),((111)-45)},{((172)-11),((36)-14),((66)-14),((145)-41),((169)-64),((206)-84),((92)-39),((274)-49),((168)-17),((106)-68),((113)-97),((53)-33),((287)-33),((151)-44),((203)-78),((261)-75),((149)-94),((205)-11),((247)-58),((271)-92),((189)-45),((149)-40),((201)-52),((150)-57),((95)-68),((154)-97),((261)-22),((227)-84),((234)-43),((184)-53),((181)-36),((154)-75),((116)-90),((224)-42),((288)-63),((273)-83),((212)-78),((99)-96),((176)-37)},{((31)-15),((101)-55),((253)-25),((169)-37),((227)-47),((177)-57),((214)-77),((124)-56),((186)-49),((241)-65),((271)-35),((162)-43),((26)-26),((288)-58),((142)-21),((76)-68),((262)-84),((234)-17),((204)-44),((249)-46),((168)-26),((275)-42),((260)-58),((106)-34),((45)-20),((145)-51),((230)-41),((199)-84),((177)-19),((41)-22),((114)-39),((314)-83),((242)-36),((146)-83),((174)-80),((205)-94),((77)-32),((105)-95),((227)-96)},{((96)-13),((169)-76),((275)-22),((150)-97),((157)-52),((63)-54),((204)-61),((138)-30),((157)-36),((37)-15),((161)-83),((278)-44),((303)-62),((57)-46),((220)-88),((37)-30),((154)-91),((139)-76),((85)-70),((102)-52),((40)-21),((181)-79),((323)-96),((203)-93),((275)-32),((96)-88),((133)-89),((83)-65),((97)-13),((169)-68),((272)-46),((241)-50),((79)-49),((139)-79),((99)-16),((335)-92),((55)-12),((165)-70),((322)-67)},{((98)-17),((138)-53),((131)-20),((69)-57),((116)-48),((245)-21),((181)-15),((231)-39),((126)-69),((344)-91),((80)-27),((105)-52),((32)-27),((68)-28),((95)-86),((170)-78),((244)-27),((182)-82),((126)-32),((175)-67),((239)-14),((172)-56),((330)-97),((149)-38),((89)-26),((204)-28),((78)-53),((125)-86),((244)-12),((108)-31),((301)-64),((167)-56),((96)-43),((307)-85),((268)-81),((194)-81),((129)-32),((213)-43),((292)-92)},{((212)-86),((121)-91),((121)-43),((129)-42),((222)-53),((266)-71),((79)-58),((230)-79),((78)-23),((120)-68),((138)-82),((223)-81),((261)-24),((89)-29),((58)-46),((71)-33),((235)-37),((116)-92),((135)-42),((125)-93),((102)-44),((237)-22),((106)-91),((80)-13),((246)-19),((57)-30),((53)-39),((194)-20),((119)-29),((103)-90),((190)-34),((155)-56),((90)-65),((114)-72),((222)-76),((205)-54),((193)-13),((101)-72),((185)-52)},{((119)-17),((179)-38),((14)-11),((162)-34),((75)-64),((149)-66),((248)-87),((160)-11),((277)-33),((104)-76),((296)-44),((195)-82),((228)-85),((142)-95),((28)-16),((43)-24),((240)-26),((158)-37),((130)-79),((315)-95),((176)-95),((212)-62),((74)-62),((148)-14),((49)-32),((219)-69),((298)-53),((194)-75),((239)-25),((126)-34),((243)-21),((216)-49),((186)-23),((118)-65),((292)-57),((155)-33),((79)-14),((294)-47),((65)-57)},{((122)-13),((305)-69),((180)-49),((116)-90),((104)-31),((134)-48),((240)-37),((107)-52),((295)-48),((265)-53),((259)-25),((225)-87),((252)-63),((71)-30),((68)-14),((234)-63),((169)-81),((84)-60),((288)-43),((100)-89),((241)-70),((61)-52),((104)-69),((138)-82),((228)-16),((57)-13),((163)-89),((131)-52),((185)-90),((135)-23),((116)-87),((208)-88),((99)-36),((294)-52),((177)-48),((125)-18),((216)-17),((120)-52),((250)-43)},{((41)-18),((218)-13),((178)-89),((77)-45),((309)-95),((276)-45),((111)-32),((292)-56),((247)-43),((135)-70),((121)-29),((345)-93),((204)-52),((256)-94),((234)-68),((139)-78),((196)-63),((255)-95),((307)-68),((241)-37),((308)-91),((116)-30),((283)-58),((239)-20),((306)-70),((188)-26),((125)-75),((321)-67),((317)-68),((277)-89),((147)-76),((189)-93),((259)-62),((172)-71),((111)-45),((201)-30),((177)-54),((246)-32),((179)-61)},{((128)-94),((94)-43),((165)-92),((106)-11),((245)-85),((212)-35),((123)-20),((338)-88),((46)-13),((85)-22),((252)-16),((134)-11),((188)-33),((193)-91),((292)-95),((173)-37),((80)-66),((262)-31),((171)-44),((184)-96),((183)-43),((296)-48),((248)-87),((180)-36),((273)-94),((102)-19),((312)-83),((95)-83),((121)-56),((217)-31),((173)-48),((23)-15),((103)-34),((84)-64),((140)-25),((76)-44),((270)-46),((126)-71),((149)-86)},{((203)-45),((125)-28),((244)-13),((39)-38),((187)-34),((140)-26),((223)-57),((85)-67),((136)-14),((144)-39),((195)-55),((119)-75),((287)-70),((109)-31),((163)-58),((35)-30),((92)-80),((105)-67),((179)-20),((153)-54),((240)-60),((89)-22),((249)-77),((211)-69),((182)-67),((16)-14),((94)-88),((281)-37),((105)-56),((198)-53),((71)-25),((216)-24),((101)-74),((188)-40),((236)-84),((113)-22),((245)-59),((234)-70),((229)-15)},{((281)-38),((221)-35),((281)-82),((277)-22),((263)-91),((130)-53),((297)-77),((81)-69),((258)-12),((158)-86),((314)-69),((228)-31),((57)-25),((273)-24),((139)-47),((285)-50),((280)-44),((240)-22),((76)-53),((196)-77),((332)-88),((176)-49),((196)-75),((130)-70),((186)-34),((207)-12),((177)-33),((156)-44),((233)-69),((266)-72),((111)-13),((119)-56),((129)-59),((121)-47),((320)-95),((252)-11),((80)-13),((183)-60),((186)-20)},{((248)-52),((73)-49),((226)-51),((92)-82),((109)-43),((107)-37),((84)-75),((149)-45),((232)-85),((169)-76),((264)-11),((54)-24),((100)-25),((79)-70),((301)-71),((121)-75),((115)-37),((166)-74),((251)-34),((237)-55),((85)-51),((105)-32),((276)-43),((127)-81),((201)-12),((251)-55),((249)-30),((151)-67),((51)-27),((227)-57),((180)-84),((96)-61),((193)-76),((164)-95),((269)-82),((227)-40),((137)-28),((263)-68),((247)-74)},{((92)-28),((264)-57),((246)-83),((200)-88),((283)-67),((266)-24),((202)-65),((284)-56),((276)-83),((64)-45),((155)-28),((200)-67),((58)-50),((73)-61),((113)-84),((303)-84),((245)-61),((118)-82),((149)-74),((315)-83),((185)-62),((48)-38),((72)-32),((276)-80),((202)-64),((206)-42),((81)-52),((298)-76),((208)-96),((121)-83),((306)-73),((136)-77),((169)-93),((269)-72),((271)-74),((143)-24),((213)-11),((237)-57),((18)-12)},{((206)-57),((179)-74),((126)-69),((246)-85),((248)-61),((134)-55),((253)-83),((183)-48),((122)-96),((227)-93),((158)-15),((94)-76),((80)-58),((84)-48),((183)-22),((151)-25),((254)-33),((34)-17),((236)-59),((100)-58),((110)-90),((247)-35),((253)-11),((174)-32),((218)-69),((190)-15),((136)-96),((316)-80),((148)-22),((263)-23),((212)-33),((34)-29),((39)-17),((206)-63),((160)-17),((89)-24),((162)-11),((202)-76),((28)-11)},{((172)-12),((172)-56),((82)-14),((223)-51),((226)-28),((46)-18),((137)-21),((108)-27),((299)-71),((120)-40),((115)-26),((277)-57),((252)-28),((314)-73),((268)-93),((197)-60),((308)-76),((50)-22),((218)-30),((340)-96),((126)-47),((182)-96),((190)-78),((282)-52),((266)-96),((146)-86),((257)-15),((225)-44),((77)-70),((62)-38),((225)-80),((174)-32),((115)-51),((191)-41),((77)-14),((237)-27),((186)-89),((139)-86),((48)-43)},{((155)-49),((171)-39),((116)-89),((214)-96),((112)-29),((291)-61),((144)-62),((171)-80),((283)-64),((241)-18),((193)-18),((134)-22),((97)-36),((163)-95),((113)-19),((256)-41),((171)-19),((171)-68),((146)-65),((293)-65),((175)-60),((108)-37),((82)-59),((141)-14),((194)-41),((252)-16),((164)-93),((97)-61),((203)-20),((62)-27),((127)-83),((270)-52),((172)-85),((249)-26),((183)-79),((143)-65),((320)-95),((177)-65),((108)-79)},{((119)-51),((246)-44),((286)-44),((276)-95),((106)-90),((302)-61),((153)-42),((199)-35),((194)-13),((187)-69),((260)-44),((154)-34),((317)-67),((65)-25),((238)-16),((85)-41),((131)-31),((114)-75),((89)-88),((271)-45),((216)-33),((232)-19),((136)-19),((315)-89),((122)-70),((139)-58),((256)-96),((52)-18),((285)-91),((273)-82),((59)-38),((274)-68),((91)-50),((239)-77),((256)-90),((135)-33),((257)-60),((329)-89),((222)-33)},{((165)-72),((151)-25),((38)-25),((279)-84),((141)-62),((97)-40),((275)-23),((311)-81),((153)-70),((140)-36),((236)-71),((71)-37),((224)-54),((230)-14),((256)-75),((226)-80),((284)-95),((226)-93),((216)-22),((189)-91),((277)-61),((108)-44),((197)-77),((227)-81),((78)-63),((205)-51),((247)-34),((244)-27),((128)-92),((194)-37),((162)-40),((38)-16),((159)-55),((133)-38),((135)-40),((62)-33),((197)-70),((92)-61),((189)-28)},{((89)-77),((143)-49),((245)-95),((218)-25),((251)-28),((102)-48),((248)-67),((174)-89),((262)-68),((94)-74),((80)-31),((80)-14),((263)-67),((147)-47),((221)-97),((317)-68),((207)-75),((53)-44),((161)-70),((200)-53),((278)-88),((260)-40),((82)-34),((274)-75),((78)-44),((190)-35),((140)-46),((118)-85),((214)-86),((245)-74),((139)-22),((160)-75),((274)-72),((302)-70),((232)-96),((167)-66),((189)-78),((34)-28),((208)-20)},{((118)-95),((173)-29),((135)-52),((108)-86),((196)-79),((207)-47),((140)-31),((71)-61),((120)-77),((247)-12),((113)-39),((196)-70),((68)-38),((134)-35),((304)-62),((288)-39),((248)-41),((125)-53),((25)-13),((142)-75),((94)-75),((126)-72),((78)-55),((187)-81),((322)-94),((128)-17),((209)-39),((220)-20),((81)-33),((334)-91),((242)-34),((280)-72),((160)-47),((279)-75),((109)-40),((170)-45),((119)-29),((129)-95),((328)-74)},{((190)-91),((83)-83),((150)-20),((216)-66),((302)-61),((155)-49),((201)-39),((107)-45),((37)-31),((146)-61),((319)-74),((157)-59),((229)-49),((292)-83),((103)-68),((258)-93),((90)-21),((121)-58),((226)-12),((229)-86),((283)-49),((257)-32),((49)-37),((132)-77),((94)-30),((156)-57),((236)-46),((117)-62),((105)-46),((333)-79),((155)-62),((156)-20),((118)-33),((263)-18),((82)-63),((96)-32),((272)-18),((289)-44),((119)-78)},{((196)-30),((128)-79),((34)-17),((274)-91),((217)-39),((259)-16),((195)-17),((240)-41),((276)-56),((44)-41),((325)-92),((219)-94),((177)-26),((161)-19),((132)-60),((127)-90),((239)-15),((296)-41),((29)-13),((247)-44),((43)-27),((114)-59),((201)-21),((123)-60),((218)-18),((215)-41),((117)-52),((174)-34),((140)-83),((110)-14),((85)-46),((174)-92),((47)-26),((172)-60),((164)-83),((281)-77),((211)-51),((81)-43),((222)-89)},{((154)-95),((184)-82),((241)-22),((288)-78),((127)-17),((153)-68),((251)-53),((322)-93),((304)-58),((261)-81),((172)-27),((122)-86),((69)-55),((89)-52),((255)-58),((326)-73),((79)-30),((220)-11),((283)-31),((264)-34),((63)-63),((202)-45),((252)-39),((135)-22),((178)-58),((186)-40),((56)-45),((277)-70),((98)-91),((76)-69),((258)-43),((343)-93),((194)-40),((324)-87),((143)-37),((281)-36),((219)-97),((210)-70),((234)-55)},{((203)-50),((296)-77),((257)-21),((235)-65),((195)-60),((289)-59),((68)-45),((208)-25),((260)-21),((225)-73),((242)-60),((271)-37),((153)-15),((263)-69),((296)-50),((196)-49),((58)-46),((250)-69),((253)-42),((123)-12),((171)-53),((225)-81),((20)-11),((172)-35),((271)-78),((259)-63),((193)-45),((207)-24),((193)-41),((289)-54),((158)-54),((326)-86),((289)-55),((291)-40),((207)-30),((85)-17),((243)-58),((83)-20),((280)-74)},{((118)-58),((190)-25),((273)-91),((134)-18),((102)-21),((286)-45),((181)-27),((217)-33),((324)-91),((228)-91),((68)-66),((192)-21),((297)-96),((62)-26),((99)-56),((110)-41),((204)-17),((173)-46),((246)-63),((291)-40),((227)-11),((100)-71),((164)-96),((109)-11),((198)-35),((312)-82),((173)-74),((314)-76),((301)-56),((186)-15),((207)-97),((230)-38),((119)-70),((332)-96),((240)-39),((151)-37),((65)-12),((239)-39),((206)-75)},{((263)-88),((264)-72),((192)-66),((323)-96),((99)-33),((237)-41),((137)-90),((190)-35),((24)-21),((264)-36),((231)-62),((251)-34),((82)-39),((102)-30),((246)-92),((106)-78),((236)-48),((253)-38),((153)-72),((185)-30),((227)-26),((112)-76),((250)-93),((178)-17),((157)-57),((224)-29),((302)-67),((280)-96),((209)-57),((91)-78),((62)-19),((258)-55),((182)-14),((140)-27),((168)-51),((35)-26),((166)-63),((40)-37),((291)-54)},{((285)-79),((87)-11),((100)-29),((262)-96),((144)-42),((300)-77),((257)-72),((120)-31),((192)-70),((203)-54),((259)-80),((88)-22),((133)-40),((231)-86),((47)-33),((180)-27),((105)-71),((53)-45),((228)-73),((58)-16),((230)-18),((326)-75),((225)-31),((251)-14),((181)-70),((228)-26),((188)-17),((130)-89),((171)-37),((111)-73),((63)-61),((93)-74),((286)-68),((253)-18),((179)-44),((158)-70),((119)-13),((187)-20),((111)-75)},{((185)-75),((231)-75),((186)-65),((183)-97),((220)-91),((160)-90),((167)-36),((66)-31),((223)-67),((160)-91),((177)-52),((188)-37),((56)-36),((251)-92),((242)-27),((240)-86),((265)-33),((162)-65),((93)-31),((281)-63),((86)-42),((82)-47),((77)-45),((65)-34),((187)-55),((88)-52),((196)-30),((48)-31),((144)-45),((153)-63),((210)-80),((256)-96),((312)-65),((142)-21),((110)-85),((175)-41),((276)-60),((262)-17),((122)-54)},{((212)-14),((152)-50),((146)-47),((275)-25),((139)-51),((210)-31),((221)-64),((190)-67),((283)-34),((341)-97),((95)-12),((89)-67),((222)-79),((136)-31),((82)-73),((135)-96),((321)-90),((105)-35),((197)-75),((53)-27),((115)-85),((263)-90),((237)-57),((265)-59),((151)-83),((105)-97),((155)-92),((59)-44),((68)-18),((90)-71),((146)-44),((272)-45),((150)-43),((198)-32),((207)-11),((270)-35),((256)-82),((168)-29),((273)-69)},{((191)-79),((226)-26),((93)-28),((207)-86),((171)-85),((90)-60),((270)-20),((158)-63),((275)-20),((181)-55),((137)-56),((184)-12),((88)-51),((157)-64),((99)-41),((71)-69),((127)-43),((316)-75),((127)-33),((198)-22),((293)-88),((92)-61),((196)-35),((117)-52),((142)-80),((216)-71),((134)-60),((191)-26),((185)-29),((91)-83),((144)-93),((138)-78),((111)-13),((261)-72),((92)-41),((87)-32),((289)-39),((138)-49),((174)-42)},{((92)-11),((190)-14),((292)-83),((276)-25),((253)-68),((322)-81),((49)-12),((191)-29),((134)-89),((64)-51),((222)-40),((248)-74),((271)-32),((247)-73),((225)-30),((269)-53),((237)-47),((203)-39),((93)-34),((234)-87),((216)-78),((111)-43),((58)-25),((265)-45),((266)-15),((69)-57),((214)-12),((75)-63),((74)-23),((268)-92),((295)-45),((196)-65),((186)-81),((334)-82),((181)-42),((66)-13),((169)-77),((76)-41),((91)-13)},{((62)-45),((202)-94),((121)-44),((263)-60),((249)-90),((90)-56),((131)-67),((258)-12),((79)-46),((227)-77),((252)-46),((150)-44),((175)-91),((226)-32),((317)-92),((289)-47),((192)-16),((212)-71),((52)-20),((28)-18),((77)-41),((177)-49),((258)-74),((304)-68),((151)-11),((307)-59),((291)-65),((284)-32),((226)-70),((234)-25),((186)-77),((155)-39),((206)-64),((57)-50),((274)-71),((41)-38),((219)-22),((205)-59),((235)-54)},{((213)-63),((254)-21),((188)-86),((262)-21),((209)-91),((150)-11),((188)-13),((197)-48),((304)-89),((258)-26),((192)-26),((78)-12),((202)-41),((282)-69),((153)-36),((284)-49),((178)-30),((223)-45),((251)-21),((228)-94),((281)-91),((276)-34),((177)-31),((87)-79),((264)-87),((289)-82),((121)-79),((133)-84),((137)-62),((227)-31),((158)-22),((261)-72),((224)-32),((224)-80),((246)-67),((232)-84),((308)-77),((174)-74),((252)-13)},{((277)-47),((308)-61),((194)-86),((285)-30),((135)-19),((265)-15),((250)-48),((108)-49),((221)-60),((192)-14),((168)-56),((166)-89),((315)-78),((176)-26),((260)-80),((262)-30),((166)-33),((250)-61),((125)-23),((225)-93),((59)-27),((69)-30),((157)-92),((234)-48),((155)-32),((262)-83),((304)-57),((260)-48),((39)-14),((118)-54),((111)-17),((201)-42),((188)-24),((62)-32),((263)-94),((279)-38),((224)-57),((158)-52),((234)-46)},{((137)-92),((290)-55),((210)-13),((183)-73),((111)-62),((250)-54),((206)-79),((157)-51),((187)-64),((98)-38),((238)-80),((133)-71),((274)-82),((103)-60),((240)-89),((350)-95),((247)-23),((264)-96),((294)-81),((119)-80),((159)-91),((202)-52),((242)-27),((196)-77),((167)-21),((44)-29),((221)-70),((130)-24),((79)-73),((268)-28),((291)-82),((104)-25),((98)-24),((246)-77),((175)-70),((287)-61),((249)-61),((130)-39),((267)-59)},{((271)-33),((185)-43),((180)-73),((145)-28),((182)-64),((45)-32),((195)-36),((281)-79),((312)-80),((213)-55),((182)-85),((269)-93),((141)-64),((64)-19),((159)-69),((55)-31),((134)-54),((220)-88),((12)-11),((211)-71),((186)-81),((83)-65),((49)-36),((123)-45),((62)-49),((92)-58),((146)-91),((98)-69),((32)-32),((188)-37),((302)-60),((292)-59),((204)-41),((173)-45),((93)-34),((141)-51),((153)-49),((132)-94),((174)-67)},{((182)-36),((76)-61),((240)-86),((312)-86),((218)-18),((152)-64),((326)-95),((198)-50),((202)-15),((141)-11),((187)-14),((145)-33),((291)-88),((257)-85),((115)-76),((308)-57),((199)-70),((313)-89),((181)-96),((166)-38),((287)-42),((123)-78),((215)-17),((263)-87),((75)-42),((136)-72),((167)-86),((44)-29),((257)-21),((205)-52),((176)-61),((152)-24),((48)-16),((89)-66),((134)-59),((252)-17),((201)-88),((108)-30),((171)-83)},{((298)-50),((137)-89),((295)-91),((284)-73),((332)-95),((196)-94),((111)-69),((143)-48),((97)-64),((266)-25),((104)-84),((326)-81),((109)-37),((257)-60),((114)-34),((282)-72),((325)-94),((75)-61),((276)-32),((148)-94),((153)-82),((51)-46),((303)-77),((107)-29),((130)-90),((85)-32),((232)-19),((114)-36),((303)-56),((90)-69),((93)-20),((299)-66),((54)-24),((96)-14),((281)-39),((126)-19),((98)-78),((121)-71),((175)-34)},{((181)-33),((223)-52),((90)-54),((319)-87),((80)-48),((120)-85),((322)-79),((91)-69),((313)-66),((102)-31),((288)-92),((113)-34),((158)-85),((170)-80),((230)-23),((135)-37),((280)-65),((107)-17),((63)-21),((212)-57),((48)-44),((59)-38),((242)-31),((205)-29),((157)-77),((327)-81),((41)-21),((139)-67),((256)-89),((118)-86),((244)-43),((313)-82),((191)-60),((152)-14),((190)-29),((91)-65),((287)-65),((95)-73),((163)-73)},{((134)-79),((188)-64),((179)-16),((220)-30),((270)-80),((75)-71),((143)-14),((43)-31),((148)-64),((30)-20),((235)-30),((55)-27),((209)-68),((126)-51),((135)-95),((246)-37),((243)-95),((78)-39),((308)-82),((248)-46),((254)-35),((245)-89),((68)-67),((245)-84),((88)-53),((222)-80),((347)-97),((149)-54),((95)-31),((36)-28),((152)-96),((223)-85),((255)-88),((310)-61),((106)-48),((275)-60),((282)-40),((152)-41),((266)-16)},{((77)-37),((200)-69),((204)-82),((280)-50),((47)-33),((108)-85),((118)-57),((199)-47),((48)-31),((67)-46),((198)-47),((316)-70),((109)-76),((308)-73),((228)-25),((102)-38),((150)-56),((326)-72),((304)-85),((320)-91),((271)-38),((177)-52),((83)-68),((104)-46),((79)-56),((260)-55),((159)-15),((251)-28),((165)-38),((183)-26),((296)-94),((166)-30),((64)-12),((191)-22),((295)-65),((241)-63),((177)-48),((30)-13),((195)-57)},{((145)-37),((89)-12),((221)-49),((59)-26),((158)-95),((207)-92),((224)-77),((283)-81),((138)-84),((304)-81),((223)-17),((315)-74),((203)-93),((344)-95),((204)-81),((263)-58),((130)-60),((189)-84),((138)-64),((237)-68),((70)-40),((89)-29),((127)-15),((227)-52),((250)-58),((150)-24),((234)-39),((279)-45),((129)-26),((335)-93),((104)-46),((79)-50),((253)-77),((122)-59),((333)-97),((95)-76),((280)-62),((64)-59),((217)-17)},{((115)-83),((53)-52),((169)-42),((169)-73),((164)-38),((277)-34),((233)-86),((265)-70),((208)-76),((163)-14),((159)-76),((273)-18),((240)-59),((138)-70),((122)-76),((92)-42),((42)-17),((164)-30),((232)-77),((294)-78),((113)-93),((174)-15),((171)-17),((280)-71),((189)-18),((157)-21),((218)-39),((175)-52),((76)-19),((161)-74),((25)-12),((200)-27),((264)-43),((209)-51),((213)-38),((94)-50),((261)-14),((171)-24),((284)-29)},{((279)-59),((194)-30),((86)-56),((187)-18),((134)-88),((163)-87),((44)-42),((242)-80),((257)-47),((167)-17),((260)-96),((101)-68),((134)-32),((178)-37),((41)-31),((177)-28),((90)-60),((64)-60),((203)-55),((124)-89),((238)-30),((274)-27),((214)-24),((275)-42),((221)-49),((225)-27),((225)-61),((95)-61),((323)-77),((179)-55),((235)-16),((186)-41),((261)-73),((70)-21),((188)-86),((78)-76),((311)-75),((160)-67),((183)-59)},{((172)-31),((41)-31),((313)-82),((219)-45),((205)-69),((152)-29),((88)-61),((125)-42),((198)-63),((130)-91),((195)-48),((260)-83),((241)-93),((130)-78),((178)-70),((67)-59),((257)-51),((293)-61),((123)-26),((82)-45),((178)-88),((157)-64),((141)-96),((111)-31),((115)-66),((225)-93),((26)-25),((155)-15),((99)-85),((109)-74),((108)-34),((332)-93),((115)-66),((113)-47),((97)-97),((306)-85),((90)-33),((172)-63),((94)-81)},{((184)-50),((78)-31),((108)-31),((200)-71),((59)-26),((144)-58),((139)-66),((273)-40),((173)-75),((82)-71),((111)-70),((227)-30),((218)-14),((322)-92),((139)-47),((110)-78),((135)-47),((185)-94),((95)-52),((150)-72),((132)-85),((143)-78),((236)-49),((99)-29),((125)-61),((123)-42),((43)-36),((217)-63),((78)-63),((193)-44),((150)-52),((265)-54),((150)-90),((126)-49),((28)-17),((314)-82),((111)-40),((303)-63),((107)-96)},{((158)-95),((306)-83),((152)-64),((57)-56),((71)-40),((211)-24),((248)-54),((234)-17),((176)-94),((59)-37),((158)-80),((226)-80),((142)-96),((155)-40),((197)-43),((269)-88),((318)-72),((107)-47),((254)-69),((139)-71),((233)-93),((80)-14),((59)-54),((164)-80),((284)-87),((221)-90),((134)-38),((293)-93),((160)-21),((62)-32),((261)-44),((94)-89),((82)-63),((246)-34),((98)-41),((242)-25),((129)-38),((106)-73),((252)-50)},{((241)-74),((214)-59),((133)-56),((165)-15),((232)-52),((184)-78),((36)-26),((81)-23),((129)-62),((205)-59),((262)-87),((72)-71),((179)-48),((120)-85),((155)-93),((199)-12),((147)-77),((42)-33),((208)-43),((92)-75),((91)-13),((122)-97),((106)-38),((139)-41),((87)-63),((263)-47),((127)-88),((31)-24),((160)-36),((198)-44),((154)-96),((70)-47),((266)-42),((271)-46),((156)-36),((85)-70),((158)-96),((110)-35),((229)-37)},{((159)-50),((102)-54),((68)-55),((90)-58),((235)-43),((255)-12),((110)-15),((201)-93),((202)-42),((167)-90),((95)-79),((259)-25),((75)-75),((185)-25),((147)-84),((177)-88),((167)-57),((27)-17),((125)-24),((170)-42),((174)-41),((224)-75),((127)-26),((106)-88),((197)-88),((74)-22),((320)-86),((191)-73),((120)-24),((298)-45),((170)-48),((102)-97),((86)-74),((98)-43),((181)-96),((42)-34),((262)-59),((288)-71),((224)-39)},{((113)-67),((116)-40),((328)-92),((279)-78),((286)-78),((271)-59),((138)-31),((294)-92),((94)-27),((50)-48),((242)-80),((115)-49),((73)-16),((227)-95),((199)-37),((291)-77),((193)-75),((317)-78),((151)-12),((243)-13),((162)-28),((284)-32),((331)-92),((193)-50),((70)-23),((307)-65),((249)-29),((47)-44),((109)-11),((217)-66),((304)-58),((292)-85),((180)-69),((185)-97),((214)-18),((119)-75),((70)-57),((245)-35),((179)-48)},{((97)-27),((109)-21),((121)-91),((222)-36),((53)-19),((124)-60),((149)-97),((231)-65),((105)-44),((184)-28),((102)-81),((232)-20),((158)-42),((209)-11),((51)-17),((217)-66),((200)-19),((288)-55),((164)-92),((313)-81),((250)-70),((124)-40),((166)-26),((296)-90),((279)-82),((254)-57),((126)-25),((282)-73),((26)-17),((232)-54),((283)-66),((140)-22),((234)-60),((179)-66),((194)-25),((229)-60),((132)-59),((67)-17),((252)-94)},{((26)-23),((313)-85),((184)-12),((182)-89),((46)-14),((133)-83),((297)-49),((278)-65),((103)-45),((109)-86),((91)-77),((189)-61),((94)-71),((210)-92),((280)-41),((269)-95),((122)-47),((240)-44),((313)-87),((198)-85),((177)-34),((253)-58),((115)-16),((138)-22),((217)-61),((208)-87),((163)-16),((68)-17),((247)-36),((133)-61),((187)-24),((112)-45),((267)-66),((271)-95),((252)-76),((107)-27),((162)-26),((225)-85),((136)-44)},{((217)-86),((107)-72),((69)-60),((153)-36),((288)-67),((228)-38),((207)-73),((86)-31),((298)-48),((75)-63),((238)-31),((202)-30),((105)-85),((65)-15),((314)-82),((101)-11),((264)-23),((119)-39),((186)-14),((156)-45),((222)-85),((71)-30),((251)-76),((288)-83),((102)-23),((149)-40),((178)-20),((123)-61),((217)-21),((222)-87),((183)-96),((129)-16),((65)-48),((129)-56),((138)-25),((139)-35),((182)-52),((127)-93),((177)-87)},{((200)-54),((172)-61),((206)-56),((131)-80),((194)-87),((173)-23),((181)-92),((137)-35),((96)-90),((329)-90),((166)-75),((223)-28),((235)-74),((137)-32),((57)-31),((293)-72),((287)-48),((212)-31),((167)-21),((234)-49),((257)-45),((253)-50),((99)-38),((266)-54),((199)-92),((207)-53),((182)-15),((62)-34),((245)-47),((200)-63),((188)-86),((157)-33),((54)-26),((124)-45),((211)-89),((218)-83),((301)-52),((262)-96),((196)-91)},{((127)-57),((177)-85),((341)-89),((166)-50),((249)-64),((173)-65),((175)-24),((132)-24),((224)-65),((161)-37),((186)-23),((216)-23),((250)-66),((264)-91),((232)-43),((301)-95),((192)-69),((233)-19),((199)-42),((111)-28),((265)-39),((232)-28),((177)-75),((296)-69),((204)-94),((254)-76),((67)-37),((225)-91),((119)-16),((102)-55),((294)-73),((213)-53),((112)-38),((62)-20),((175)-16),((263)-74),((176)-83),((113)-55),((138)-73)},{((49)-45),((190)-35),((98)-40),((144)-17),((136)-83),((144)-48),((75)-22),((191)-90),((138)-72),((195)-25),((232)-32),((222)-31),((157)-78),((288)-49),((34)-18),((152)-12),((268)-33),((336)-84),((112)-77),((240)-45),((279)-28),((189)-38),((194)-36),((255)-74),((129)-83),((303)-61),((64)-23),((341)-92),((42)-14),((268)-15),((93)-78),((164)-24),((65)-45),((114)-35),((160)-51),((297)-84),((216)-64),((143)-26),((216)-34)},{((130)-40),((261)-83),((58)-15),((114)-15),((92)-28),((73)-65),((182)-19),((70)-62),((196)-28),((55)-16),((77)-18),((246)-96),((41)-26),((94)-23),((131)-95),((328)-92),((77)-15),((271)-52),((84)-12),((222)-68),((176)-58),((279)-79),((140)-66),((263)-29),((264)-33),((167)-44),((95)-30),((150)-59),((126)-14),((78)-66),((138)-35),((165)-32),((101)-67),((218)-27),((316)-92),((243)-39),((213)-75),((245)-38),((271)-25)},{((176)-61),((275)-21),((208)-73),((199)-93),((284)-31),((210)-70),((151)-94),((161)-65),((135)-96),((124)-42),((117)-96),((113)-69),((81)-68),((228)-89),((279)-28),((78)-14),((290)-44),((46)-13),((261)-15),((281)-72),((265)-39),((198)-38),((261)-45),((48)-36),((215)-78),((67)-47),((206)-27),((110)-21),((167)-83),((239)-90),((116)-32),((130)-25),((212)-86),((176)-11),((226)-87),((49)-18),((150)-28),((128)-15),((61)-18)},{((55)-47),((227)-97),((225)-64),((227)-49),((166)-57),((203)-25),((306)-89),((137)-51),((310)-85),((202)-96),((168)-88),((298)-71),((143)-29),((82)-54),((85)-18),((38)-28),((333)-89),((196)-13),((90)-72),((298)-55),((200)-87),((109)-43),((296)-96),((61)-22),((253)-32),((91)-83),((213)-88),((208)-27),((141)-60),((111)-55),((212)-43),((211)-76),((243)-91),((131)-45),((82)-31),((236)-90),((247)-49),((176)-77),((190)-22)},{((260)-53),((206)-95),((239)-72),((265)-46),((152)-29),((278)-86),((95)-19),((38)-20),((81)-37),((248)-83),((123)-18),((174)-13),((223)-59),((170)-54),((186)-38),((214)-97),((215)-15),((139)-70),((305)-97),((101)-16),((183)-77),((214)-69),((70)-19),((139)-22),((209)-75),((116)-45),((192)-20),((170)-94),((248)-42),((274)-74),((72)-59),((277)-85),((289)-54),((241)-49),((55)-55),((117)-91),((253)-15),((211)-73),((251)-22)},{((123)-27),((226)-43),((75)-66),((129)-91),((159)-39),((285)-35),((233)-79),((252)-71),((126)-79),((250)-64),((254)-48),((84)-65),((165)-29),((221)-42),((214)-78),((259)-72),((167)-18),((273)-20),((79)-52),((81)-63),((221)-59),((144)-14),((286)-39),((57)-36),((227)-49),((174)-31),((210)-57),((177)-85),((272)-29),((202)-17),((242)-31),((299)-67),((213)-84),((312)-92),((283)-33),((201)-50),((87)-32),((168)-80),((229)-96)},{((116)-49),((182)-46),((247)-75),((302)-70),((209)-94),((342)-90),((261)-35),((208)-91),((52)-48),((206)-29),((272)-59),((188)-32),((235)-36),((170)-32),((299)-70),((249)-51),((88)-20),((101)-45),((146)-76),((98)-94),((201)-25),((156)-54),((290)-45),((306)-83),((298)-71),((269)-64),((144)-89),((136)-60),((215)-78),((34)-28),((168)-23),((267)-76),((150)-59),((127)-71),((144)-48),((69)-29),((148)-90),((165)-90),((66)-57)},{((190)-35),((333)-87),((263)-26),((191)-27),((179)-50),((102)-42),((102)-42),((27)-16),((232)-39),((144)-60),((232)-74),((232)-14),((82)-41),((164)-67),((156)-16),((203)-33),((15)-14),((324)-81),((167)-89),((223)-89),((216)-81),((58)-18),((112)-59),((69)-26),((186)-35),((102)-38),((92)-45),((173)-91),((240)-36),((101)-14),((249)-29),((306)-95),((179)-77),((270)-94),((316)-80),((101)-39),((187)-72),((164)-71),((177)-54)},{((286)-76),((219)-23),((119)-88),((117)-30),((167)-76),((339)-90),((85)-48),((79)-25),((314)-70),((107)-50),((168)-72),((248)-27),((139)-35),((149)-54),((191)-92),((205)-28),((105)-63),((86)-79),((211)-48),((289)-44),((324)-88),((323)-87),((120)-90),((138)-91),((290)-50),((167)-82),((288)-43),((166)-47),((245)-84),((296)-53),((95)-55),((175)-92),((207)-94),((244)-44),((124)-50),((316)-82),((181)-94),((183)-14),((281)-86)},{((50)-29),((248)-97),((130)-75),((100)-18),((157)-15),((58)-33),((210)-52),((313)-76),((127)-90),((102)-22),((179)-69),((285)-88),((186)-94),((198)-15),((219)-45),((150)-49),((101)-35),((227)-70),((87)-81),((263)-33),((132)-41),((153)-32),((71)-46),((274)-31),((308)-55),((77)-76),((207)-55),((187)-93),((136)-16),((218)-77),((106)-65),((195)-63),((227)-68),((339)-88),((202)-47),((227)-39),((161)-37),((303)-84),((325)-89)},{((34)-15),((245)-69),((272)-40),((200)-68),((201)-62),((225)-60),((109)-79),((258)-32),((69)-44),((207)-42),((271)-71),((265)-96),((346)-94),((207)-86),((78)-74),((147)-84),((106)-13),((259)-65),((224)-91),((125)-27),((192)-29),((90)-19),((202)-40),((81)-54),((77)-59),((265)-29),((260)-80),((221)-77),((286)-41),((165)-16),((107)-84),((71)-28),((230)-96),((309)-57),((115)-63),((46)-29),((261)-44),((88)-45),((269)-66)},{((331)-84),((87)-14),((179)-80),((234)-53),((150)-95),((253)-38),((254)-42),((158)-51),((252)-12),((273)-94),((112)-33),((302)-66),((31)-24),((180)-13),((180)-45),((254)-74),((177)-63),((108)-17),((104)-57),((83)-74),((87)-48),((255)-24),((123)-23),((329)-90),((57)-15),((100)-41),((285)-44),((102)-29),((163)-47),((233)-48),((116)-44),((137)-87),((32)-26),((150)-66),((253)-82),((57)-42),((269)-33),((213)-64),((281)-89)},{((248)-73),((217)-24),((233)-23),((225)-81),((255)-58),((231)-47),((85)-32),((283)-91),((211)-51),((130)-57),((108)-40),((145)-12),((116)-51),((144)-58),((158)-51),((165)-19),((135)-15),((90)-75),((164)-58),((192)-95),((287)-69),((228)-48),((128)-17),((169)-27),((214)-55),((104)-11),((237)-75),((277)-76),((148)-78),((275)-69),((124)-37),((149)-88),((297)-89),((175)-80),((279)-76),((315)-73),((212)-27),((264)-39),((260)-96)},{((310)-55),((247)-23),((130)-36),((130)-80),((218)-34),((51)-28),((298)-96),((282)-37),((170)-64),((222)-60),((289)-36),((306)-75),((179)-91),((201)-82),((165)-32),((118)-51),((82)-12),((76)-67),((171)-66),((189)-63),((245)-58),((134)-78),((215)-23),((217)-30),((272)-30),((226)-84),((161)-54),((198)-48),((146)-52),((39)-24),((238)-89),((324)-83),((185)-18),((293)-83),((166)-95),((220)-93),((121)-94),((25)-20),((180)-62)},{((174)-28),((186)-88),((77)-45),((308)-55),((152)-60),((170)-26),((104)-56),((136)-19),((204)-51),((69)-12),((145)-32),((229)-64),((121)-52),((193)-55),((68)-43),((304)-81),((343)-97),((155)-44),((87)-36),((152)-45),((191)-81),((104)-42),((147)-50),((133)-67),((225)-79),((74)-59),((249)-95),((95)-64),((134)-82),((176)-85),((64)-64),((140)-74),((169)-89),((38)-21),((215)-97),((38)-16),((180)-28),((47)-44),((163)-52)},{((243)-28),((228)-44),((182)-57),((199)-26),((284)-29),((125)-97),((60)-15),((251)-76),((110)-31),((119)-13),((271)-43),((126)-15),((206)-36),((251)-55),((273)-56),((199)-82),((295)-87),((259)-21),((225)-89),((177)-73),((265)-44),((223)-37),((165)-75),((95)-40),((114)-49),((123)-54),((278)-61),((167)-73),((89)-56),((207)-18),((147)-54),((154)-34),((100)-76),((114)-57),((180)-81),((258)-34),((238)-49),((105)-77),((114)-17)},{((109)-21),((155)-67),((298)-50),((61)-16),((150)-36),((158)-53),((193)-88),((66)-57),((245)-63),((202)-81),((209)-88),((269)-53),((196)-66),((113)-44),((270)-97),((203)-23),((224)-18),((130)-59),((107)-96),((191)-34),((289)-96),((295)-72),((263)-27),((171)-69),((247)-20),((139)-29),((119)-28),((263)-81),((145)-23),((127)-79),((284)-93),((59)-50),((253)-54),((253)-76),((94)-91),((137)-91),((313)-79),((125)-81),((130)-69)},{((342)-91),((257)-29),((192)-51),((238)-15),((96)-86),((252)-54),((284)-51),((255)-71),((106)-31),((278)-82),((326)-95),((211)-11),((117)-78),((232)-79),((272)-89),((287)-52),((79)-65),((97)-93),((161)-49),((55)-30),((59)-51),((122)-82),((253)-88),((136)-88),((192)-11),((95)-23),((282)-89),((257)-29),((234)-37),((115)-79),((165)-15),((205)-90),((242)-75),((320)-87),((317)-67),((247)-63),((278)-25),((88)-52),((181)-23)},{((68)-27),((263)-85),((208)-56),((118)-75),((233)-47),((153)-50),((224)-82),((79)-62),((78)-18),((314)-59),((178)-88),((139)-80),((253)-68),((212)-58),((280)-96),((183)-76),((38)-27),((87)-28),((304)-49),((28)-12),((266)-60),((215)-44),((273)-72),((273)-23),((244)-90),((236)-26),((38)-32),((183)-17),((302)-80),((191)-69),((219)-11),((48)-30),((226)-61),((41)-33),((89)-51),((93)-12),((267)-82),((183)-19),((306)-73)},{((70)-38),((317)-67),((245)-30),((30)-28),((230)-28),((38)-31),((196)-64),((110)-95),((52)-42),((142)-80),((52)-25),((294)-46),((302)-76),((246)-76),((194)-90),((213)-79),((78)-18),((235)-18),((72)-63),((295)-90),((308)-86),((227)-71),((48)-18),((321)-66),((156)-75),((138)-56),((252)-14),((296)-54),((251)-57),((281)-57),((275)-86),((203)-23),((25)-19),((212)-40),((217)-41),((78)-11),((133)-28),((188)-14),((146)-81)},{((183)-53),((132)-72),((112)-51),((38)-16),((106)-37),((94)-51),((325)-70),((296)-53),((298)-77),((119)-29),((303)-74),((180)-77),((169)-36),((121)-62),((274)-55),((100)-89),((257)-50),((291)-67),((171)-78),((178)-19),((215)-17),((143)-76),((249)-43),((167)-80),((154)-93),((280)-72),((165)-70),((39)-30),((93)-45),((264)-17),((124)-90),((305)-76),((310)-55),((307)-83),((173)-79),((128)-81),((233)-52),((59)-39),((253)-51)},{((296)-51),((163)-57),((187)-25),((73)-11),((57)-20),((246)-96),((197)-16),((269)-71),((88)-21),((50)-18),((245)-53),((194)-37),((106)-13),((265)-81),((139)-51),((207)-63),((265)-69),((141)-41),((306)-85),((203)-17),((153)-28),((310)-97),((212)-95),((200)-92),((48)-40),((79)-64),((70)-29),((187)-25),((181)-79),((209)-54),((242)-84),((148)-38),((164)-19),((209)-95),((220)-23),((90)-24),((250)-45),((287)-91),((193)-45)},{((150)-76),((236)-15),((104)-22),((270)-54),((258)-90),((80)-55),((156)-29),((190)-46),((143)-65),((92)-49),((177)-39),((299)-92),((260)-66),((63)-30),((147)-48),((171)-33),((102)-60),((193)-95),((259)-92),((232)-78),((155)-97),((142)-15),((46)-35),((66)-48),((126)-82),((207)-42),((176)-71),((235)-74),((182)-83),((146)-95),((137)-51),((138)-86),((160)-25),((54)-50),((236)-93),((115)-95),((82)-41),((117)-37),((127)-73)},{((142)-25),((169)-35),((89)-18),((247)-75),((80)-69),((191)-50),((146)-63),((335)-83),((279)-65),((238)-33),((265)-73),((28)-19),((67)-28),((294)-73),((157)-32),((196)-23),((197)-18),((53)-48),((70)-36),((120)-69),((274)-93),((116)-31),((134)-22),((251)-14),((175)-58),((243)-15),((212)-84),((320)-75),((307)-97),((74)-25),((247)-51),((239)-94),((153)-43),((300)-73),((247)-55),((161)-65),((72)-11),((130)-59),((120)-45)},{((293)-67),((233)-55),((148)-31),((145)-24),((205)-41),((172)-46),((70)-40),((112)-49),((196)-88),((268)-35),((122)-92),((132)-50),((297)-90),((147)-57),((96)-38),((268)-41),((284)-62),((122)-91),((297)-78),((307)-67),((19)-14),((75)-31),((77)-59),((246)-77),((249)-54),((211)-25),((181)-68),((123)-45),((39)-30),((112)-72),((80)-23),((307)-60),((90)-30),((151)-52),((279)-58),((169)-65),((265)-24),((242)-27),((174)-68)},{((233)-49),((114)-13),((175)-35),((102)-22),((148)-25),((143)-81),((214)-61),((136)-14),((272)-24),((270)-66),((112)-30),((200)-26),((148)-48),((162)-19),((21)-17),((342)-91),((206)-55),((196)-67),((310)-68),((108)-91),((73)-42),((306)-85),((226)-40),((125)-35),((48)-45),((112)-79),((171)-86),((302)-57),((122)-15),((278)-67),((314)-73),((196)-55),((159)-11),((188)-14),((123)-84),((251)-16),((69)-37),((124)-24),((130)-65)},{((172)-38),((201)-28),((270)-67),((62)-50),((178)-96),((213)-74),((38)-16),((181)-87),((53)-33),((247)-32),((106)-65),((246)-92),((104)-16),((88)-38),((269)-50),((226)-68),((96)-47),((329)-93),((85)-61),((127)-86),((209)-43),((196)-68),((317)-94),((81)-62),((230)-51),((122)-78),((235)-22),((318)-75),((67)-28),((225)-26),((275)-23),((82)-34),((255)-47),((143)-70),((269)-27),((266)-59),((144)-37),((157)-43),((156)-19)},{((19)-17),((264)-66),((295)-41),((59)-58),((234)-25),((257)-13),((276)-63),((51)-14),((257)-95),((122)-77),((285)-55),((332)-85),((210)-37),((89)-25),((203)-22),((85)-29),((48)-40),((177)-56),((304)-78),((332)-89),((250)-73),((183)-41),((339)-85),((112)-96),((99)-44),((163)-39),((108)-80),((155)-75),((140)-17),((246)-93),((161)-82),((94)-79),((314)-60),((205)-47),((282)-68),((76)-66),((184)-14),((304)-61),((25)-17)},{((113)-66),((153)-40),((92)-75),((138)-69),((197)-85),((208)-66),((90)-22),((94)-87),((279)-33),((221)-74),((270)-67),((155)-52),((142)-32),((152)-16),((60)-59),((218)-21),((266)-78),((267)-79),((159)-19),((187)-12),((182)-38),((317)-90),((169)-73),((304)-69),((164)-52),((176)-46),((221)-52),((159)-16),((253)-44),((284)-58),((179)-84),((298)-73),((159)-83),((260)-79),((79)-50),((290)-36),((262)-64),((270)-24),((260)-36)},{((132)-39),((321)-89),((181)-75),((297)-83),((81)-19),((91)-16),((235)-94),((187)-29),((116)-21),((236)-40),((167)-67),((281)-54),((99)-21),((218)-32),((111)-77),((52)-49),((295)-92),((332)-81),((168)-91),((161)-58),((229)-44),((327)-77),((183)-29),((217)-36),((119)-69),((236)-47),((223)-40),((162)-43),((107)-88),((250)-71),((220)-14),((216)-42),((52)-17),((137)-72),((312)-87),((236)-49),((150)-18),((214)-78),((72)-29)},{((345)-90),((279)-59),((338)-88),((231)-45),((130)-78),((260)-69),((92)-76),((148)-76),((273)-28),((157)-33),((117)-33),((175)-74),((271)-43),((75)-25),((70)-38),((86)-76),((149)-57),((38)-29),((121)-73),((172)-37),((223)-40),((163)-71),((300)-96),((174)-57),((200)-40),((169)-26),((113)-48),((275)-64),((234)-84),((231)-80),((226)-32),((222)-96),((122)-63),((224)-70),((172)-79),((222)-86),((107)-97),((148)-46),((114)-38)},{((140)-29),((292)-61),((201)-70),((87)-30),((300)-70),((228)-11),((101)-48),((80)-62),((151)-72),((53)-36),((53)-23),((116)-95),((195)-40),((206)-16),((218)-62),((137)-37),((248)-93),((259)-61),((134)-23),((163)-69),((156)-27),((312)-58),((226)-92),((221)-41),((229)-84),((152)-81),((257)-13),((253)-22),((95)-25),((80)-45),((116)-23),((110)-79),((308)-73),((260)-34),((156)-52),((200)-61),((148)-40),((118)-66),((263)-65)},{((154)-20),((163)-25),((268)-87),((169)-56),((36)-16),((248)-42),((188)-69),((189)-18),((319)-82),((182)-83),((276)-52),((153)-46),((112)-11),((257)-35),((237)-41),((229)-90),((99)-80),((136)-18),((273)-42),((297)-93),((29)-16),((263)-64),((266)-54),((281)-56),((98)-84),((214)-54),((180)-81),((114)-11),((163)-17),((119)-41),((328)-87),((216)-19),((175)-16),((283)-94),((138)-13),((310)-60),((230)-97),((173)-33),((220)-15)},{((175)-40),((153)-82),((128)-22),((59)-45),((225)-51),((163)-71),((251)-21),((195)-48),((147)-35),((183)-80),((108)-95),((213)-74),((116)-68),((155)-26),((146)-78),((169)-97),((212)-97),((139)-92),((201)-54),((241)-90),((168)-13),((173)-83),((286)-71),((182)-84),((208)-64),((298)-63),((307)-84),((108)-20),((169)-20),((219)-32),((229)-94),((114)-88),((166)-84),((215)-90),((280)-28),((86)-55),((23)-18),((198)-47),((171)-81)},{((106)-12),((187)-50),((89)-20),((242)-78),((144)-24),((123)-38),((175)-60),((137)-86),((217)-41),((76)-17),((243)-64),((210)-17),((125)-93),((244)-82),((214)-61),((131)-61),((147)-94),((87)-73),((118)-23),((59)-25),((93)-58),((166)-88),((61)-51),((154)-84),((40)-28),((96)-41),((46)-26),((236)-43),((143)-14),((146)-13),((280)-30),((80)-56),((126)-23),((49)-33),((227)-86),((91)-67),((195)-41),((42)-36),((125)-15)},{((159)-36),((315)-92),((185)-72),((126)-74),((87)-31),((170)-74),((99)-71),((263)-84),((79)-52),((204)-18),((138)-48),((99)-91),((32)-25),((219)-72),((198)-47),((86)-18),((189)-56),((234)-49),((130)-66),((175)-29),((195)-42),((260)-84),((93)-52),((187)-15),((198)-75),((151)-50),((264)-16),((134)-51),((99)-21),((113)-44),((49)-44),((137)-97),((50)-27),((222)-74),((73)-42),((140)-37),((71)-29),((61)-15),((62)-41)},{((253)-14),((251)-44),((163)-95),((183)-85),((76)-74),((236)-13),((299)-66),((258)-24),((220)-92),((71)-65),((166)-17),((321)-71),((229)-85),((66)-44),((159)-59),((208)-23),((275)-73),((134)-38),((281)-51),((181)-64),((269)-21),((144)-80),((216)-87),((205)-49),((108)-61),((169)-83),((177)-96),((55)-38),((217)-75),((287)-71),((319)-74),((291)-54),((250)-22),((50)-35),((264)-15),((309)-73),((113)-60),((101)-57),((293)-54)},{((199)-24),((289)-35),((214)-83),((138)-77),((255)-90),((171)-93),((273)-64),((119)-45),((226)-80),((70)-40),((172)-77),((201)-76),((104)-88),((95)-40),((112)-62),((318)-76),((196)-85),((301)-54),((36)-16),((217)-11),((282)-85),((306)-66),((261)-43),((297)-92),((171)-58),((254)-43),((197)-82),((187)-95),((268)-68),((242)-90),((105)-62),((286)-51),((226)-87),((87)-35),((279)-45),((251)-78),((165)-53),((73)-34),((215)-30)},{((151)-79),((158)-82),((135)-80),((58)-38),((284)-72),((257)-51),((153)-60),((202)-66),((107)-67),((257)-25),((182)-62),((196)-24),((148)-94),((254)-74),((152)-95),((259)-94),((158)-41),((34)-26),((239)-39),((82)-21),((249)-54),((98)-68),((233)-20),((106)-16),((227)-94),((109)-24),((275)-43),((245)-80),((84)-29),((123)-25),((204)-70),((162)-24),((167)-12),((105)-95),((143)-38),((263)-53),((250)-88),((46)-23),((221)-15)},{((106)-87),((174)-25),((38)-24),((139)-83),((178)-95),((297)-93),((197)-28),((202)-32),((105)-18),((224)-46),((237)-90),((48)-14),((208)-21),((158)-54),((260)-65),((123)-24),((211)-73),((28)-21),((180)-34),((260)-42),((58)-34),((120)-66),((217)-16),((257)-17),((281)-46),((255)-84),((153)-14),((53)-53),((50)-20),((255)-68),((109)-22),((177)-93),((176)-88),((168)-63),((252)-88),((227)-93),((189)-43),((275)-59),((94)-17)},{((219)-63),((76)-16),((209)-20),((167)-21),((202)-31),((242)-63),((81)-44),((171)-55),((74)-54),((175)-26),((123)-30),((188)-57),((286)-82),((107)-42),((232)-91),((45)-35),((162)-13),((108)-56),((109)-27),((295)-92),((182)-79),((188)-84),((100)-95),((175)-50),((141)-25),((200)-41),((206)-69),((201)-76),((91)-62),((275)-74),((249)-60),((183)-55),((160)-93),((233)-87),((175)-61),((214)-48),((226)-30),((140)-40),((144)-79)},{((79)-20),((142)-79),((166)-86),((150)-33),((301)-67),((140)-18),((335)-92),((281)-96),((144)-36),((54)-46),((229)-22),((98)-95),((270)-84),((159)-18),((198)-66),((51)-32),((264)-92),((134)-19),((51)-23),((136)-29),((187)-86),((63)-23),((147)-28),((207)-16),((121)-72),((90)-27),((319)-96),((156)-34),((100)-25),((164)-43),((155)-69),((324)-95),((120)-75),((123)-61),((288)-75),((279)-50),((114)-33),((75)-42),((191)-11)},{((170)-54),((261)-53),((179)-46),((277)-49),((169)-89),((97)-65),((207)-58),((149)-73),((303)-67),((156)-17),((83)-21),((310)-92),((244)-83),((71)-49),((252)-47),((327)-93),((229)-69),((183)-58),((255)-64),((148)-95),((87)-40),((101)-37),((301)-55),((206)-69),((229)-53),((82)-15),((175)-16),((300)-76),((136)-50),((151)-97),((227)-56),((163)-27),((110)-70),((39)-34),((90)-78),((78)-62),((208)-42),((58)-14),((244)-57)},{((106)-74),((218)-97),((60)-13),((295)-95),((221)-78),((54)-50),((133)-50),((84)-72),((129)-61),((186)-75),((179)-77),((199)-35),((119)-38),((57)-57),((63)-46),((214)-47),((65)-20),((276)-88),((160)-97),((221)-40),((218)-34),((144)-33),((157)-30),((199)-68),((192)-96),((80)-57),((105)-75),((238)-91),((57)-25),((231)-78),((193)-36),((173)-25),((122)-19),((170)-50),((118)-72),((216)-79),((184)-72),((280)-34),((200)-67)},{((142)-31),((144)-77),((163)-18),((286)-54),((173)-81),((179)-25),((42)-18),((179)-64),((139)-60),((195)-25),((53)-18),((296)-66),((98)-33),((95)-38),((275)-36),((94)-94),((131)-27),((157)-48),((141)-77),((133)-78),((223)-25),((190)-95),((77)-39),((252)-45),((120)-90),((93)-69),((277)-58),((302)-69),((153)-56),((328)-90),((158)-16),((63)-22),((309)-59),((93)-53),((33)-28),((169)-21),((290)-67),((291)-51),((225)-93)},{((121)-60),((224)-72),((220)-12),((224)-77),((112)-65),((93)-51),((235)-11),((255)-17),((154)-68),((145)-54),((120)-13),((186)-75),((141)-65),((250)-34),((273)-40),((190)-66),((66)-64),((113)-33),((207)-39),((246)-61),((151)-72),((264)-51),((192)-92),((231)-46),((255)-66),((231)-25),((255)-86),((144)-23),((119)-24),((273)-31),((163)-34),((133)-90),((103)-86),((239)-23),((100)-97),((211)-13),((118)-85),((66)-64),((217)-89)},{((244)-97),((93)-56),((57)-29),((286)-63),((179)-17),((252)-11),((225)-80),((100)-81),((105)-40),((91)-55),((248)-65),((91)-21),((260)-17),((106)-80),((248)-23),((36)-24),((270)-63),((114)-75),((20)-12),((208)-74),((32)-32),((309)-75),((84)-11),((283)-38),((298)-62),((215)-43),((203)-92),((113)-20),((269)-75),((141)-78),((286)-84),((315)-84),((231)-56),((258)-47),((183)-81),((242)-23),((107)-85),((206)-67),((98)-59)},{((334)-96),((162)-63),((309)-95),((246)-68),((308)-70),((176)-12),((91)-27),((26)-19),((203)-79),((182)-22),((195)-34),((178)-13),((215)-33),((231)-90),((95)-67),((139)-68),((251)-20),((229)-62),((109)-77),((260)-62),((82)-33),((191)-60),((233)-46),((274)-44),((96)-92),((184)-93),((287)-66),((196)-74),((234)-68),((333)-85),((96)-31),((227)-20),((214)-37),((259)-17),((319)-87),((273)-53),((225)-66),((131)-33),((189)-12)},{((127)-60),((160)-50),((82)-20),((237)-54),((139)-46),((101)-95),((190)-96),((164)-66),((149)-34),((58)-49),((197)-54),((110)-80),((169)-54),((162)-43),((198)-75),((214)-74),((189)-86),((100)-45),((245)-25),((123)-12),((269)-18),((208)-40),((260)-53),((242)-92),((206)-13),((163)-31),((294)-71),((284)-92),((149)-87),((61)-33),((120)-62),((259)-19),((221)-77),((208)-81),((104)-68),((232)-50),((211)-38),((199)-90),((94)-46)},{((207)-80),((123)-92),((186)-25),((50)-34),((266)-20),((229)-92),((100)-79),((247)-53),((259)-26),((135)-24),((174)-20),((106)-13),((248)-64),((199)-46),((109)-89),((277)-32),((101)-82),((230)-29),((136)-31),((167)-14),((247)-85),((166)-26),((85)-44),((254)-41),((197)-58),((153)-75),((57)-40),((280)-25),((146)-46),((275)-50),((199)-94),((218)-84),((98)-20),((148)-31),((96)-88),((173)-48),((215)-31),((188)-78),((272)-74)},{((223)-82),((47)-45),((180)-60),((135)-51),((185)-41),((85)-15),((307)-81),((243)-74),((74)-47),((121)-58),((141)-74),((120)-49),((114)-39),((179)-87),((82)-31),((286)-92),((285)-51),((184)-46),((170)-96),((217)-22),((151)-43),((157)-81),((170)-77),((194)-32),((260)-97),((239)-59),((50)-17),((278)-42),((53)-43),((186)-59),((49)-18),((145)-66),((96)-11),((189)-22),((314)-74),((177)-51),((172)-76),((213)-52),((185)-34)},{((158)-16),((143)-65),((56)-39),((130)-34),((197)-55),((125)-83),((108)-65),((233)-69),((152)-75),((38)-22),((263)-78),((197)-47),((212)-71),((144)-16),((282)-81),((283)-52),((198)-41),((139)-78),((134)-28),((61)-11),((193)-61),((239)-34),((117)-26),((109)-48),((171)-45),((196)-80),((160)-56),((121)-78),((285)-47),((153)-92),((274)-67),((344)-94),((237)-35),((169)-37),((274)-41),((208)-62),((248)-14),((302)-64),((336)-94)},{((82)-79),((272)-50),((241)-67),((220)-75),((90)-54),((243)-64),((168)-72),((211)-76),((139)-61),((146)-25),((327)-76),((103)-20),((122)-70),((266)-88),((123)-37),((234)-92),((235)-80),((275)-81),((272)-56),((118)-15),((115)-21),((45)-12),((281)-53),((105)-54),((231)-20),((73)-53),((173)-42),((119)-14),((339)-90),((196)-60),((118)-65),((118)-26),((56)-21),((94)-16),((38)-21),((174)-66),((140)-66),((288)-88),((165)-57)},{((128)-29),((183)-71),((203)-52),((73)-56),((278)-27),((190)-38),((85)-17),((130)-71),((329)-75),((215)-22),((247)-72),((43)-23),((226)-81),((95)-70),((126)-72),((208)-19),((297)-69),((193)-74),((266)-30),((55)-16),((273)-52),((156)-38),((137)-76),((263)-85),((97)-57),((98)-94),((101)-37),((324)-78),((205)-59),((122)-36),((185)-47),((204)-30),((212)-34),((259)-77),((258)-72),((244)-41),((285)-58),((142)-28),((227)-73)},{((152)-94),((276)-26),((166)-51),((103)-75),((155)-29),((100)-87),((218)-83),((82)-64),((167)-93),((122)-35),((217)-91),((328)-80),((120)-46),((229)-82),((49)-16),((45)-45),((125)-60),((136)-81),((142)-96),((326)-85),((131)-16),((233)-39),((297)-57),((244)-42),((249)-46),((99)-31),((284)-47),((296)-91),((309)-87),((70)-35),((84)-45),((125)-72),((179)-17),((142)-94),((121)-17),((64)-12),((179)-88),((255)-42),((105)-66)},{((142)-33),((272)-21),((295)-74),((64)-34),((55)-35),((22)-11),((222)-16),((228)-83),((308)-84),((47)-36),((281)-49),((222)-54),((84)-51),((227)-25),((223)-79),((124)-67),((50)-28),((37)-27),((343)-90),((102)-93),((107)-42),((102)-24),((189)-72),((262)-23),((158)-93),((213)-78),((268)-56),((242)-60),((316)-69),((322)-85),((273)-45),((204)-37),((157)-51),((199)-17),((162)-90),((147)-32),((244)-93),((200)-45),((171)-12)},{((233)-57),((232)-93),((77)-54),((272)-19),((216)-72),((116)-85),((295)-91),((301)-58),((248)-62),((288)-59),((207)-42),((43)-43),((286)-61),((157)-62),((126)-75),((266)-81),((271)-56),((152)-11),((278)-97),((138)-96),((149)-51),((281)-27),((273)-41),((168)-79),((174)-85),((309)-74),((319)-93),((244)-82),((164)-63),((214)-34),((180)-96),((232)-83),((28)-24),((278)-44),((168)-43),((26)-17),((232)-50),((267)-46),((232)-68)},{((267)-60),((223)-77),((333)-96),((265)-59),((116)-43),((111)-82),((216)-53),((285)-92),((155)-36),((192)-30),((111)-88),((110)-31),((254)-22),((239)-29),((106)-39),((213)-46),((220)-75),((132)-83),((279)-58),((226)-14),((167)-19),((168)-81),((90)-86),((147)-42),((300)-70),((147)-34),((198)-56),((165)-79),((154)-32),((79)-66),((184)-54),((252)-63),((151)-36),((46)-31),((267)-53),((167)-92),((181)-53),((123)-34),((235)-86)},{((144)-69),((309)-78),((208)-34),((79)-44),((153)-82),((142)-67),((87)-11),((173)-80),((182)-65),((45)-41),((111)-64),((245)-38),((148)-70),((270)-71),((174)-65),((192)-37),((217)-23),((308)-84),((129)-92),((287)-94),((278)-72),((80)-44),((238)-45),((135)-24),((199)-53),((304)-76),((92)-47),((194)-72),((178)-86),((238)-81),((169)-25),((203)-68),((143)-69),((73)-60),((150)-58),((257)-19),((115)-90),((151)-90),((102)-40)},{((154)-75),((268)-38),((272)-87),((165)-54),((64)-14),((268)-23),((208)-36),((206)-18),((213)-24),((172)-18),((119)-38),((151)-76),((188)-96),((103)-85),((195)-30),((296)-92),((166)-74),((215)-93),((267)-80),((119)-70),((51)-34),((166)-32),((227)-63),((144)-76),((78)-48),((111)-84),((91)-47),((70)-63),((302)-61),((179)-93),((278)-67),((153)-59),((124)-39),((64)-53),((246)-79),((146)-36),((288)-61),((110)-60),((92)-74)},{((212)-77),((250)-88),((121)-55),((64)-33),((122)-94),((138)-93),((237)-41),((174)-49),((197)-46),((72)-59),((302)-94),((157)-49),((154)-51),((41)-12),((86)-40),((225)-75),((214)-59),((94)-23),((243)-58),((138)-36),((110)-30),((87)-19),((125)-63),((80)-66),((271)-75),((104)-17),((157)-34),((43)-29),((164)-55),((257)-83),((88)-52),((96)-92),((197)-76),((209)-58),((107)-55),((82)-65),((117)-90),((279)-57),((146)-30)},{((263)-13),((151)-14),((313)-75),((165)-84),((85)-68),((51)-40),((81)-14),((175)-65),((166)-65),((263)-97),((134)-51),((275)-20),((99)-83),((156)-54),((122)-29),((210)-84),((168)-94),((294)-73),((172)-55),((140)-52),((127)-49),((299)-72),((334)-90),((151)-12),((132)-51),((96)-50),((90)-53),((112)-32),((313)-67),((253)-19),((225)-87),((149)-46),((118)-60),((145)-70),((132)-35),((200)-16),((330)-81),((60)-50),((268)-76)},{((165)-82),((180)-58),((179)-27),((134)-65),((242)-95),((276)-97),((174)-48),((284)-63),((172)-12),((68)-30),((119)-55),((229)-13),((267)-90),((246)-17),((142)-61),((305)-55),((247)-14),((59)-47),((102)-44),((306)-92),((251)-36),((46)-44),((205)-60),((155)-71),((307)-79),((164)-32),((186)-90),((72)-11),((83)-14),((168)-54),((224)-49),((212)-86),((262)-41),((169)-96),((43)-31),((144)-45),((167)-60),((288)-89),((179)-41)},{((106)-90),((55)-13),((231)-37),((205)-50),((253)-43),((89)-27),((282)-51),((305)-94),((283)-37),((265)-38),((227)-35),((235)-42),((113)-43),((245)-80),((145)-63),((78)-60),((39)-30),((292)-78),((144)-26),((133)-38),((285)-82),((216)-61),((124)-78),((122)-39),((85)-60),((142)-91),((239)-67),((162)-50),((250)-57),((108)-28),((231)-43),((242)-22),((248)-55),((134)-54),((165)-81),((101)-35),((186)-59),((305)-82),((187)-60)},{((284)-53),((248)-26),((246)-85),((159)-59),((84)-57),((148)-92),((334)-79),((24)-12),((122)-57),((252)-14),((233)-90),((115)-85),((176)-95),((109)-50),((121)-45),((325)-76),((249)-48),((83)-50),((117)-58),((237)-79),((123)-78),((87)-38),((76)-45),((173)-81),((241)-53),((109)-55),((225)-32),((53)-44),((297)-96),((199)-95),((271)-50),((339)-88),((205)-50),((193)-76),((208)-94),((188)-57),((105)-79),((278)-67),((173)-75)},{((88)-51),((205)-24),((121)-39),((106)-47),((229)-75),((70)-64),((279)-78),((265)-73),((221)-80),((57)-12),((258)-57),((180)-14),((219)-62),((249)-49),((240)-62),((184)-18),((89)-19),((130)-83),((191)-39),((158)-54),((251)-65),((172)-50),((73)-47),((259)-61),((279)-90),((172)-44),((129)-62),((305)-58),((155)-18),((83)-59),((106)-78),((22)-12),((264)-33),((190)-23),((155)-59),((133)-23),((99)-63),((212)-29),((303)-81)},{((192)-79),((276)-68),((81)-64),((167)-32),((121)-21),((276)-59),((276)-29),((247)-96),((142)-26),((168)-42),((161)-96),((287)-72),((139)-49),((292)-59),((169)-91),((266)-37),((198)-14),((198)-88),((269)-16),((216)-46),((223)-17),((242)-93),((171)-34),((119)-78),((144)-70),((96)-55),((101)-43),((339)-91),((142)-97),((140)-43),((291)-69),((118)-13),((155)-82),((289)-47),((255)-18),((101)-55),((272)-35),((301)-46),((63)-43)},{((136)-77),((244)-20),((167)-48),((267)-57),((279)-78),((148)-17),((173)-80),((94)-70),((150)-95),((119)-60),((136)-60),((52)-42),((92)-13),((187)-69),((256)-16),((135)-77),((214)-19),((200)-31),((142)-82),((239)-36),((189)-69),((213)-54),((187)-88),((190)-48),((137)-56),((257)-85),((171)-30),((42)-31),((234)-11),((118)-17),((172)-44),((80)-26),((177)-80),((227)-13),((56)-42),((262)-92),((228)-80),((19)-14),((113)-80)},{((100)-63),((99)-45),((255)-11),((300)-91),((50)-42),((123)-23),((264)-69),((317)-66),((122)-78),((272)-68),((214)-55),((67)-11),((301)-85),((70)-54),((243)-71),((257)-78),((252)-50),((96)-29),((22)-15),((76)-13),((95)-29),((287)-78),((277)-33),((229)-16),((58)-21),((191)-29),((96)-51),((233)-55),((266)-67),((253)-15),((298)-86),((99)-77),((49)-26),((92)-52),((307)-77),((276)-81),((266)-41),((94)-73),((232)-51)},{((94)-48),((243)-31),((322)-80),((92)-54),((234)-36),((327)-73),((70)-20),((224)-14),((135)-60),((266)-25),((34)-19),((202)-96),((182)-69),((212)-73),((71)-67),((285)-85),((15)-15),((86)-86),((256)-48),((276)-33),((301)-89),((61)-22),((216)-52),((58)-11),((65)-24),((89)-31),((254)-82),((81)-18),((208)-28),((126)-68),((42)-32),((138)-15),((274)-46),((287)-55),((333)-87),((222)-42),((157)-12),((104)-55),((290)-72)},{((341)-93),((62)-18),((231)-92),((61)-60),((265)-95),((224)-24),((197)-97),((189)-82),((148)-15),((340)-86),((237)-43),((333)-86),((151)-92),((39)-15),((150)-57),((164)-32),((209)-47),((196)-34),((300)-68),((109)-11),((256)-19),((76)-23),((262)-27),((221)-47),((14)-14),((141)-28),((64)-17),((105)-96),((251)-73),((181)-64),((82)-74),((194)-64),((216)-42),((242)-64),((217)-22),((172)-40),((249)-19),((197)-63),((84)-76)},{((207)-92),((239)-16),((141)-70),((120)-80),((300)-60),((61)-32),((159)-48),((161)-86),((247)-90),((44)-13),((274)-83),((284)-66),((257)-45),((56)-47),((118)-66),((119)-76),((166)-58),((117)-92),((253)-53),((244)-27),((159)-47),((210)-46),((272)-81),((113)-18),((69)-19),((292)-89),((126)-19),((99)-76),((300)-95),((118)-29),((57)-51),((90)-45),((320)-76),((121)-41),((128)-32),((151)-38),((108)-78),((79)-26),((329)-77)},{((195)-17),((81)-16),((66)-23),((290)-90),((270)-76),((303)-92),((150)-13),((50)-25),((138)-74),((228)-17),((73)-23),((208)-93),((231)-63),((179)-43),((277)-24),((71)-47),((228)-44),((220)-71),((217)-58),((204)-41),((85)-28),((245)-54),((117)-39),((210)-34),((132)-23),((275)-84),((174)-31),((246)-89),((164)-13),((265)-58),((343)-93),((259)-21),((98)-51),((272)-52),((206)-67),((220)-64),((107)-56),((131)-38),((244)-69)},{((181)-57),((244)-41),((153)-46),((118)-43),((163)-56),((200)-76),((91)-33),((68)-45),((174)-82),((177)-53),((152)-24),((214)-69),((170)-91),((96)-52),((285)-30),((277)-96),((149)-81),((108)-65),((310)-72),((293)-77),((144)-75),((101)-11),((219)-68),((145)-90),((190)-66),((25)-17),((97)-82),((77)-36),((250)-88),((167)-65),((269)-21),((234)-60),((94)-46),((152)-25),((214)-70),((100)-91),((59)-50),((228)-41),((81)-64)},{((276)-25),((194)-52),((121)-95),((260)-22),((280)-90),((95)-57),((137)-73),((290)-75),((151)-36),((91)-11),((134)-14),((82)-18),((135)-53),((106)-20),((119)-29),((153)-46),((134)-93),((19)-13),((53)-46),((185)-18),((216)-45),((171)-35),((191)-29),((56)-55),((218)-96),((180)-54),((133)-42),((186)-72),((91)-73),((161)-22),((223)-80),((191)-83),((309)-71),((114)-46),((185)-48),((50)-25),((216)-92),((237)-83),((150)-18)},{((276)-40),((58)-34),((179)-86),((244)-96),((123)-13),((141)-66),((181)-63),((97)-35),((207)-84),((50)-23),((105)-22),((255)-16),((265)-22),((24)-11),((103)-34),((52)-43),((223)-68),((171)-90),((69)-49),((131)-29),((130)-14),((265)-28),((259)-22),((179)-20),((308)-63),((244)-21),((147)-33),((36)-35),((189)-44),((163)-66),((285)-84),((286)-59),((209)-87),((140)-53),((101)-49),((165)-70),((77)-41),((67)-13),((69)-11)},{((90)-28),((116)-37),((48)-32),((239)-18),((229)-66),((276)-87),((77)-26),((318)-71),((227)-29),((241)-65),((155)-88),((289)-79),((244)-78),((171)-53),((248)-29),((296)-51),((218)-78),((175)-70),((93)-23),((69)-21),((263)-15),((122)-69),((240)-65),((125)-67),((177)-73),((129)-60),((70)-36),((90)-13),((37)-16),((66)-27),((106)-66),((113)-56),((335)-88),((151)-66),((75)-38),((264)-45),((123)-13),((184)-61),((194)-79)},{((109)-55),((133)-36),((155)-96),((220)-36),((90)-23),((139)-78),((90)-12),((40)-39),((160)-12),((128)-32),((122)-31),((98)-68),((192)-23),((317)-69),((296)-44),((97)-84),((264)-61),((83)-35),((227)-19),((147)-65),((202)-74),((93)-39),((209)-12),((309)-56),((197)-73),((139)-50),((78)-20),((44)-29),((126)-81),((277)-72),((114)-56),((188)-48),((238)-72),((265)-17),((206)-84),((40)-14),((47)-37),((40)-13),((274)-96)},{((130)-62),((272)-25),((178)-44),((129)-78),((138)-48),((123)-90),((50)-29),((203)-22),((311)-97),((292)-49),((92)-88),((222)-28),((227)-17),((163)-14),((129)-11),((152)-34),((123)-88),((103)-41),((216)-67),((205)-21),((181)-46),((52)-26),((226)-79),((212)-30),((164)-13),((338)-92),((150)-46),((200)-66),((281)-95),((168)-12),((247)-36),((158)-95),((245)-13),((285)-70),((270)-23),((207)-91),((318)-63),((189)-57),((109)-86)},{((204)-60),((265)-86),((164)-16),((320)-80),((153)-52),((114)-48),((215)-97),((265)-81),((258)-70),((241)-36),((196)-57),((199)-82),((102)-11),((265)-27),((196)-71),((100)-58),((95)-14),((54)-30),((82)-15),((49)-46),((50)-21),((319)-65),((116)-88),((305)-85),((180)-91),((243)-15),((157)-48),((141)-61),((242)-15),((146)-32),((68)-37),((112)-42),((99)-86),((105)-49),((285)-34),((50)-29),((285)-42),((138)-25),((150)-68)},{((196)-84),((98)-60),((289)-91),((327)-81),((219)-33),((221)-34),((228)-24),((234)-96),((138)-35),((90)-83),((293)-91),((240)-73),((215)-22),((116)-22),((300)-85),((242)-23),((220)-36),((279)-69),((126)-12),((321)-86),((310)-71),((212)-11),((101)-26),((200)-39),((271)-41),((152)-96),((174)-19),((207)-22),((269)-41),((84)-11),((198)-81),((279)-93),((305)-64),((218)-12),((211)-40),((291)-77),((213)-55),((231)-15),((101)-16)},{((256)-32),((229)-75),((240)-31),((229)-55),((154)-15),((207)-25),((201)-75),((102)-45),((109)-22),((35)-22),((216)-43),((250)-29),((231)-70),((230)-65),((272)-90),((155)-42),((150)-51),((279)-24),((281)-61),((213)-54),((222)-54),((78)-41),((228)-52),((147)-97),((111)-31),((80)-74),((232)-66),((263)-49),((194)-40),((206)-48),((263)-88),((81)-40),((131)-21),((219)-70),((65)-47),((173)-16),((119)-81),((93)-81),((203)-44)},{((126)-83),((283)-67),((352)-97),((242)-44),((334)-93),((236)-56),((263)-57),((220)-45),((85)-43),((299)-45),((214)-82),((322)-95),((214)-61),((254)-58),((75)-18),((133)-20),((82)-72),((299)-55),((169)-68),((203)-71),((222)-86),((180)-92),((84)-62),((334)-91),((239)-92),((112)-55),((160)-73),((166)-27),((94)-51),((222)-58),((153)-76),((202)-95),((58)-51),((90)-79),((115)-78),((251)-93),((86)-53),((156)-67),((177)-20)},{((191)-69),((243)-52),((322)-95),((68)-67),((81)-15),((224)-88),((61)-56),((168)-24),((279)-63),((234)-92),((111)-33),((234)-74),((227)-19),((230)-88),((145)-38),((111)-91),((246)-31),((168)-62),((91)-57),((162)-84),((128)-46),((111)-12),((50)-17),((336)-82),((74)-56),((233)-88),((294)-57),((98)-61),((182)-93),((321)-72),((235)-18),((143)-42),((56)-51),((152)-91),((283)-66),((313)-92),((301)-54),((150)-38),((131)-79)},{((176)-68),((167)-56),((336)-82),((125)-92),((326)-71),((94)-12),((227)-20),((131)-41),((103)-19),((137)-36),((88)-61),((190)-16),((103)-71),((209)-43),((143)-25),((317)-86),((126)-46),((74)-55),((81)-45),((278)-52),((264)-76),((259)-16),((104)-25),((289)-50),((86)-47),((164)-73),((328)-77),((248)-42),((130)-30),((52)-48),((105)-45),((255)-39),((189)-31),((250)-66),((73)-24),((262)-17),((74)-32),((122)-77),((311)-58)},{((45)-13),((12)-11),((104)-20),((249)-40),((105)-13),((298)-73),((326)-83),((306)-89),((239)-48),((97)-96),((84)-79),((48)-26),((230)-15),((141)-81),((253)-36),((145)-54),((95)-62),((294)-92),((252)-85),((247)-89),((165)-20),((281)-63),((241)-61),((190)-84),((50)-40),((70)-12),((109)-42),((246)-97),((230)-52),((45)-41),((199)-68),((79)-44),((95)-33),((280)-93),((118)-48),((312)-83),((134)-79),((234)-36),((115)-97)},{((298)-56),((148)-45),((191)-58),((116)-79),((87)-85),((288)-33),((71)-55),((196)-32),((74)-33),((153)-95),((294)-54),((162)-31),((225)-81),((112)-38),((43)-30),((143)-87),((70)-55),((257)-82),((184)-28),((167)-37),((73)-52),((199)-35),((157)-76),((150)-30),((123)-63),((134)-31),((88)-46),((129)-61),((115)-78),((89)-22),((50)-47),((251)-88),((228)-87),((56)-44),((267)-95),((228)-88),((75)-51),((239)-55),((265)-65)},{((114)-78),((257)-64),((219)-71),((251)-15),((202)-62),((96)-40),((295)-57),((220)-95),((91)-49),((168)-90),((34)-13),((124)-11),((132)-77),((112)-92),((217)-93),((182)-28),((217)-72),((89)-59),((291)-76),((251)-19),((171)-13),((135)-86),((151)-63),((323)-88),((168)-94),((165)-26),((334)-80),((300)-78),((141)-58),((143)-30),((40)-23),((315)-77),((294)-46),((234)-47),((100)-22),((279)-67),((126)-27),((289)-89),((35)-15)},{((202)-91),((183)-81),((252)-42),((332)-82),((223)-60),((287)-32),((306)-57),((99)-50),((187)-95),((38)-20),((120)-37),((324)-71),((258)-86),((281)-92),((166)-82),((51)-38),((158)-54),((118)-23),((234)-31),((324)-81),((247)-91),((338)-90),((222)-70),((199)-79),((235)-83),((215)-46),((191)-88),((132)-67),((285)-73),((241)-51),((241)-25),((148)-28),((281)-53),((286)-80),((109)-29),((100)-16),((206)-96),((255)-24),((196)-90)},{((237)-75),((280)-50),((208)-13),((27)-19),((127)-80),((164)-90),((236)-97),((231)-22),((165)-87),((257)-40),((169)-75),((171)-56),((238)-84),((192)-67),((305)-68),((68)-48),((88)-38),((137)-74),((105)-47),((149)-61),((86)-72),((186)-15),((287)-68),((185)-26),((234)-71),((226)-46),((168)-54),((168)-89),((242)-47),((264)-38),((89)-80),((72)-33),((304)-92),((242)-68),((92)-14),((208)-66),((280)-26),((128)-94),((120)-56)},{((258)-21),((79)-32),((66)-12),((128)-48),((217)-81),((149)-73),((180)-51),((229)-32),((218)-56),((323)-92),((27)-13),((65)-21),((125)-16),((235)-56),((95)-47),((246)-62),((22)-22),((77)-12),((335)-84),((106)-85),((102)-77),((308)-66),((284)-69),((275)-24),((106)-81),((130)-92),((68)-35),((81)-18),((262)-17),((232)-83),((280)-83),((226)-92),((182)-44),((203)-48),((35)-11),((203)-33),((181)-46),((118)-18),((180)-37)},{((338)-94),((191)-46),((43)-29),((186)-33),((200)-52),((288)-85),((254)-86),((188)-55),((252)-79),((144)-27),((286)-44),((86)-70),((240)-42),((152)-50),((199)-49),((186)-96),((132)-41),((150)-42),((125)-83),((123)-82),((143)-76),((293)-79),((138)-72),((154)-75),((160)-59),((308)-85),((131)-25),((273)-34),((32)-19),((217)-22),((115)-16),((164)-17),((128)-41),((106)-18),((116)-11),((92)-53),((184)-76),((160)-13),((91)-75)},{((114)-24),((324)-97),((290)-92),((103)-14),((323)-91),((161)-12),((272)-84),((197)-66),((226)-52),((193)-80),((242)-41),((266)-96),((113)-73),((328)-76),((202)-72),((187)-27),((144)-58),((155)-26),((313)-70),((129)-86),((281)-82),((274)-97),((66)-32),((138)-73),((163)-94),((149)-63),((77)-60),((312)-74),((117)-40),((225)-96),((293)-69),((54)-17),((96)-20),((296)-60),((86)-50),((112)-27),((308)-63),((146)-88),((258)-57)},{((259)-51),((255)-21),((162)-63),((82)-43),((172)-80),((90)-60),((282)-44),((110)-93),((312)-70),((123)-54),((290)-96),((139)-62),((241)-34),((314)-86),((89)-78),((312)-71),((72)-21),((98)-43),((145)-73),((32)-23),((119)-77),((277)-75),((96)-20),((50)-32),((278)-91),((203)-51),((237)-94),((151)-21),((283)-83),((268)-38),((176)-20),((146)-86),((129)-21),((134)-17),((288)-89),((237)-74),((292)-50),((154)-38),((61)-41)},{((87)-83),((57)-36),((243)-71),((173)-72),((213)-21),((212)-29),((104)-72),((121)-46),((339)-95),((175)-95),((294)-54),((222)-14),((323)-83),((13)-12),((213)-25),((317)-73),((60)-20),((256)-91),((92)-44),((202)-30),((272)-87),((249)-73),((91)-40),((129)-43),((126)-71),((92)-62),((257)-32),((335)-93),((203)-27),((133)-40),((301)-94),((316)-79),((55)-22),((209)-51),((85)-44),((203)-25),((169)-17),((68)-25),((237)-54)},{((139)-39),((129)-55),((74)-57),((110)-50),((313)-58),((152)-62),((153)-94),((279)-97),((184)-33),((212)-31),((151)-44),((81)-70),((112)-53),((323)-68),((79)-76),((43)-26),((185)-43),((59)-27),((350)-97),((313)-95),((96)-91),((171)-62),((64)-54),((148)-13),((101)-86),((65)-55),((133)-68),((83)-53),((324)-73),((98)-60),((295)-57),((147)-40),((219)-85),((121)-61),((253)-33),((76)-64),((284)-76),((235)-23),((320)-91)},{((179)-16),((301)-90),((132)-21),((139)-63),((29)-14),((89)-65),((238)-89),((267)-44),((185)-85),((177)-50),((113)-60),((232)-19),((42)-37),((268)-67),((230)-25),((290)-68),((193)-37),((315)-93),((64)-59),((171)-41),((47)-34),((155)-70),((139)-80),((249)-43),((141)-48),((85)-78),((133)-87),((318)-73),((62)-30),((268)-41),((124)-62),((65)-34),((249)-92),((128)-15),((291)-47),((159)-76),((294)-94),((305)-62),((175)-71)},{((209)-49),((117)-57),((135)-97),((205)-57),((248)-69),((253)-70),((278)-78),((176)-42),((126)-27),((43)-40),((216)-44),((242)-43),((231)-45),((186)-96),((233)-22),((173)-49),((194)-40),((89)-35),((152)-91),((117)-33),((302)-97),((185)-40),((295)-94),((99)-86),((248)-14),((113)-66),((130)-44),((97)-49),((125)-12),((273)-90),((118)-66),((277)-86),((36)-29),((240)-51),((150)-22),((279)-72),((138)-74),((317)-63),((247)-28)},{((216)-84),((109)-38),((213)-60),((115)-31),((142)-14),((202)-73),((180)-34),((151)-71),((92)-47),((222)-82),((212)-20),((168)-72),((237)-20),((193)-66),((246)-89),((301)-92),((201)-88),((179)-75),((205)-49),((108)-48),((208)-27),((149)-58),((200)-79),((63)-42),((111)-83),((86)-32),((226)-51),((142)-27),((186)-15),((228)-57),((139)-16),((205)-47),((76)-14),((159)-14),((35)-21),((226)-73),((179)-32),((223)-62),((168)-81)},{((297)-63),((148)-53),((317)-88),((272)-91),((93)-55),((198)-55),((216)-72),((185)-24),((79)-49),((285)-34),((174)-84),((228)-86),((113)-67),((205)-77),((249)-95),((70)-15),((199)-88),((258)-95),((85)-18),((178)-29),((91)-68),((54)-24),((298)-51),((143)-34),((104)-55),((191)-86),((141)-33),((123)-63),((144)-49),((109)-45),((188)-41),((87)-74),((247)-95),((95)-66),((102)-52),((164)-75),((153)-90),((81)-17),((161)-93)},{((170)-88),((104)-88),((203)-57),((319)-88),((196)-65),((191)-95),((123)-88),((189)-59),((184)-40),((319)-71),((126)-52),((200)-21),((186)-29),((294)-77),((147)-47),((280)-47),((138)-56),((263)-77),((232)-33),((103)-29),((155)-77),((163)-68),((53)-21),((175)-42),((63)-26),((228)-64),((166)-60),((57)-38),((247)-72),((178)-12),((212)-59),((279)-53),((35)-35),((196)-17),((94)-11),((190)-59),((154)-14),((273)-51),((333)-82)},{((168)-91),((271)-64),((121)-13),((120)-28),((71)-27),((274)-79),((124)-12),((111)-60),((162)-72),((308)-58),((211)-86),((142)-78),((172)-69),((98)-91),((341)-97),((138)-23),((81)-62),((317)-74),((122)-63),((243)-24),((221)-86),((150)-89),((230)-26),((139)-18),((205)-45),((189)-86),((219)-27),((314)-93),((90)-17),((249)-72),((243)-97),((339)-89),((208)-96),((211)-39),((82)-30),((141)-43),((272)-83),((264)-84),((110)-78)},{((118)-43),((318)-74),((91)-11),((129)-81),((192)-30),((276)-84),((158)-62),((88)-27),((135)-77),((38)-28),((206)-45),((59)-38),((172)-55),((240)-84),((281)-95),((155)-52),((81)-16),((260)-35),((111)-78),((199)-54),((261)-80),((226)-15),((154)-26),((129)-39),((273)-88),((139)-64),((72)-32),((92)-87),((100)-55),((224)-75),((72)-22),((255)-45),((224)-33),((143)-81),((235)-13),((256)-66),((160)-89),((297)-66),((142)-60)},{((75)-67),((240)-89),((141)-73),((177)-70),((147)-97),((236)-97),((103)-74),((111)-65),((164)-14),((286)-54),((70)-15),((124)-75),((86)-20),((271)-23),((106)-35),((133)-23),((96)-95),((134)-38),((184)-23),((47)-24),((271)-24),((189)-81),((216)-81),((71)-32),((15)-11),((26)-12),((75)-57),((265)-97),((67)-21),((166)-42),((271)-49),((196)-80),((334)-84),((177)-40),((260)-35),((291)-49),((166)-29),((168)-76),((29)-14)},{((198)-40),((146)-71),((150)-36),((123)-66),((102)-57),((236)-96),((194)-21),((236)-34),((292)-86),((269)-46),((197)-40),((139)-92),((106)-94),((303)-70),((106)-86),((292)-75),((221)-70),((245)-12),((83)-50),((50)-39),((85)-44),((111)-79),((249)-12),((186)-80),((261)-19),((92)-60),((273)-20),((256)-38),((83)-78),((302)-97),((244)-21),((295)-68),((264)-36),((270)-25),((178)-64),((230)-48),((132)-89),((124)-73),((135)-93)},{((168)-70),((194)-86),((89)-38),((261)-28),((309)-59),((220)-26),((209)-28),((218)-86),((153)-30),((85)-74),((71)-51),((133)-53),((208)-46),((257)-39),((56)-51),((50)-15),((194)-72),((180)-75),((274)-78),((273)-21),((15)-15),((187)-26),((254)-80),((290)-61),((175)-94),((236)-54),((187)-22),((219)-19),((105)-36),((303)-95),((169)-84),((166)-90),((249)-26),((114)-73),((150)-52),((229)-49),((327)-91),((43)-20),((139)-86)},{((87)-12),((138)-77),((230)-78),((253)-48),((227)-18),((150)-36),((175)-17),((203)-41),((228)-62),((222)-39),((167)-50),((208)-25),((285)-63),((147)-56),((248)-18),((303)-79),((248)-20),((106)-56),((242)-71),((212)-79),((122)-89),((143)-28),((136)-30),((143)-37),((229)-70),((212)-49),((214)-47),((231)-50),((143)-25),((305)-86),((109)-51),((243)-55),((76)-37),((216)-95),((214)-37),((264)-47),((325)-78),((109)-31),((246)-38)},{((132)-20),((267)-46),((106)-59),((168)-92),((184)-26),((112)-83),((150)-26),((156)-48),((129)-17),((204)-75),((216)-63),((129)-89),((108)-25),((287)-47),((212)-36),((290)-68),((204)-17),((170)-18),((218)-23),((217)-78),((100)-27),((157)-70),((218)-75),((278)-92),((294)-78),((267)-60),((248)-92),((117)-71),((108)-19),((209)-87),((236)-97),((70)-36),((271)-26),((222)-51),((110)-52),((243)-77),((302)-97),((176)-31),((187)-54)},{((81)-44),((119)-49),((190)-45),((99)-89),((265)-57),((333)-95),((125)-42),((50)-28),((287)-44),((228)-16),((191)-17),((31)-18),((131)-62),((264)-39),((282)-53),((341)-86),((163)-43),((115)-55),((198)-83),((156)-89),((177)-75),((88)-17),((249)-95),((101)-81),((213)-54),((244)-26),((268)-85),((109)-78),((256)-30),((265)-74),((59)-59),((255)-94),((342)-90),((209)-92),((190)-17),((164)-26),((129)-47),((182)-39),((78)-28)},{((162)-14),((106)-54),((154)-37),((184)-47),((296)-68),((127)-34),((192)-43),((157)-43),((77)-22),((229)-92),((67)-26),((217)-67),((278)-46),((41)-36),((102)-15),((305)-88),((87)-34),((94)-57),((81)-27),((286)-81),((198)-64),((123)-24),((129)-65),((159)-52),((115)-67),((258)-20),((100)-36),((189)-69),((200)-37),((252)-59),((224)-40),((163)-95),((291)-63),((196)-68),((226)-68),((60)-54),((259)-58),((215)-49),((149)-14)},{((183)-86),((77)-76),((197)-27),((119)-23),((306)-67),((219)-63),((235)-40),((145)-72),((247)-82),((248)-67),((92)-36),((213)-62),((171)-94),((155)-35),((102)-20),((125)-49),((151)-58),((92)-73),((230)-67),((232)-30),((181)-88),((222)-34),((255)-67),((125)-75),((61)-43),((189)-54),((241)-79),((122)-56),((66)-35),((90)-49),((105)-60),((228)-33),((138)-65),((257)-41),((101)-43),((258)-49),((129)-30),((47)-22),((245)-77)},{((100)-15),((174)-50),((144)-77),((79)-24),((288)-76),((330)-85),((114)-93),((89)-51),((265)-37),((287)-47),((228)-62),((236)-53),((98)-96),((114)-90),((221)-72),((120)-88),((217)-52),((213)-70),((151)-30),((104)-74),((129)-12),((87)-44),((101)-41),((71)-28),((59)-37),((42)-16),((63)-20),((254)-86),((97)-42),((191)-45),((169)-80),((79)-64),((250)-92),((274)-42),((253)-34),((204)-95),((101)-69),((272)-97),((67)-40)},{((98)-54),((224)-11),((335)-92),((248)-27),((259)-81),((297)-62),((126)-48),((216)-82),((230)-83),((210)-24),((255)-47),((72)-65),((127)-12),((121)-93),((65)-57),((85)-42),((253)-85),((305)-63),((93)-35),((317)-77),((185)-58),((250)-15),((321)-72),((226)-64),((215)-23),((282)-47),((241)-49),((321)-69),((112)-17),((233)-82),((219)-58),((281)-81),((264)-76),((280)-88),((250)-41),((239)-96),((90)-31),((201)-64),((189)-64)},{((107)-47),((207)-21),((98)-22),((97)-95),((174)-29),((316)-63),((85)-71),((228)-48),((212)-67),((260)-72),((200)-55),((214)-22),((63)-15),((149)-45),((213)-96),((190)-37),((242)-67),((289)-59),((168)-86),((345)-94),((321)-87),((32)-19),((133)-74),((274)-59),((296)-83),((250)-43),((214)-94),((191)-41),((260)-67),((110)-56),((325)-88),((127)-21),((324)-82),((90)-32),((255)-15),((219)-92),((246)-11),((349)-97),((140)-40)},{((222)-92),((200)-30),((216)-89),((229)-55),((81)-51),((122)-36),((127)-28),((230)-92),((278)-87),((219)-27),((288)-79),((202)-59),((113)-80),((210)-21),((215)-61),((276)-79),((124)-79),((213)-14),((113)-45),((248)-41),((220)-18),((51)-50),((271)-49),((228)-41),((259)-29),((256)-85),((119)-75),((147)-47),((65)-17),((107)-20),((202)-62),((198)-54),((202)-41),((117)-25),((121)-52),((179)-89),((169)-40),((29)-22),((261)-49)},{((154)-73),((288)-68),((133)-36),((198)-83),((138)-49),((92)-29),((328)-88),((128)-88),((99)-46),((167)-75),((188)-43),((223)-77),((222)-59),((121)-24),((287)-44),((92)-75),((82)-74),((257)-44),((138)-56),((204)-51),((259)-34),((73)-48),((52)-14),((126)-49),((160)-30),((181)-47),((247)-96),((126)-44),((233)-95),((235)-45),((100)-41),((212)-14),((258)-92),((110)-96),((33)-24),((161)-90),((62)-56),((85)-58),((126)-78)},{((125)-38),((87)-26),((240)-28),((113)-66),((129)-94),((274)-53),((226)-40),((159)-42),((187)-39),((184)-97),((200)-96),((125)-87),((152)-45),((191)-48),((46)-34),((178)-27),((50)-18),((87)-81),((185)-32),((54)-14),((309)-96),((263)-14),((257)-65),((329)-94),((124)-15),((284)-84),((225)-56),((127)-88),((326)-75),((145)-19),((274)-53),((177)-30),((243)-53),((107)-56),((118)-11),((59)-52),((323)-82),((108)-13),((220)-94)},{((91)-26),((93)-11),((84)-68),((310)-73),((53)-17),((224)-96),((45)-16),((181)-96),((195)-58),((137)-96),((335)-83),((173)-24),((120)-67),((124)-15),((255)-58),((243)-39),((293)-63),((173)-78),((123)-88),((136)-45),((123)-29),((58)-12),((129)-48),((77)-30),((144)-14),((349)-94),((191)-53),((66)-51),((110)-74),((56)-46),((253)-13),((137)-90),((71)-20),((126)-58),((61)-59),((289)-66),((267)-24),((186)-72),((98)-80)},{((86)-15),((165)-42),((56)-29),((317)-66),((230)-95),((279)-49),((117)-87),((219)-33),((231)-41),((283)-67),((152)-71),((68)-47),((154)-77),((107)-27),((76)-44),((133)-66),((114)-81),((144)-28),((323)-82),((189)-65),((126)-73),((95)-25),((339)-87),((204)-61),((69)-68),((230)-95),((178)-91),((280)-80),((128)-79),((100)-47),((133)-63),((84)-77),((177)-69),((63)-54),((160)-86),((86)-70),((243)-58),((244)-94),((226)-85)},{((208)-80),((204)-64),((220)-27),((239)-33),((256)-11),((127)-16),((284)-91),((302)-80),((126)-78),((238)-60),((110)-96),((56)-15),((116)-81),((160)-69),((225)-91),((166)-41),((226)-36),((145)-38),((106)-83),((128)-88),((278)-87),((83)-15),((309)-72),((47)-36),((111)-57),((168)-62),((102)-72),((278)-88),((174)-94),((131)-86),((25)-15),((107)-54),((251)-94),((138)-80),((298)-83),((222)-30),((257)-44),((315)-63),((179)-49)},{((118)-39),((230)-56),((256)-66),((92)-66),((230)-47),((203)-65),((118)-83),((277)-82),((225)-49),((87)-40),((280)-73),((263)-88),((152)-96),((263)-47),((182)-76),((225)-89),((155)-93),((29)-18),((234)-63),((105)-18),((90)-80),((205)-52),((124)-54),((135)-26),((83)-31),((229)-85),((201)-89),((220)-52),((227)-49),((152)-31),((282)-34),((263)-21),((70)-67),((205)-20),((124)-48),((153)-38),((35)-32),((136)-38),((217)-54)},{((98)-73),((295)-46),((149)-39),((234)-94),((80)-36),((44)-38),((230)-23),((250)-39),((166)-61),((299)-60),((208)-82),((285)-58),((164)-42),((108)-34),((22)-22),((186)-43),((107)-47),((142)-43),((72)-30),((110)-80),((283)-93),((251)-93),((264)-77),((216)-12),((150)-12),((226)-32),((295)-49),((208)-93),((265)-11),((243)-21),((208)-76),((201)-74),((267)-75),((207)-80),((162)-14),((236)-67),((182)-39),((141)-24),((90)-81)},{((136)-36),((182)-91),((40)-19),((310)-68),((215)-42),((270)-66),((244)-36),((281)-59),((237)-81),((292)-67),((83)-75),((335)-90),((244)-34),((252)-41),((150)-58),((112)-49),((244)-34),((170)-73),((98)-84),((92)-39),((264)-12),((126)-87),((301)-67),((82)-16),((117)-82),((127)-62),((284)-92),((87)-26),((236)-36),((153)-72),((128)-73),((259)-57),((166)-80),((82)-79),((83)-41),((330)-89),((48)-20),((320)-97),((132)-74)},{((50)-23),((164)-14),((84)-43),((229)-54),((37)-23),((279)-83),((316)-77),((172)-72),((242)-86),((97)-44),((53)-22),((218)-74),((230)-55),((257)-78),((207)-11),((194)-64),((214)-81),((47)-43),((186)-86),((155)-34),((272)-90),((255)-27),((226)-33),((216)-22),((276)-36),((259)-57),((181)-14),((246)-36),((78)-20),((300)-85),((159)-75),((190)-32),((239)-86),((242)-37),((184)-14),((156)-21),((204)-26),((140)-18),((123)-80)},{((237)-60),((74)-58),((260)-62),((267)-29),((145)-46),((227)-72),((79)-24),((236)-12),((97)-16),((146)-34),((145)-29),((224)-94),((130)-66),((52)-23),((125)-41),((198)-22),((93)-13),((155)-19),((202)-14),((123)-34),((65)-21),((241)-44),((85)-49),((187)-95),((304)-56),((350)-95),((113)-88),((227)-84),((141)-58),((201)-62),((207)-65),((128)-34),((202)-73),((134)-36),((262)-81),((106)-59),((276)-90),((285)-31),((106)-87)},{((81)-23),((99)-67),((111)-13),((191)-89),((210)-94),((85)-35),((98)-83),((74)-39),((181)-19),((81)-15),((167)-45),((206)-32),((83)-70),((255)-21),((206)-88),((82)-60),((132)-54),((246)-12),((300)-59),((38)-27),((186)-54),((159)-90),((206)-81),((187)-59),((120)-40),((140)-25),((107)-23),((149)-47),((288)-61),((201)-94),((147)-46),((146)-28),((63)-19),((237)-46),((102)-50),((257)-71),((167)-29),((330)-82),((129)-32)},{((125)-24),((207)-89),((129)-74),((187)-96),((288)-37),((177)-52),((269)-40),((173)-92),((213)-28),((176)-22),((127)-29),((221)-75),((275)-47),((89)-88),((99)-19),((306)-96),((131)-17),((215)-74),((161)-91),((188)-62),((258)-89),((246)-86),((262)-37),((227)-88),((77)-19),((144)-69),((265)-39),((307)-61),((312)-92),((194)-83),((325)-71),((259)-91),((260)-53),((163)-78),((195)-67),((156)-89),((170)-12),((221)-94),((177)-20)},{((153)-63),((293)-43),((180)-40),((168)-63),((100)-30),((128)-15),((259)-42),((185)-67),((301)-91),((303)-77),((75)-13),((281)-59),((245)-68),((112)-38),((320)-86),((272)-57),((98)-15),((258)-15),((295)-84),((113)-18),((278)-23),((261)-90),((174)-77),((249)-74),((170)-81),((198)-70),((101)-30),((187)-24),((250)-58),((62)-18),((224)-76),((208)-91),((273)-55),((117)-37),((125)-51),((112)-21),((45)-28),((197)-33),((230)-92)},{((52)-23),((204)-80),((213)-27),((80)-32),((110)-94),((162)-29),((214)-51),((79)-12),((122)-90),((107)-65),((128)-85),((287)-94),((131)-60),((268)-54),((269)-19),((186)-90),((154)-67),((72)-46),((229)-11),((113)-72),((91)-56),((146)-55),((219)-85),((148)-23),((212)-22),((148)-41),((36)-13),((96)-56),((160)-83),((18)-15),((218)-72),((105)-42),((165)-63),((73)-28),((65)-35),((216)-61),((67)-29),((194)-84),((59)-23)},{((260)-81),((119)-23),((198)-63),((187)-16),((261)-81),((127)-57),((115)-54),((60)-60),((216)-21),((275)-44),((268)-20),((217)-75),((68)-51),((235)-75),((96)-61),((151)-18),((102)-59),((207)-39),((66)-15),((99)-84),((280)-82),((335)-85),((81)-14),((69)-11),((283)-30),((232)-40),((99)-84),((65)-43),((196)-60),((77)-53),((189)-44),((134)-47),((107)-55),((65)-22),((83)-62),((293)-38),((185)-97),((60)-17),((96)-62)},{((211)-34),((154)-77),((75)-55),((77)-69),((17)-15),((237)-43),((71)-54),((190)-75),((83)-58),((187)-67),((218)-43),((248)-20),((54)-36),((250)-14),((161)-38),((230)-32),((308)-93),((139)-29),((139)-87),((90)-34),((154)-72),((267)-38),((162)-49),((141)-23),((123)-63),((176)-90),((301)-94),((174)-27),((180)-82),((173)-97),((315)-95),((92)-37),((122)-72),((71)-30),((322)-86),((38)-23),((269)-15),((168)-45),((63)-60)},{((79)-69),((60)-59),((270)-74),((162)-27),((238)-24),((194)-12),((130)-87),((105)-35),((246)-16),((261)-66),((242)-50),((299)-90),((192)-88),((107)-48),((328)-87),((101)-41),((288)-55),((42)-26),((279)-64),((299)-96),((178)-71),((83)-73),((263)-32),((244)-25),((40)-34),((256)-16),((324)-96),((215)-83),((67)-32),((265)-35),((39)-39),((166)-19),((106)-75),((130)-94),((138)-73),((232)-85),((108)-87),((237)-56),((263)-55)},{((292)-90),((240)-24),((163)-21),((111)-78),((152)-80),((185)-31),((307)-58),((131)-73),((241)-65),((202)-61),((13)-11),((95)-63),((259)-67),((229)-72),((207)-40),((254)-83),((227)-93),((225)-49),((143)-33),((124)-49),((162)-57),((154)-32),((157)-18),((218)-53),((124)-55),((166)-44),((176)-37),((197)-41),((238)-56),((174)-88),((199)-57),((187)-28),((242)-66),((102)-55),((189)-56),((158)-21),((66)-38),((146)-19),((218)-61)},{((271)-71),((123)-75),((162)-70),((218)-60),((276)-63),((204)-26),((231)-88),((267)-81),((203)-73),((227)-36),((86)-26),((199)-68),((202)-77),((270)-89),((314)-94),((286)-32),((199)-91),((157)-32),((92)-33),((118)-97),((166)-50),((184)-16),((166)-94),((180)-52),((236)-56),((38)-19),((156)-81),((273)-45),((93)-35),((147)-20),((72)-54),((142)-25),((225)-78),((246)-56),((134)-96),((112)-33),((211)-63),((278)-75),((250)-82)},{((170)-37),((140)-29),((107)-52),((139)-23),((268)-30),((216)-95),((93)-17),((229)-58),((293)-83),((292)-39),((179)-81),((185)-70),((106)-60),((44)-33),((189)-18),((237)-62),((89)-14),((127)-26),((36)-31),((179)-53),((208)-78),((114)-22),((157)-39),((86)-64),((171)-28),((185)-38),((177)-65),((332)-90),((144)-72),((235)-97),((117)-88),((95)-32),((126)-33),((204)-68),((311)-71),((105)-77),((173)-76),((219)-70),((177)-63)},{((97)-18),((173)-51),((123)-57),((192)-65),((295)-43),((232)-97),((187)-48),((103)-38),((229)-21),((216)-30),((278)-88),((253)-85),((125)-73),((96)-27),((14)-14),((245)-24),((137)-12),((170)-54),((108)-27),((164)-44),((50)-26),((155)-75),((111)-43),((129)-96),((83)-11),((285)-53),((126)-29),((151)-63),((64)-11),((267)-71),((44)-18),((143)-51),((334)-95),((148)-66),((163)-51),((231)-76),((238)-44),((249)-11),((101)-50)},{((172)-69),((163)-95),((47)-14),((94)-18),((99)-79),((155)-74),((270)-64),((164)-75),((258)-52),((242)-19),((186)-20),((260)-77),((44)-26),((97)-95),((70)-51),((284)-75),((189)-18),((133)-58),((114)-35),((88)-44),((86)-16),((277)-47),((109)-14),((163)-64),((101)-40),((145)-58),((218)-36),((97)-50),((81)-30),((78)-62),((232)-86),((255)-23),((100)-58),((211)-22),((108)-76),((81)-19),((120)-15),((253)-44),((334)-81)},{((142)-76),((148)-27),((95)-77),((311)-72),((117)-91),((238)-12),((116)-85),((231)-75),((101)-62),((138)-27),((213)-49),((205)-28),((157)-37),((51)-38),((51)-21),((300)-80),((231)-46),((311)-96),((109)-97),((30)-18),((214)-42),((244)-16),((56)-28),((72)-44),((237)-49),((275)-31),((98)-57),((207)-62),((321)-90),((79)-35),((252)-61),((128)-94),((324)-69),((54)-12),((194)-51),((236)-49),((28)-28),((150)-95),((71)-51)},{((315)-74),((40)-12),((304)-76),((55)-25),((167)-12),((98)-60),((171)-87),((147)-37),((158)-79),((270)-22),((40)-39),((245)-14),((296)-52),((112)-42),((178)-82),((271)-48),((328)-88),((237)-63),((192)-53),((133)-51),((44)-39),((99)-68),((191)-65),((116)-86),((282)-70),((309)-71),((215)-73),((132)-86),((258)-33),((139)-40),((270)-85),((310)-56),((232)-87),((317)-73),((38)-20),((131)-70),((245)-83),((199)-58),((268)-58)},{((84)-75),((324)-94),((215)-20),((295)-57),((278)-96),((275)-35),((176)-67),((330)-82),((278)-48),((321)-75),((93)-21),((115)-17),((261)-36),((187)-13),((177)-69),((129)-56),((290)-57),((237)-13),((249)-25),((185)-57),((308)-59),((320)-80),((248)-11),((193)-52),((62)-56),((275)-22),((161)-60),((221)-34),((248)-57),((97)-15),((271)-93),((278)-70),((322)-71),((119)-20),((220)-77),((246)-34),((25)-14),((281)-49),((224)-30)},{((254)-17),((192)-11),((335)-93),((111)-65),((277)-92),((117)-55),((241)-97),((284)-87),((318)-78),((88)-74),((67)-62),((253)-86),((237)-53),((197)-79),((178)-95),((200)-25),((230)-25),((321)-90),((157)-87),((207)-81),((193)-37),((193)-11),((148)-62),((156)-17),((234)-65),((104)-61),((193)-64),((245)-47),((103)-14),((223)-35),((233)-15),((60)-58),((179)-73),((141)-56),((225)-71),((262)-53),((257)-83),((172)-33),((270)-88)},{((188)-62),((250)-66),((68)-15),((262)-70),((76)-20),((280)-38),((65)-40),((66)-11),((260)-91),((134)-16),((125)-73),((54)-37),((229)-39),((153)-24),((193)-25),((156)-84),((280)-74),((188)-46),((211)-30),((96)-11),((275)-56),((187)-29),((78)-33),((86)-20),((221)-86),((111)-88),((147)-25),((182)-30),((231)-36),((58)-15),((139)-52),((242)-86),((229)-18),((204)-31),((184)-46),((250)-69),((140)-15),((232)-46),((280)-34)},{((141)-12),((237)-36),((269)-54),((236)-82),((199)-67),((135)-64),((122)-15),((191)-67),((100)-42),((82)-59),((166)-48),((205)-73),((260)-89),((107)-32),((85)-19),((128)-45),((218)-96),((119)-93),((160)-78),((171)-75),((294)-55),((88)-19),((195)-57),((41)-12),((157)-29),((216)-58),((218)-17),((86)-40),((135)-45),((144)-50),((241)-92),((154)-40),((117)-38),((156)-34),((106)-40),((147)-23),((289)-40),((226)-94),((119)-84)},{((242)-12),((162)-61),((139)-21),((130)-75),((112)-24),((270)-57),((187)-91),((133)-90),((122)-18),((97)-25),((207)-18),((288)-69),((180)-60),((113)-28),((113)-18),((150)-51),((106)-21),((214)-47),((207)-88),((99)-19),((262)-22),((111)-74),((184)-65),((193)-96),((113)-16),((306)-84),((197)-92),((190)-73),((237)-73),((209)-35),((112)-77),((262)-54),((191)-44),((193)-81),((119)-50),((255)-26),((85)-61),((167)-38),((167)-25)},{((24)-21),((235)-59),((187)-72),((107)-27),((139)-37),((167)-97),((222)-38),((234)-20),((187)-69),((140)-57),((45)-17),((131)-78),((144)-78),((249)-58),((133)-62),((90)-46),((228)-76),((193)-89),((300)-49),((182)-40),((90)-26),((253)-16),((30)-13),((98)-73),((259)-91),((243)-45),((108)-57),((109)-90),((203)-67),((230)-64),((93)-23),((56)-24),((129)-87),((158)-91),((110)-30),((298)-93),((119)-31),((75)-14),((201)-32)},{((93)-40),((262)-62),((149)-58),((58)-19),((168)-34),((163)-90),((52)-40),((328)-95),((204)-44),((142)-17),((123)-54),((100)-63),((200)-46),((229)-45),((140)-52),((312)-68),((306)-55),((293)-56),((142)-53),((64)-27),((199)-37),((79)-34),((33)-15),((59)-20),((168)-93),((268)-59),((131)-18),((192)-27),((247)-39),((335)-97),((141)-42),((58)-20),((90)-72),((289)-47),((166)-63),((180)-47),((86)-49),((14)-12),((26)-14)},{((93)-77),((135)-59),((158)-51),((105)-46),((98)-35),((150)-57),((83)-64),((270)-17),((47)-46),((130)-47),((180)-96),((94)-45),((125)-46),((85)-15),((319)-80),((86)-86),((90)-86),((279)-41),((321)-82),((155)-25),((165)-62),((188)-16),((156)-93),((211)-83),((120)-62),((126)-64),((129)-44),((189)-57),((182)-76),((99)-37),((81)-31),((108)-80),((195)-42),((84)-48),((183)-60),((101)-26),((263)-84),((74)-69),((62)-23)},{((286)-69),((176)-29),((190)-91),((95)-34),((264)-60),((26)-17),((310)-77),((167)-73),((152)-28),((84)-56),((302)-53),((234)-43),((270)-19),((284)-64),((50)-30),((326)-85),((64)-23),((75)-69),((110)-61),((97)-31),((94)-92),((98)-40),((63)-27),((163)-84),((302)-54),((323)-71),((40)-14),((245)-89),((209)-52),((93)-45),((180)-94),((187)-32),((101)-55),((203)-92),((129)-88),((82)-37),((89)-21),((195)-80),((149)-60)},{((110)-65),((284)-60),((221)-19),((123)-52),((231)-21),((138)-84),((307)-97),((120)-58),((39)-12),((245)-18),((215)-20),((98)-42),((153)-67),((289)-46),((289)-81),((282)-64),((279)-66),((252)-18),((314)-76),((326)-97),((169)-14),((259)-64),((251)-65),((237)-47),((81)-52),((119)-86),((119)-95),((207)-40),((265)-94),((96)-34),((171)-74),((176)-75),((337)-89),((87)-30),((329)-86),((335)-88),((52)-35),((83)-19),((51)-16)},{((300)-53),((315)-80),((251)-38),((120)-38),((267)-46),((209)-37),((86)-14),((241)-16),((221)-57),((252)-79),((162)-21),((80)-78),((74)-42),((257)-65),((213)-56),((190)-26),((237)-13),((258)-65),((221)-37),((82)-59),((108)-94),((271)-62),((197)-23),((274)-86),((257)-78),((174)-56),((264)-77),((186)-60),((290)-82),((235)-75),((178)-14),((173)-21),((166)-36),((152)-18),((69)-44),((127)-64),((91)-24),((257)-43),((67)-44)},{((280)-71),((268)-58),((320)-84),((62)-35),((52)-51),((297)-84),((273)-72),((207)-28),((62)-14),((247)-63),((151)-68),((203)-94),((245)-54),((119)-76),((113)-57),((225)-82),((197)-86),((242)-17),((323)-68),((223)-64),((153)-29),((201)-67),((108)-79),((159)-23),((285)-32),((188)-34),((299)-76),((169)-46),((291)-81),((118)-64),((74)-69),((112)-12),((66)-49),((225)-16),((108)-68),((293)-76),((237)-94),((213)-53),((205)-62)},{((171)-80),((190)-44),((231)-45),((149)-50),((146)-64),((161)-44),((40)-19),((268)-27),((190)-97),((157)-21),((142)-75),((157)-93),((285)-75),((91)-33),((81)-32),((162)-83),((76)-45),((82)-38),((200)-31),((118)-26),((168)-59),((119)-27),((53)-13),((127)-32),((272)-69),((133)-17),((195)-96),((171)-40),((68)-33),((228)-63),((188)-41),((209)-32),((107)-30),((137)-30),((160)-36),((168)-82),((199)-57),((227)-68),((139)-67)},{((132)-43),((112)-32),((78)-20),((134)-72),((222)-16),((276)-32),((69)-12),((244)-40),((222)-18),((187)-53),((218)-80),((189)-25),((222)-14),((220)-38),((154)-16),((181)-55),((236)-28),((250)-35),((282)-41),((163)-57),((84)-38),((264)-75),((151)-36),((106)-39),((79)-29),((143)-71),((258)-61),((162)-82),((131)-91),((201)-56),((282)-94),((120)-97),((203)-55),((40)-31),((203)-12),((290)-82),((150)-55),((99)-50),((57)-40)},{((157)-23),((187)-23),((101)-33),((119)-86),((103)-60),((209)-15),((122)-80),((190)-31),((122)-59),((167)-35),((167)-70),((233)-49),((95)-67),((207)-37),((39)-33),((252)-73),((166)-48),((260)-55),((196)-70),((148)-96),((101)-32),((120)-68),((264)-11),((108)-56),((223)-63),((101)-28),((75)-19),((131)-40),((236)-50),((141)-65),((162)-50),((55)-52),((196)-72),((262)-60),((250)-70),((262)-69),((307)-66),((175)-44),((285)-50)},{((258)-35),((304)-51),((229)-24),((72)-45),((159)-72),((71)-58),((63)-33),((82)-69),((303)-89),((85)-72),((169)-48),((79)-45),((89)-72),((74)-22),((263)-51),((99)-13),((124)-59),((135)-40),((340)-89),((76)-51),((107)-65),((94)-87),((117)-54),((117)-37),((292)-46),((56)-49),((307)-53),((310)-78),((290)-54),((212)-85),((250)-85),((268)-34),((169)-47),((163)-41),((78)-26),((139)-83),((162)-80),((207)-78),((124)-21)},{((150)-91),((84)-40),((147)-21),((151)-18),((232)-73),((72)-48),((261)-41),((152)-42),((63)-27),((289)-45),((256)-32),((343)-97),((164)-49),((296)-42),((245)-79),((112)-20),((198)-89),((335)-83),((70)-55),((300)-61),((177)-77),((217)-87),((115)-81),((346)-91),((240)-40),((299)-95),((37)-16),((182)-70),((217)-97),((118)-50),((261)-46),((142)-31),((278)-55),((96)-12),((129)-18),((53)-38),((106)-30),((262)-60),((92)-78)},{((39)-34),((126)-30),((199)-95),((91)-42),((213)-17),((107)-15),((254)-14),((185)-76),((302)-54),((78)-40),((221)-92),((226)-92),((131)-49),((240)-11),((272)-52),((249)-41),((262)-86),((130)-93),((101)-34),((264)-37),((250)-61),((252)-53),((172)-78),((77)-70),((108)-68),((79)-48),((192)-70),((170)-40),((143)-68),((179)-22),((97)-44),((285)-58),((93)-40),((126)-44),((101)-41),((161)-19),((125)-69),((102)-94),((158)-59)},{((213)-88),((82)-36),((130)-19),((299)-62),((107)-35),((95)-40),((232)-69),((46)-35),((105)-12),((221)-23),((135)-68),((217)-11),((30)-21),((338)-85),((150)-62),((172)-76),((138)-94),((234)-43),((143)-56),((266)-96),((207)-69),((280)-28),((70)-44),((232)-46),((185)-34),((228)-67),((118)-62),((255)-30),((130)-54),((131)-77),((158)-25),((101)-51),((14)-12),((184)-91),((102)-48),((241)-88),((60)-20),((78)-34),((109)-86)},{((156)-72),((282)-76),((79)-47),((108)-47),((75)-36),((197)-76),((63)-25),((258)-15),((89)-11),((191)-87),((286)-70),((77)-52),((164)-13),((330)-88),((89)-52),((196)-54),((281)-35),((111)-39),((260)-83),((82)-36),((251)-66),((135)-73),((119)-79),((156)-37),((75)-39),((211)-32),((95)-81),((133)-93),((236)-97),((119)-93),((69)-39),((39)-30),((89)-19),((209)-43),((199)-65),((338)-87),((88)-63),((196)-11),((184)-34)}}
local _0x2a21709c,_0x8088c0d2,_0xd375b66b,_0x1e37f825={},168,150,197
local _0x5641ec04,_0x3fc5c8d2,_0xc694d6af=string.char,table.concat,0
local _0x8008e12c={"!@#$%^&*()_+-=[]{}|;:',.<>/?~","✦⊹⌁✦⟡♛✦⟡⟡⸸◈⌁※༒𖤐☾⌁♛◈⟡※✦⊹⸸⸸✦♛𖤐𖤐༒⸸𖤐⊹※⌁⌁"}
if #_0x8008e12c<2 then return end
for _0x4e821e51=#_0x30ebf455,1,-1 do
 local _0xd3e902c4=_0x30ebf455[_0x4e821e51]
 for _0xace5a9a4=#_0xd3e902c4,1,-1 do
  _0xc694d6af=_0xc694d6af+1
  local _0x9e7fb2dd=((_0xd3e902c4[_0xace5a9a4]-_0xd375b66b-(_0xc694d6af*31)%253)*_0x1e37f825)%256
  _0x9e7fb2dd=(_0x9e7fb2dd-_0x8088c0d2-(_0xc694d6af*17)%251)%256
  _0x2a21709c[#_0x2a21709c+1]=_0x5641ec04(_0x9e7fb2dd)
 end
end
local _0x8cd595e7=(loadstring or load)(_0x3fc5c8d2(_0x2a21709c),"@kittylol")
if not _0x8cd595e7 then error("KITTYLOL: integrity check failed")end
return _0x8cd595e7()