--[[

   _  _____ _____ _______   _     ___  _     

  | |/ /_ _|_   _|_   _\ \ / /   / _ \| |    

  | ' / | |  | |   | |  \ V /   | | | | |    

  | . \ | |  | |   | |   | |    | |_| | |___ 

  |_|\_\___| |_|   |_|   |_|     \___/|_____|

             kittylol obfuscator

]]--
--[==[⧖⸸◈♛☾𖤐⟡♛⌁𖤐☾⟡⌁⟡𖤐✦⊹♛◈☾◈⧖◈✦⌁◈⸸※⸸𖤐༒⊹𖤐༒⸸◈::KITTYLOL::𖤐𖤐⸸✦⟡※※☾⧖◈༒⌁⸸※⸸☾⊹⧖☾𖤐𖤐☾⸸※♛✦⧖𖤐⊹⌁⊹⸸⊹⌁✦⸸]==]
local _0xce3ff350={{((65)-15),((216)-71),((137)-44),((330)-90),((196)-55),((88)-12),((103)-61),((229)-37),((180)-67),((65)-30),((85)-45),((155)-28),((117)-61),((223)-56),((131)-55),((70)-64),((275)-59),((101)-26),((272)-20),((90)-83),((226)-48),((80)-36),((261)-79),((110)-16),((88)-46),((234)-57),((101)-96),((248)-96),((257)-31),((207)-78),((129)-61),((275)-24),((174)-70),((43)-18),((66)-30),((263)-23),((143)-15),((132)-80),((253)-51),((155)-63),((284)-54),((169)-45),((184)-76),((126)-63),((235)-71),((146)-40),((320)-94),((246)-45),((87)-36),((262)-34),((252)-13)},{((247)-69),((162)-69),((305)-56),((229)-56),((65)-22),((283)-30),((197)-14),((112)-62),((66)-62),((230)-95),((54)-19),((245)-60),((166)-18),((246)-53),((283)-46),((173)-51),((26)-13),((322)-90),((210)-78),((77)-24),((285)-94),((268)-80),((108)-78),((280)-79),((156)-46),((85)-42),((217)-23),((147)-32),((127)-77),((90)-74),((253)-90),((123)-36),((80)-71),((42)-28),((180)-79),((300)-74),((181)-16),((70)-17),((320)-75),((261)-68),((142)-61),((240)-42),((347)-95),((159)-35),((103)-94),((242)-86),((146)-30),((69)-53),((283)-90),((112)-37),((258)-23),((179)-23),((194)-27)},{((181)-69),((72)-54),((214)-19),((119)-30),((299)-64),((171)-51),((272)-17),((279)-40),((278)-84),((134)-95),((306)-72),((158)-60),((98)-25),((198)-16),((149)-46),((189)-75),((43)-15),((314)-84),((108)-14),((119)-20),((258)-72),((195)-95),((259)-51),((189)-30),((87)-37),((97)-90),((191)-64),((134)-44),((114)-97),((259)-83),((135)-80),((46)-22),((147)-39),((98)-21),((313)-59),((187)-33),((104)-11),((199)-40),((262)-35),((223)-95),((163)-81),((58)-37),((246)-69),((184)-83),((267)-40),((223)-42),((139)-95),((216)-22),((196)-60),((233)-28),((318)-90),((212)-75),((92)-31)},{((257)-40),((143)-23),((140)-41),((286)-59),((131)-13),((48)-12),((67)-62),((216)-46),((37)-14),((261)-61),((244)-33),((171)-12),((121)-74),((309)-82),((126)-32),((113)-65),((314)-80),((166)-62),((118)-60),((214)-25),((185)-96),((253)-14),((225)-26),((330)-86),((103)-74),((245)-81),((198)-89),((83)-71),((234)-63),((176)-66),((99)-65),((256)-17),((173)-89),((327)-72),((259)-95),((170)-73),((333)-85),((187)-18),((158)-74),((108)-13),((108)-11),((117)-78),((265)-79),((211)-74),((165)-77),((226)-36),((146)-17),((92)-63),((220)-32),((157)-60),((80)-23),((272)-50),((85)-53)},{((270)-92),((115)-52),((261)-51),((236)-42),((170)-36),((318)-83),((192)-15),((67)-26),((89)-73),((145)-20),((89)-46),((257)-40),((315)-87),((207)-28),((136)-57),((25)-22),((159)-30),((123)-40),((282)-28),((147)-26),((161)-86),((258)-52),((189)-83),((13)-13),((251)-32),((28)-20),((115)-69),((250)-69),((196)-70),((105)-61),((223)-20),((218)-76),((147)-78),((47)-44),((157)-56),((53)-37),((268)-87),((197)-83),((33)-24),((246)-60),((270)-73),((152)-40),((110)-96),((208)-92),((134)-67),((187)-30),((26)-17),((169)-86),((293)-66),((202)-36),((122)-29),((274)-72),((140)-17)},{((208)-74),((149)-61),((25)-25),((218)-59),((150)-67),((297)-64),((191)-71),((76)-71),((233)-78),((226)-87),((113)-34),((227)-47),((215)-93),((305)-63),((261)-47),((110)-43),((306)-62),((277)-22),((172)-30),((132)-90),((278)-77),((252)-97),((314)-96),((120)-89),((134)-35),((135)-97),((292)-41),((173)-19),((293)-64),((250)-43),((220)-77),((76)-30),((281)-31),((192)-78),((217)-13),((146)-93),((191)-31),((157)-55),((266)-14),((45)-13),((182)-87),((138)-89),((272)-62),((222)-90),((142)-71),((329)-78),((189)-35),((119)-89),((312)-72),((212)-27),((143)-61),((93)-87),((166)-34)},{((178)-92),((41)-40),((149)-25),((150)-72),((73)-50),((209)-33),((180)-80),((273)-23),((201)-52),((76)-63),((282)-71),((243)-50),((182)-59),((301)-83),((193)-69),((233)-46),((165)-24),((200)-44),((170)-12),((277)-32),((227)-86),((83)-21),((312)-94),((181)-12),((115)-61),((44)-42),((247)-86),((281)-39),((118)-85),((228)-38),((185)-56),((131)-51),((316)-89),((171)-20),((102)-84),((259)-31),((186)-95),((323)-82),((233)-50),((324)-72),((92)-73),((232)-30),((164)-38),((98)-75),((223)-41),((192)-46),((92)-74),((186)-21),((145)-62),((89)-34),((300)-80),((114)-44),((274)-27)},{((17)-15),((192)-47),((58)-13),((290)-86),((194)-36),((303)-79),((88)-54),((141)-39),((79)-38),((335)-81),((218)-61),((276)-44),((306)-96),((227)-78),((139)-90),((270)-17),((163)-46),((296)-89),((71)-15),((181)-18),((144)-39),((19)-17),((56)-21),((128)-30),((130)-78),((252)-39),((163)-28),((204)-58),((170)-37),((298)-48),((200)-68),((142)-53),((268)-20),((184)-27),((272)-55),((187)-16),((147)-46),((238)-26),((244)-78),((252)-42),((202)-50),((66)-53),((221)-67),((193)-82),((97)-83),((249)-70),((270)-31),((219)-29),((212)-92),((90)-76),((202)-33),((64)-46),((260)-41)},{((282)-81),((209)-78),((251)-28),((176)-47),((224)-32),((256)-95),((193)-17),((239)-58),((94)-82),((213)-76),((163)-48),((313)-75),((118)-28),((158)-45),((71)-57),((286)-62),((240)-71),((115)-19),((295)-58),((234)-73),((69)-38),((304)-63),((137)-36),((17)-13),((231)-77),((123)-15),((86)-14),((249)-49),((147)-71),((281)-31),((261)-39),((170)-39),((314)-74),((220)-59),((246)-74),((143)-60),((88)-59),((208)-56),((203)-46),((280)-36),((209)-36),((106)-81),((278)-46),((135)-30),((142)-80),((262)-77),((233)-85),((128)-53),((316)-82),((188)-75),((125)-43),((205)-42),((229)-31)},{((187)-88),((71)-18),((64)-60),((199)-48),((94)-34),((197)-11),((180)-43),((308)-82),((251)-89),((127)-35),((100)-81),((242)-43),((85)-67),((70)-41),((229)-68),((147)-71),((85)-49),((282)-81),((159)-79),((87)-22),((285)-92),((176)-92),((266)-11),((306)-79),((147)-11),((307)-62),((178)-12),((164)-80),((176)-81),((165)-68),((61)-25),((242)-44),((236)-87),((163)-63),((265)-84),((188)-50),((79)-74),((282)-43),((187)-42),((100)-34),((187)-76),((49)-48),((163)-21),((67)-31),((100)-80),((274)-43),((147)-71),((35)-20),((187)-52),((164)-69),((239)-35),((161)-36),((157)-21)},{((61)-11),((74)-63),((207)-49),((161)-79),((221)-13),((309)-96),((121)-77),((321)-92),((102)-21),((96)-64),((228)-67),((154)-36),((272)-31),((224)-20),((148)-17),((106)-72),((222)-53),((232)-94),((286)-67),((199)-11),((190)-78),((76)-64),((255)-33),((63)-31),((181)-81),((322)-80),((257)-64),((210)-72),((108)-73),((229)-14),((100)-15),((93)-54),((260)-78),((137)-61),((272)-55),((210)-87),((133)-71),((37)-24),((244)-26),((135)-45),((235)-13),((205)-65),((152)-40),((47)-29),((197)-70),((86)-38),((91)-32),((284)-55),((253)-66),((144)-39),((47)-45),((255)-76),((105)-56)},{((96)-42),((212)-71),((99)-44),((245)-82),((134)-20),((55)-50),((241)-26),((139)-57),((67)-22),((276)-48),((167)-36),((57)-47),((266)-31),((105)-42),((191)-96),((349)-97),((280)-89),((169)-33),((93)-60),((238)-25),((129)-46),((126)-89),((217)-94),((103)-44),((282)-37),((224)-52),((151)-55),((221)-50),((209)-27),((116)-55),((276)-44),((189)-15),((101)-18),((312)-94),((301)-83),((112)-22),((253)-16),((190)-35),((221)-94),((128)-95),((239)-97),((108)-45),((145)-71),((303)-59),((232)-45),((126)-69),((112)-65),((151)-20),((88)-28),((210)-42),((180)-61),((36)-26),((276)-53)},{((138)-48),((99)-46),((268)-35),((199)-63),((72)-57),((299)-59),((113)-45),((69)-32),((229)-27),((185)-83),((112)-59),((165)-46),((259)-72),((131)-43),((124)-82),((311)-68),((222)-82),((150)-86),((213)-26),((212)-71),((90)-86),((174)-20),((137)-41),((222)-72),((227)-54),((121)-21),((82)-58),((207)-30),((139)-59),((77)-18),((279)-92),((108)-30),((274)-22),((278)-54),((146)-13),((286)-47),((255)-95),((198)-42),((118)-48),((107)-94),((172)-33),((191)-47),((263)-32),((206)-49),((100)-91),((279)-63),((204)-97),((131)-67),((205)-18),((163)-13),((97)-20),((298)-65),((119)-22)},{((151)-85),((210)-60),((191)-39),((152)-67),((296)-55),((181)-13),((263)-53),((52)-24),((236)-51),((166)-27),((131)-47),((322)-85),((190)-29),((125)-94),((291)-68),((181)-92),((75)-53),((251)-73),((124)-19),((236)-86),((267)-70),((120)-14),((297)-53),((190)-25),((155)-75),((116)-42),((256)-54),((139)-46),((69)-58),((320)-96),((217)-84),((314)-75),((173)-13),((212)-41),((126)-41),((69)-41),((199)-45),((230)-71),((264)-18),((242)-70),((110)-86),((311)-80),((214)-92),((85)-21),((207)-20),((166)-16),((104)-27),((244)-11),((157)-45),((94)-13),((251)-86),((178)-47),((142)-63)},{((68)-50),((256)-82),((137)-39),((277)-38),((195)-26),((113)-65),((257)-41),((106)-65),((158)-28),((61)-30),((325)-87),((204)-21),((174)-94),((94)-90),((203)-73),((172)-88),((292)-77),((104)-25),((91)-34),((219)-12),((119)-48),((283)-32),((289)-41),((147)-27),((100)-89),((206)-21),((242)-85),((123)-60),((201)-29),((118)-25),((117)-13),((325)-78),((235)-88),((107)-57),((52)-48),((67)-15),((173)-52),((258)-54),((237)-94),((147)-47),((85)-82),((136)-58),((86)-30),((326)-78),((168)-17),((142)-43),((236)-17),((80)-27),((224)-66),((335)-85),((281)-89),((158)-72),((179)-42)},{((296)-96),((222)-68),((90)-31),((295)-58),((317)-78),((294)-74),((156)-72),((67)-35),((302)-60),((143)-31),((74)-35),((278)-74),((139)-35),((33)-26),((123)-68),((44)-35),((208)-13),((139)-74),((66)-47),((69)-57),((325)-76),((184)-68),((126)-62),((99)-84),((232)-91),((93)-25),((285)-52),((190)-57),((132)-96),((154)-67),((93)-52),((262)-38),((210)-92),((71)-54),((164)-27),((97)-15),((142)-78),((298)-48),((168)-79),((269)-21),((123)-68),((27)-18),((95)-71),((83)-54),((159)-43),((318)-77),((298)-76),((166)-80),((250)-56),((327)-95),((154)-21),((136)-49),((81)-46)},{((267)-82),((198)-89),((254)-37),((207)-36),((113)-82),((214)-24),((173)-89),((75)-37),((22)-17),((181)-48),((68)-47),((265)-70),((204)-37),((113)-37),((234)-49),((146)-40),((186)-69),((85)-44),((313)-92),((130)-48),((50)-11),((185)-11),((244)-41),((279)-95),((144)-93),((298)-43),((297)-88),((119)-43),((29)-26),((270)-87),((112)-29),((271)-29),((35)-13),((277)-45),((222)-60),((43)-14),((312)-73),((219)-50),((150)-57),((297)-84),((226)-56),((131)-82),((174)-96),((131)-75),((216)-37),((153)-26),((113)-32),((287)-95),((156)-37),((115)-72),((267)-68),((134)-35),((237)-87)},{((150)-46),((57)-23),((228)-44),((113)-30),((280)-77),((196)-48),((212)-85),((74)-17),((236)-84),((88)-45),((158)-52),((104)-29),((110)-20),((131)-36),((227)-45),((76)-28),((69)-40),((241)-89),((70)-66),((91)-24),((212)-35),((96)-16),((292)-62),((230)-64),((97)-57),((240)-23),((311)-83),((224)-81),((59)-44),((260)-68),((172)-80),((54)-14),((194)-31),((142)-28),((117)-64),((258)-76),((200)-30),((92)-50),((251)-23),((106)-29),((136)-96),((303)-80),((243)-53),((82)-47),((266)-33),((149)-52),((143)-71),((252)-71),((175)-76),((146)-36),((255)-14),((179)-65),((158)-87)},{((307)-62),((229)-35),((104)-23),((221)-17),((207)-79),((169)-96),((324)-77),((229)-61),((286)-76),((190)-89),((255)-31),((147)-29),((299)-62),((233)-15),((179)-94),((242)-64),((162)-12),((183)-70),((46)-12),((231)-53),((166)-61),((112)-77),((252)-94),((250)-17),((96)-38),((318)-68),((197)-81),((289)-35),((240)-29),((109)-16),((49)-32),((148)-23),((164)-70),((63)-48),((240)-45),((159)-28),((60)-50),((217)-12),((48)-36),((139)-47),((328)-77),((182)-19),((117)-75),((341)-95),((205)-59),((101)-28),((237)-92),((234)-63),((108)-64),((151)-23),((99)-92),((121)-25),((349)-94)},{((268)-95),((131)-31),((303)-85),((282)-53),((174)-30),((33)-11),((188)-55),((166)-76),((43)-20),((179)-41),((111)-41),((96)-78),((187)-22),((116)-50),((116)-39),((321)-73),((279)-86),((121)-64),((109)-89),((182)-33),((329)-91),((36)-24),((173)-78),((114)-41),((239)-43),((237)-93),((166)-73),((289)-56),((169)-27),((129)-69),((244)-19),((163)-41),((224)-96),((282)-62),((254)-80),((36)-16),((264)-34),((196)-23),((153)-26),((120)-66),((191)-11),((173)-39),((133)-90),((294)-50),((141)-33),((117)-46),((278)-78),((92)-65),((153)-78),((232)-74),((219)-95),((314)-67),((258)-63)},{((172)-28),((79)-51),((256)-66),((194)-86),((93)-76),((230)-57),((225)-46),((41)-26),((300)-75),((123)-37),((109)-69),((305)-69),((252)-77),((140)-35),((298)-43),((179)-25),((103)-85),((270)-51),((216)-15),((198)-70),((284)-61),((180)-51),((242)-50),((250)-89),((247)-71),((226)-45),((104)-92),((181)-35),((97)-30),((271)-48),((214)-40),((95)-36),((19)-12),((233)-64),((293)-43),((118)-55),((259)-86),((117)-41),((264)-38),((256)-76),((85)-31),((302)-86),((170)-19),((196)-67),((340)-88),((129)-25),((139)-63),((85)-46),((247)-31),((168)-61),((122)-88),((294)-77),((98)-14)},{((246)-87),((46)-26),((163)-15),((64)-28),((278)-68),((207)-70),((87)-22),((103)-36),((235)-81),((118)-95),((86)-82),((138)-11),((166)-91),((33)-33),((172)-26),((42)-14),((295)-87),((190)-28),((81)-25),((229)-40),((179)-69),((173)-52),((84)-48),((183)-16),((103)-63),((328)-75),((256)-70),((143)-32),((99)-92),((204)-20),((177)-93),((88)-56),((219)-64),((106)-15),((66)-36),((183)-24),((208)-85),((29)-16),((246)-92),((87)-12),((77)-48),((216)-22),((124)-50),((294)-46),((96)-93),((181)-25),((121)-90),((267)-29),((25)-22),((72)-61),((300)-76),((219)-86),((203)-28)},{((327)-77),((258)-72),((128)-97),((288)-92),((185)-53),((111)-22),((304)-53),((158)-28),((343)-93),((329)-77),((222)-97),((295)-89),((113)-28),((214)-82),((132)-58),((272)-60),((221)-73),((125)-16),((163)-49),((285)-87),((192)-80),((67)-55),((210)-51),((183)-67),((275)-51),((133)-42),((235)-72),((67)-35),((269)-78),((203)-94),((65)-29),((184)-30),((86)-14),((145)-62),((202)-24),((160)-37),((25)-11),((268)-97),((141)-38),((60)-24),((236)-53),((135)-54),((25)-23),((37)-27),((201)-96),((110)-57),((235)-35),((189)-91),((80)-64),((266)-73),((166)-41),((133)-60),((260)-43)},{((211)-96),((80)-62),((269)-77),((140)-27),((143)-19),((94)-73),((238)-59),((170)-85),((96)-84),((274)-88),((128)-63),((57)-25),((293)-76),((108)-33),((41)-30),((234)-30),((213)-73),((91)-88),((167)-14),((155)-66),((187)-14),((73)-33),((142)-16),((64)-62),((314)-78),((155)-73),((72)-39),((293)-74),((133)-49),((96)-94),((209)-48),((92)-16),((334)-81),((248)-33),((151)-45),((100)-67),((282)-39),((246)-81),((115)-42),((225)-20),((243)-60),((88)-59),((264)-28),((239)-73),((129)-29),((273)-60),((186)-46),((112)-89),((283)-86),((206)-91),((124)-88),((144)-97),((299)-81)},{((141)-51),((91)-80),((210)-43),((195)-80),((270)-32),((258)-69),((202)-74),((334)-92),((269)-63),((230)-70),((177)-72),((81)-73),((257)-84),((179)-82),((300)-53),((218)-66),((290)-36),((284)-79),((119)-17),((58)-44),((51)-25),((124)-12),((88)-34),((270)-96),((220)-71),((21)-19),((212)-36),((159)-65),((178)-73),((85)-83),((180)-20),((102)-33),((293)-41),((264)-94),((88)-39),((89)-70),((185)-13),((216)-90),((55)-41),((299)-75),((97)-46),((232)-13),((201)-46),((138)-29),((243)-11),((193)-46),((207)-90),((61)-33),((211)-39),((132)-45),((110)-69),((272)-68),((166)-66)},{((111)-78),((243)-32),((89)-12),((322)-68),((269)-79),((166)-49),((34)-14),((220)-20),((166)-20),((145)-85),((290)-71),((215)-81),((160)-86),((282)-56),((189)-75),((154)-88),((295)-65),((197)-58),((151)-75),((251)-53),((148)-17),((91)-33),((272)-73),((232)-55),((186)-93),((21)-14),((290)-84),((94)-28),((336)-81),((164)-21),((113)-15),((91)-67),((224)-86),((170)-96),((65)-42),((270)-77),((69)-15),((287)-38),((202)-95),((172)-44),((121)-81),((307)-57),((134)-11),((120)-74),((198)-38),((168)-72),((126)-81),((225)-58),((146)-49),((83)-59),((254)-89),((207)-61),((130)-90)},{((117)-14),((257)-97),((132)-36),((304)-50),((134)-34),((54)-27),((329)-95),((208)-71),((142)-90),((253)-74),((112)-15),((81)-66),((285)-79),((197)-31),((157)-94),((305)-89),((197)-83),((85)-50),((116)-70),((220)-97),((124)-53),((265)-47),((209)-93),((85)-51),((262)-51),((241)-19),((162)-25),((125)-70),((323)-94),((263)-11),((244)-56),((212)-97),((156)-93),((288)-84),((113)-18),((266)-21),((254)-64),((98)-35),((85)-56),((133)-59),((268)-48),((154)-61),((231)-54),((283)-65),((156)-11),((137)-74),((199)-94),((318)-81),((96)-83),((240)-29),((129)-36),((96)-67),((106)-95)},{((129)-11),((122)-65),((259)-43),((206)-45),((162)-77),((32)-32),((213)-84),((115)-80),((317)-66),((245)-85),((73)-51),((225)-29),((163)-49),((114)-79),((105)-59),((247)-33),((156)-70),((41)-34),((192)-29),((177)-63),((255)-18),((275)-87),((200)-73),((347)-94),((258)-17),((132)-40),((97)-87),((174)-23),((102)-27),((54)-22),((169)-16),((79)-11),((256)-11),((86)-86),((233)-23),((199)-92),((49)-12),((222)-41),((111)-40),((278)-66),((180)-92),((99)-27),((63)-36),((205)-77),((118)-48),((211)-21),((252)-87),((34)-16),((225)-36),((179)-69),((150)-60),((280)-28),((216)-67)},{((191)-97),((301)-93),((199)-25),((165)-69),((269)-51),((207)-80),((143)-56),((320)-68),((272)-74),((169)-90),((208)-61),((203)-45),((219)-29),((94)-78),((251)-36),((158)-62),((200)-75),((226)-63),((288)-93),((83)-50),((263)-46),((144)-13),((264)-68),((252)-75),((241)-29),((54)-16),((328)-91),((152)-22),((88)-53),((229)-35),((265)-36),((95)-67),((238)-57),((237)-80),((287)-89),((162)-13),((200)-36),((94)-49),((192)-55),((206)-79),((195)-36),((153)-63),((194)-30),((137)-35),((126)-70),((259)-29),((74)-49),((244)-45),((152)-32),((177)-46),((337)-96),((276)-81),((284)-56)},{((271)-35),((291)-95),((171)-69),((82)-71),((171)-13),((247)-92),((65)-38),((232)-22),((134)-72),((86)-61),((278)-70),((232)-57),((91)-71),((299)-81),((123)-41),((80)-26),((216)-53),((147)-66),((33)-31),((258)-38),((104)-72),((141)-86),((237)-19),((208)-60),((107)-37),((243)-21),((109)-75),((120)-63),((256)-21),((165)-33),((142)-52),((75)-74),((100)-34),((126)-79),((160)-78),((210)-46),((139)-32),((318)-74),((185)-36),((82)-30),((150)-66),((215)-61),((116)-65),((119)-92),((82)-14),((55)-33),((113)-76),((241)-67),((167)-81),((80)-67),((302)-84),((208)-94),((19)-15)},{((242)-79),((269)-71),((169)-37),((273)-73),((178)-40),((101)-64),((272)-82),((128)-35),((111)-45),((244)-35),((156)-53),((136)-82),((251)-32),((109)-17),((94)-26),((281)-80),((206)-96),((199)-54),((275)-30),((190)-23),((132)-20),((45)-18),((211)-71),((173)-79),((207)-77),((208)-70),((150)-52),((66)-65),((217)-66),((64)-22),((106)-91),((262)-34),((164)-18),((247)-35),((170)-40),((131)-80),((130)-71),((221)-52),((299)-44),((268)-20),((98)-71),((148)-42),((116)-64),((201)-45),((28)-21),((285)-32),((40)-11),((149)-93),((133)-93),((258)-73),((167)-43),((160)-72),((309)-74)},{((82)-60),((101)-77),((130)-74),((189)-51),((117)-36),((263)-78),((160)-52),((68)-18),((266)-47),((247)-82),((84)-44),((313)-78),((52)-50),((81)-35),((163)-85),((179)-34),((119)-62),((61)-43),((180)-31),((131)-43),((181)-13),((227)-87),((185)-13),((111)-91),((218)-25),((240)-75),((310)-71),((59)-44),((158)-73),((27)-27),((278)-64),((134)-39),((254)-94),((256)-82),((237)-46),((76)-32),((273)-57),((149)-70),((262)-55),((265)-86),((298)-90),((72)-17),((247)-14),((231)-96),((308)-72),((272)-79),((278)-50),((139)-88),((267)-17),((221)-57),((101)-91),((227)-25),((178)-37)},{((127)-46),((209)-87),((104)-28),((168)-80),((286)-46),((169)-93),((115)-67),((141)-58),((264)-74),((221)-74),((146)-81),((130)-17),((71)-40),((283)-75),((200)-30),((151)-90),((265)-21),((262)-64),((136)-16),((329)-90),((185)-13),((169)-70),((274)-34),((239)-18),((219)-82),((96)-87),((205)-28),((133)-50),((51)-11),((249)-56),((107)-17),((311)-67),((217)-52),((198)-22),((100)-27),((265)-34),((174)-37),((101)-37),((317)-79),((185)-68),((151)-76),((319)-76),((278)-81),((112)-27),((87)-51),((200)-54),((106)-57),((214)-15),((188)-53),((80)-45),((108)-94),((248)-49),((117)-24)},{((213)-36),((268)-73),((165)-25),((55)-28),((161)-20),((166)-89),((120)-94),((221)-34),((174)-60),((87)-73),((253)-35),((175)-50),((26)-14),((191)-29),((97)-11),((47)-37),((227)-58),((166)-39),((126)-85),((253)-13),((182)-67),((82)-79),((220)-19),((217)-74),((103)-60),((157)-72),((193)-33),((85)-13),((50)-24),((224)-54),((55)-16),((255)-21),((173)-36),((94)-30),((280)-27),((217)-51),((122)-42),((306)-70),((160)-33),((180)-81),((20)-11),((206)-66),((175)-96),((262)-24),((205)-52),((197)-90),((313)-92),((258)-95),((145)-61),((212)-38),((223)-22),((178)-41),((116)-74)},{((220)-61),((102)-16),((68)-31),((213)-20),((175)-67),((318)-83),((244)-91),((149)-75),((90)-69),((241)-73),((112)-17),((130)-84),((256)-32),((127)-16),((79)-38),((317)-83),((181)-33),((77)-26),((278)-56),((248)-89),((102)-71),((241)-27),((165)-65),((50)-44),((222)-42),((127)-12),((168)-93),((254)-26),((125)-15),((81)-38),((99)-92),((25)-13),((159)-60),((107)-79),((214)-72),((258)-20),((264)-27),((216)-40),((107)-43),((271)-27),((226)-88),((146)-84),((257)-12),((190)-42),((62)-13),((290)-64),((284)-47),((208)-56),((82)-43),((274)-61),((186)-85),((90)-59),((272)-67)},{((156)-63),((303)-51),((100)-92),((190)-93),((108)-72),((228)-33),((116)-18),((74)-70),((307)-87),((200)-71),((74)-68),((259)-76),((290)-96),((114)-18),((261)-66),((194)-66),((169)-92),((108)-77),((228)-48),((50)-12),((162)-28),((216)-86),((131)-38),((236)-26),((157)-23),((88)-21),((278)-28),((219)-84),((194)-78),((60)-19),((175)-12),((164)-83),((288)-69),((239)-96),((164)-64),((91)-57),((51)-12),((147)-21),((330)-82),((194)-13),((198)-93),((297)-51),((248)-21),((168)-25),((121)-39),((271)-82),((153)-34),((95)-39),((289)-90),((150)-66),((36)-28),((261)-43),((159)-32)},{((63)-59),((230)-49),((231)-39),((200)-54),((59)-19),((271)-51),((181)-82),((269)-24),((225)-95),((83)-59),((35)-27),((268)-52),((156)-95),((56)-53),((209)-86),((159)-61),((267)-60),((199)-71),((182)-43),((120)-42),((328)-85),((143)-39),((139)-81),((287)-85),((193)-83),((273)-22),((267)-86),((160)-94),((69)-31),((303)-97),((184)-47),((142)-93),((48)-45),((239)-92),((69)-29),((204)-32),((170)-59),((84)-70),((288)-57),((162)-19),((132)-35),((311)-70),((258)-63),((124)-11),((39)-11),((215)-59),((147)-91),((285)-82),((212)-67),((84)-15),((239)-17),((213)-48),((116)-97)},{((273)-19),((207)-39),((126)-73),((221)-18),((202)-15),((171)-71),((260)-35),((210)-28),((116)-70),((262)-30),((185)-14),((102)-97),((49)-23),((213)-19),((172)-24),((94)-58),((224)-12),((125)-55),((20)-14),((300)-89),((172)-86),((44)-19),((223)-39),((124)-16),((316)-61),((191)-12),((172)-81),((219)-65),((250)-21),((257)-92),((97)-27),((208)-21),((147)-36),((122)-60),((289)-68),((150)-14),((129)-53),((125)-44),((211)-43),((87)-44),((308)-73),((201)-78),((65)-39),((216)-25),((223)-72),((124)-64),((63)-57),((174)-22),((110)-76),((263)-49),((203)-35),((169)-92),((242)-32)},{((179)-48),((142)-76),((113)-81),((222)-43),((134)-31),((46)-21),((110)-80),((191)-74),((76)-30),((250)-90),((96)-96),((303)-48),((234)-40),((168)-71),((116)-95),((237)-66),((133)-38),((51)-29),((204)-38),((148)-78),((278)-34),((230)-68),((117)-23),((104)-62),((249)-60),((106)-19),((76)-68),((319)-93),((228)-75),((124)-44),((330)-79),((221)-97),((97)-31),((232)-51),((194)-95),((38)-18),((113)-85),((272)-91),((192)-88),((238)-20),((215)-61),((172)-63),((61)-40),((256)-25),((132)-16),((61)-55),((218)-26),((138)-94),((89)-61),((253)-50),((176)-61),((129)-60),((270)-60)},{((248)-84),((110)-74),((276)-69),((166)-44),((62)-49),((225)-47),((224)-82),((145)-80),((280)-68),((146)-70),((130)-78),((240)-63),((118)-14),((137)-79),((321)-85),((151)-19),((114)-82),((303)-60),((263)-91),((78)-48),((304)-82),((225)-54),((168)-89),((39)-33),((240)-96),((180)-88),((329)-74),((153)-29),((137)-50),((38)-36),((186)-64),((329)-84),((88)-66),((278)-88),((223)-79),((121)-89),((251)-40),((84)-15),((283)-37),((222)-27),((187)-66),((118)-94),((281)-95),((176)-81),((205)-56),((312)-94),((231)-77),((135)-76),((229)-56),((170)-70),((105)-54),((225)-15),((170)-45)},{((249)-12),((169)-14),((127)-51),((77)-42),((199)-17),((191)-82),((160)-97),((306)-65),((258)-93),((117)-34),((277)-26),((91)-91),((202)-31),((54)-52),((260)-73),((54)-24),((294)-72),((209)-38),((63)-20),((305)-79),((165)-56),((53)-23),((92)-51),((270)-76),((170)-52),((150)-96),((246)-55),((147)-16),((130)-72),((295)-51),((245)-95),((88)-38),((241)-11),((198)-87),((117)-66),((188)-48),((166)-35),((143)-76),((259)-82),((172)-92),((75)-26),((254)-88),((176)-56),((217)-76),((324)-94),((201)-56),((25)-19),((170)-41),((269)-80),((144)-71),((297)-77),((67)-64),((161)-78)},{((246)-49),((221)-88),((145)-63),((156)-69),((245)-71),((184)-81),((299)-97),((157)-19),((148)-64),((249)-19),((145)-30),((126)-87),((260)-11),((212)-54),((103)-68),((255)-43),((148)-21),((99)-40),((26)-19),((176)-22),((184)-63),((76)-74),((209)-21),((159)-44),((44)-17),((241)-85),((159)-46),((131)-90),((220)-27),((106)-22),((96)-85),((261)-40),((179)-39),((137)-68),((272)-89),((107)-84),((41)-31),((255)-50),((143)-35),((58)-26),((241)-62),((195)-92),((81)-51),((238)-49),((236)-74),((134)-64),((263)-28),((239)-67),((126)-82),((274)-35),((171)-29),((108)-33),((274)-37)},{((207)-61),((77)-40),((23)-13),((222)-48),((121)-41),((108)-91),((288)-86),((106)-49),((271)-49),((233)-81),((179)-70),((61)-24),((220)-31),((152)-60),((53)-46),((223)-20),((107)-32),((46)-44),((205)-61),((82)-17),((144)-71),((302)-58),((129)-13),((65)-28),((239)-46),((159)-15),((48)-37),((245)-42),((190)-51),((65)-53),((95)-95),((214)-68),((108)-95),((206)-13),((168)-30),((76)-20),((262)-32),((42)-26),((223)-60),((285)-57),((160)-38),((98)-40),((244)-18),((114)-93),((193)-55),((311)-72),((175)-15),((190)-97),((105)-94),((207)-19),((249)-40),((250)-18),((234)-45)},{((152)-39),((47)-34),((148)-63),((244)-78),((83)-60),((226)-62),((172)-78),((288)-53),((280)-73),((199)-80),((317)-83),((220)-51),((195)-66),((93)-67),((239)-72),((161)-61),((144)-83),((122)-56),((161)-23),((99)-32),((253)-72),((64)-43),((56)-33),((307)-89),((147)-29),((83)-41),((212)-20),((149)-33),((131)-88),((264)-62),((253)-78),((131)-66),((279)-76),((124)-12),((143)-77),((304)-73),((203)-92),((80)-51),((66)-26),((225)-90),((153)-73),((311)-84),((145)-17),((201)-62),((71)-35),((226)-74),((199)-87),((37)-16),((178)-37),((138)-31),((342)-91),((188)-34),((224)-94)},{((108)-66),((285)-33),((155)-15),((56)-53),((277)-58),((197)-93),((93)-32),((250)-39),((168)-54),((104)-35),((223)-47),((182)-46),((97)-55),((237)-57),((162)-16),((107)-73),((193)-96),((224)-55),((118)-37),((121)-86),((135)-17),((133)-55),((300)-57),((180)-55),((123)-47),((303)-83),((163)-40),((210)-75),((218)-57),((146)-91),((271)-33),((185)-44),((81)-13),((183)-49),((341)-88),((197)-17),((112)-32),((262)-95),((259)-39),((160)-64),((84)-73),((238)-89),((106)-53),((285)-55),((294)-56),((204)-51),((54)-29),((240)-38),((178)-76),((137)-84),((207)-31),((159)-32),((132)-66)},{((256)-64),((250)-85),((119)-64),((262)-84),((175)-73),((112)-65),((279)-58),((216)-74),((265)-84),((116)-44),((150)-13),((111)-80),((290)-67),((244)-94),((277)-76),((129)-64),((229)-81),((85)-16),((43)-41),((187)-11),((132)-35),((198)-80),((196)-55),((149)-48),((87)-65),((211)-33),((263)-13),((128)-53),((239)-84),((164)-49),((66)-42),((217)-70),((190)-80),((295)-41),((169)-12),((73)-12),((278)-43),((187)-20),((186)-71),((84)-78),((226)-66),((163)-71),((70)-30),((280)-93),((130)-45),((314)-67),((49)-47),((267)-55),((153)-86),((57)-39),((222)-55),((59)-34),((141)-20)},{((237)-93),((158)-93),((234)-31),((202)-63),((127)-36),((129)-84),((235)-46),((124)-60),((298)-48),((139)-22),((145)-44),((91)-71),((272)-87),((235)-96),((309)-60),((206)-21),((148)-36),((71)-40),((318)-77),((207)-78),((72)-23),((246)-50),((122)-26),((310)-76),((240)-33),((192)-71),((97)-33),((291)-96),((96)-16),((61)-39),((237)-14),((168)-45),((241)-76),((316)-76),((242)-66),((157)-76),((288)-93),((139)-32),((136)-78),((272)-55),((223)-91),((47)-44),((203)-26),((186)-88),((121)-88),((285)-39),((189)-46),((107)-67),((258)-64),((175)-60),((197)-71),((80)-67),((188)-61)},{((290)-70),((272)-29),((219)-55),((70)-24),((305)-67),((247)-54),((222)-75),((103)-68),((262)-69),((189)-78),((340)-97),((227)-72),((119)-46),((94)-64),((225)-27),((177)-48),((74)-36),((337)-89),((228)-92),((147)-57),((183)-13),((176)-46),((307)-54),((279)-66),((108)-19),((78)-29),((215)-13),((142)-13),((98)-93),((254)-20),((224)-82),((85)-16),((245)-23),((212)-42),((144)-67),((264)-35),((143)-11),((163)-76),((318)-64),((200)-58),((142)-48),((271)-34),((208)-44),((80)-28),((249)-14),((224)-43),((117)-67),((284)-51),((153)-62),((193)-81),((56)-32),((299)-65),((204)-82)},{((318)-80),((182)-23),((122)-33),((74)-46),((205)-24),((95)-32),((64)-28),((266)-50),((208)-80),((140)-52),((19)-13),((209)-71),((44)-19),((221)-43),((152)-65),((85)-83),((254)-45),((209)-30),((117)-33),((278)-92),((148)-38),((88)-27),((270)-50),((148)-13),((27)-21),((198)-18),((118)-17),((103)-40),((237)-30),((182)-48),((137)-49),((95)-85),((167)-14),((162)-79),((62)-57),((157)-24),((71)-14),((253)-54),((217)-97),((191)-60),((306)-56),((206)-20),((186)-73),((52)-20),((284)-42),((137)-38),((339)-90),((280)-43),((176)-73),((27)-21),((187)-40),((142)-71),((48)-20)},{((304)-89),((147)-66),((46)-17),((226)-62),((232)-89),((103)-64),((200)-11),((208)-55),((210)-55),((294)-52),((205)-91),((89)-45),((263)-26),((178)-51),((46)-34),((239)-47),((240)-97),((102)-50),((247)-62),((195)-89),((52)-14),((344)-90),((191)-70),((161)-80),((250)-37),((210)-52),((104)-49),((272)-34),((196)-67),((148)-65),((71)-55),((287)-93),((120)-21),((91)-83),((217)-16),((92)-25),((96)-69),((235)-85),((151)-41),((278)-33),((244)-54),((148)-64),((61)-50),((244)-86),((196)-69),((58)-58),((260)-44),((156)-15),((163)-17),((291)-61),((206)-80),((56)-36),((280)-40)},{((183)-53),((29)-14),((266)-86),((211)-77),((100)-60),((232)-59),((170)-76),((121)-95),((253)-23),((152)-31),((169)-81),((313)-73),((222)-55),((126)-32),((33)-24),((195)-57),((141)-46),((32)-24),((257)-97),((64)-13),((290)-59),((214)-29),((121)-14),((264)-26),((222)-45),((152)-72),((94)-66),((215)-25),((150)-54),((310)-67),((245)-29),((135)-26),((84)-66),((287)-76),((199)-59),((344)-93),((228)-68),((178)-91),((66)-22),((305)-77),((189)-47),((120)-75),((251)-35),((181)-25),((47)-19),((264)-56),((149)-70),((46)-46),((22)-11),((248)-79),((51)-24),((198)-75),((171)-25)},{((138)-74),((260)-58),((226)-88),((145)-52),((99)-52),((225)-68),((92)-38),((313)-94),((169)-53),((112)-45),((92)-79),((286)-63),((93)-16),((96)-83),((225)-29),((190)-51),((311)-56),((224)-42),((138)-53),((230)-58),((266)-41),((198)-82),((88)-57),((176)-22),((188)-64),((70)-50),((228)-31),((175)-78),((137)-89),((185)-14),((215)-93),((112)-51),((274)-84),((239)-88),((105)-64),((277)-95),((194)-88),((78)-33),((252)-42),((174)-84),((31)-23),((210)-17),((195)-54),((64)-32),((265)-76),((169)-45),((117)-27),((294)-39),((263)-84),((118)-20),((126)-23),((63)-42),((124)-31)},{((78)-71),((182)-25),((119)-17),((94)-80),((162)-19),((145)-45),((82)-54),((161)-11),((154)-56),((283)-50),((263)-51),((140)-41),((97)-71),((235)-16),((135)-35),((56)-26),((271)-58),((153)-25),((47)-46),((253)-39),((137)-67),((309)-62),((24)-22),((173)-76),((89)-44),((254)-62),((180)-90),((72)-61),((253)-54),((247)-97),((143)-84),((282)-43),((257)-96),((213)-47),((175)-91),((238)-67),((132)-95),((270)-47),((236)-86),((89)-54),((103)-87),((279)-49),((99)-54),((67)-62),((138)-16),((61)-15),((81)-65),((203)-65),((150)-64),((272)-51),((274)-74),((126)-69),((58)-26)},{((188)-42),((143)-70),((68)-25),((276)-81),((200)-75),((50)-13),((264)-56),((147)-66),((91)-56),((204)-54),((138)-70),((297)-52),((54)-54),((187)-89),((124)-66),((303)-86),((177)-42),((107)-51),((320)-81),((186)-71),((108)-51),((61)-52),((173)-63),((97)-72),((311)-82),((175)-64),((101)-66),((200)-90),((101)-43),((287)-52),((219)-54),((76)-20),((230)-48),((304)-78),((191)-53),((83)-24),((54)-38),((267)-89),((117)-60),((226)-49),((263)-81),((162)-53),((73)-46),((119)-50),((146)-23),((208)-80),((301)-86),((95)-23),((126)-79),((207)-61),((163)-90),((91)-48),((235)-46)},{((90)-16),((349)-95),((224)-16),((180)-63),((277)-30),((236)-71),((106)-20),((136)-39),((109)-94),((138)-28),((54)-11),((313)-69),((100)-82),((62)-42),((235)-38),((145)-33),((96)-33),((255)-54),((175)-23),((68)-25),((70)-63),((251)-34),((174)-64),((293)-69),((128)-64),((118)-61),((248)-29),((169)-35),((172)-87),((237)-17),((185)-14),((116)-54),((43)-14),((274)-35),((324)-80),((230)-47),((77)-21),((85)-24),((242)-25),((100)-25),((23)-12),((298)-68),((118)-30),((311)-73),((182)-20),((98)-12),((323)-78),((132)-50),((241)-13),((141)-52),((104)-61),((243)-11),((213)-72)},{((90)-61),((124)-89),((189)-65),((73)-25),((266)-59),((241)-89),((89)-13),((342)-95),((250)-57),((126)-43),((285)-73),((130)-90),((106)-25),((45)-34),((211)-26),((259)-32),((118)-18),((183)-51),((146)-72),((302)-90),((225)-77),((187)-78),((184)-70),((284)-83),((151)-81),((88)-61),((208)-22),((189)-82),((52)-24),((289)-78),((122)-35),((65)-21),((259)-46),((128)-28),((252)-11),((256)-91),((146)-27),((94)-66),((237)-76),((116)-37),((55)-55),((98)-90),((145)-42),((52)-16),((329)-77),((187)-62),((147)-40),((209)-16),((150)-42),((106)-50),((264)-70),((202)-57),((212)-16)},{((242)-11),((239)-72),((330)-76),((151)-60),((158)-23),((106)-59),((278)-39),((237)-41),((197)-95),((260)-38),((116)-30),((172)-81),((106)-88),((268)-76),((294)-60),((47)-15),((75)-38),((136)-12),((320)-74),((236)-57),((157)-18),((263)-94),((242)-71),((149)-72),((325)-77),((296)-97),((106)-25),((99)-67),((215)-36),((212)-69),((125)-92),((224)-50),((116)-18),((80)-28),((240)-23),((108)-14),((72)-60),((234)-48),((256)-74),((148)-64),((230)-32),((169)-35),((182)-75),((230)-22),((138)-15),((96)-25),((306)-97),((192)-32),((257)-46),((308)-62),((218)-36),((74)-61),((123)-17)},{((147)-12),((87)-40),((299)-60),((274)-78),((131)-29),((253)-16),((173)-72),((142)-36),((90)-57),((282)-75),((274)-25),((125)-78),((100)-48),((218)-79),((161)-93),((182)-15),((21)-17),((309)-56),((218)-44),((154)-65),((99)-59),((222)-44),((206)-77),((69)-49),((279)-36),((210)-80),((27)-12),((250)-55),((179)-30),((72)-29),((250)-74),((106)-12),((69)-54),((58)-35),((257)-63),((106)-70),((166)-37),((237)-61),((96)-20),((309)-86),((187)-34),((164)-87),((222)-94),((244)-51),((136)-85),((223)-88),((80)-66),((87)-26),((316)-87),((234)-72),((172)-53),((114)-89),((197)-37)},{((54)-30),((80)-42),((189)-25),((169)-69),((80)-32),((292)-55),((181)-80),((332)-90),((290)-91),((270)-32),((126)-61),((211)-38),((109)-69),((128)-64),((144)-75),((185)-29),((47)-25),((305)-94),((182)-11),((100)-56),((20)-18),((159)-29),((34)-19),((259)-64),((198)-49),((86)-28),((230)-39),((127)-18),((81)-51),((67)-29),((251)-42),((133)-52),((71)-69),((245)-87),((167)-58),((262)-45),((206)-38),((198)-94),((293)-60),((297)-76),((166)-79),((40)-35),((177)-31),((143)-73),((81)-54),((310)-96),((230)-11),((122)-72),((264)-44),((185)-71),((92)-48),((258)-46),((171)-83)},{((96)-54),((252)-26),((257)-77),((93)-62),((232)-15),((179)-25),((128)-84),((271)-86),((139)-33),((85)-25),((289)-64),((113)-11),((62)-54),((32)-13),((222)-45),((61)-26),((317)-90),((272)-75),((172)-70),((265)-49),((87)-31),((136)-84),((62)-47),((194)-62),((79)-20),((335)-90),((211)-39),((128)-86),((95)-72),((263)-68),((132)-41),((31)-19),((218)-50),((163)-47),((306)-67),((256)-66),((198)-69),((56)-54),((238)-16),((203)-91),((303)-50),((232)-58),((153)-40),((39)-17),((178)-20),((120)-44),((105)-39),((55)-23),((226)-11),((164)-92),((206)-11),((182)-54),((205)-71)},{((221)-22),((246)-17),((214)-73),((330)-91),((228)-83),((110)-74),((297)-45),((170)-24),((63)-17),((84)-75),((350)-97),((150)-67),((41)-25),((217)-27),((122)-77),((303)-51),((85)-77),((235)-50),((157)-87),((184)-52),((270)-90),((187)-89),((102)-92),((139)-76),((296)-50),((250)-86),((286)-92),((119)-13),((56)-26),((262)-67),((343)-92),((122)-79),((251)-37),((127)-19),((233)-60),((226)-26),((149)-25),((78)-48),((162)-73),((140)-21),((67)-33),((158)-50),((221)-74),((154)-92),((250)-26),((193)-36),((93)-18),((259)-16),((188)-66),((97)-97),((173)-65),((126)-49),((66)-16)},{((147)-26),((90)-33),((289)-49),((215)-87),((173)-70),((87)-81),((281)-40),((130)-53),((106)-90),((224)-97),((163)-12),((69)-61),((254)-72),((110)-55),((158)-82),((212)-53),((177)-79),((284)-45),((241)-87),((147)-12),((76)-44),((208)-11),((223)-38),((84)-81),((264)-45),((164)-69),((113)-88),((270)-62),((133)-16),((107)-33),((295)-62),((170)-19),((57)-21),((296)-83),((267)-60),((137)-12),((103)-27),((187)-22),((126)-52),((324)-79),((253)-90),((107)-65),((52)-46),((236)-62),((193)-14),((46)-36),((132)-72),((321)-69),((216)-37),((203)-79),((42)-33),((249)-78),((123)-55)},{((95)-82),((179)-52),((131)-38),((174)-60),((76)-75),((234)-92),((159)-93),((45)-25),((223)-38),((151)-86),((74)-19),((261)-45),((174)-18),((190)-47),((204)-26),((125)-29),((132)-76),((200)-15),((175)-14),((102)-48),((282)-32),((315)-78),((96)-17),((211)-18),((225)-96),((264)-93),((268)-47),((157)-42),((53)-14),((268)-49),((134)-27),((190)-65),((287)-88),((195)-60),((118)-56),((269)-63),((238)-57),((98)-17),((118)-58),((217)-65),((105)-14),((311)-91),((316)-72),((182)-81),((71)-52),((161)-31),((170)-19),((264)-30),((227)-54),((118)-57),((273)-41),((239)-26),((143)-33)},{((64)-48),((46)-42),((194)-47),((21)-16),((284)-87),((186)-68),((105)-45),((267)-75),((204)-18),((187)-86),((90)-38),((162)-21),((123)-73),((317)-81),((173)-19),((71)-35),((75)-75),((183)-18),((263)-93),((59)-58),((111)-69),((271)-49),((190)-95),((135)-32),((88)-85),((135)-21),((84)-34),((95)-67),((198)-56),((78)-42),((252)-36),((163)-20),((115)-69),((199)-87),((64)-62),((218)-75),((64)-12),((23)-17),((230)-59),((80)-29),((249)-24),((277)-44),((169)-39),((277)-28),((258)-97),((146)-49),((101)-47),((284)-68),((169)-74),((243)-31),((300)-74),((159)-78),((46)-29)},{((270)-46),((183)-26),((69)-33),((219)-42),((169)-35),((259)-89),((288)-35),((184)-79),((266)-35),((25)-20),((292)-95),((125)-83),((277)-67),((224)-96),((115)-30),((327)-80),((186)-60),((274)-28),((24)-17),((175)-39),((233)-13),((121)-25),((161)-18),((178)-93),((286)-63),((191)-32),((203)-83),((213)-88),((269)-72),((89)-26),((309)-78),((187)-20),((153)-29),((75)-45),((184)-19),((60)-31),((98)-55),((239)-73),((193)-91),((109)-56),((306)-64),((206)-85),((259)-12),((265)-61),((338)-95),((108)-41),((196)-21),((83)-38),((81)-12),((236)-21),((146)-46),((73)-49),((270)-36)},{((205)-62),((41)-21),((89)-58),((252)-68),((45)-13),((213)-13),((189)-53),((151)-58),((280)-25),((199)-68),((324)-73),((91)-91),((247)-61),((143)-39),((218)-72),((275)-69),((209)-67),((281)-41),((222)-70),((157)-84),((124)-94),((289)-97),((139)-68),((211)-20),((289)-81),((107)-29),((209)-47),((80)-39),((106)-18),((63)-33),((253)-85),((193)-89),((82)-17),((118)-51),((216)-77),((61)-53),((245)-69),((176)-64),((129)-60),((278)-47),((144)-34),((268)-41),((247)-15),((195)-33),((115)-35),((144)-22),((187)-11),((114)-48),((214)-22),((163)-47),((164)-97),((304)-72),((197)-85)},{((67)-37),((104)-67),((215)-93),((230)-88),((100)-70),((201)-28),((35)-16),((63)-21),((261)-72),((61)-26),((149)-12),((241)-84),((288)-68),((346)-97),((311)-59),((121)-39),((59)-59),((65)-62),((151)-68),((66)-23),((270)-62),((161)-74),((103)-50),((262)-65),((152)-52),((121)-21),((99)-81),((292)-67),((75)-17),((316)-96),((174)-24),((136)-68),((263)-57),((192)-22),((166)-84),((98)-11),((265)-91),((81)-44),((286)-33),((254)-92),((113)-84),((341)-90),((206)-67),((66)-24),((293)-94),((181)-64),((196)-78),((57)-38),((71)-47),((197)-86),((211)-29),((162)-86),((19)-16)},{((241)-79),((154)-83),((191)-78),((24)-21),((159)-15),((148)-80),((113)-91),((214)-27),((125)-58),((284)-46),((296)-47),((145)-57),((133)-97),((222)-39),((195)-45),((159)-64),((220)-30),((187)-46),((222)-45),((237)-52),((212)-67),((142)-91),((305)-89),((147)-40),((183)-79),((276)-47),((269)-95),((99)-73),((333)-88),((211)-39),((160)-21),((275)-50),((251)-84),((80)-52),((72)-69),((210)-29),((150)-24),((107)-66),((227)-58),((165)-75),((337)-91),((263)-69),((89)-28),((71)-59),((282)-75),((170)-90),((65)-12),((254)-55),((141)-75),((328)-82),((215)-27),((117)-11),((99)-72)},{((127)-58),((234)-18),((96)-71),((269)-94),((140)-29),((54)-19),((98)-12),((253)-62),((50)-14),((299)-86),((159)-13),((94)-30),((266)-25),((75)-72),((77)-51),((270)-28),((249)-83),((162)-96),((181)-43),((252)-33),((167)-94),((18)-12),((87)-72),((125)-63),((331)-80),((183)-41),((106)-55),((284)-35),((205)-35),((65)-16),((273)-61),((271)-48),((110)-12),((116)-85),((219)-29),((171)-66),((262)-76),((169)-20),((151)-87),((301)-48),((246)-78),((169)-19),((85)-45),((208)-45),((111)-24),((67)-35),((280)-77),((210)-86),((189)-23),((124)-67),((136)-14),((96)-80),((228)-35)},{((163)-43),((242)-74),((123)-91),((165)-32),((101)-47),((337)-94),((198)-37),((132)-50),((190)-87),((139)-16),((136)-53),((74)-67),((223)-60),((272)-37),((74)-29),((190)-35),((159)-68),((160)-48),((222)-66),((146)-93),((288)-67),((229)-57),((113)-62),((282)-51),((162)-24),((230)-84),((69)-48),((298)-88),((125)-27),((39)-26),((149)-55),((222)-93),((88)-65),((212)-39),((164)-40),((145)-72),((273)-54),((108)-22),((62)-52),((234)-23),((209)-80),((123)-73),((138)-49),((287)-66),((49)-19),((260)-80),((172)-56),((90)-47),((142)-48),((289)-75),((111)-55),((303)-70),((247)-81)},{((177)-93),((41)-36),((66)-40),((141)-92),((103)-94),((195)-24),((145)-74),((219)-76),((244)-20),((140)-62),((100)-86),((113)-75),((121)-60),((50)-32),((272)-92),((105)-16),((288)-52),((171)-28),((106)-45),((294)-45),((250)-68),((167)-97),((285)-58),((258)-20),((224)-71),((82)-24),((277)-75),((181)-52),((134)-81),((299)-78),((130)-33),((227)-55),((146)-86),((227)-75),((70)-30),((264)-50),((185)-44),((31)-31),((217)-43),((229)-44),((153)-17),((71)-35),((303)-87),((156)-46),((32)-32),((189)-48),((59)-27),((60)-44),((324)-97),((125)-68),((320)-65),((177)-58),((152)-58)},{((294)-91),((212)-91),((122)-83),((134)-84),((258)-38),((226)-60),((129)-96),((68)-30),((209)-84),((85)-34),((217)-58),((191)-96),((314)-72),((235)-36),((161)-95),((56)-27),((251)-39),((207)-95),((269)-22),((303)-87),((113)-69),((72)-59),((245)-52),((164)-71),((142)-95),((180)-70),((207)-44),((109)-45),((61)-43),((246)-27),((223)-92),((80)-46),((244)-30),((144)-63),((76)-41),((244)-66),((133)-61),((254)-41),((167)-45),((103)-42),((340)-87),((237)-35),((99)-28),((306)-88),((210)-74),((177)-69),((93)-76),((206)-80),((63)-16),((114)-56),((307)-82),((240)-69),((58)-20)},{((132)-89),((194)-64),((93)-49),((202)-50),((187)-84),((320)-73),((217)-13),((124)-53),((82)-48),((271)-54),((141)-21),((324)-69),((238)-14),((64)-15),((163)-79),((302)-61),((214)-19),((159)-34),((83)-46),((281)-85),((161)-41),((340)-97),((245)-48),((94)-64),((277)-55),((169)-17),((105)-26),((50)-47),((167)-89),((119)-33),((263)-42),((168)-32),((176)-95),((281)-35),((194)-69),((215)-90),((267)-14),((222)-78),((148)-89),((50)-19),((279)-83),((118)-69),((312)-86),((258)-21),((197)-46),((156)-59),((261)-59),((294)-87),((79)-41),((312)-89),((114)-39),((54)-28),((187)-14)},{((215)-85),((301)-51),((252)-39),((218)-78),((80)-37),((220)-42),((187)-40),((283)-52),((223)-38),((153)-47),((89)-83),((284)-68),((119)-93),((134)-40),((288)-37),((252)-47),((197)-47),((139)-80),((276)-58),((153)-11),((68)-56),((292)-70),((112)-27),((295)-75),((236)-74),((268)-40),((273)-22),((267)-89),((121)-19),((25)-23),((229)-68),((179)-39),((49)-37),((189)-30),((155)-81),((143)-97),((237)-26),((106)-42),((246)-20),((306)-69),((181)-30),((124)-27),((265)-48),((298)-76),((145)-92),((273)-35),((166)-76),((78)-37),((215)-27),((157)-12),((81)-72),((325)-97),((176)-21)},{((63)-20),((258)-80),((184)-37),((269)-38),((277)-44),((188)-25),((85)-22),((262)-16),((66)-31),((128)-19),((104)-94),((288)-68),((177)-12),((119)-45),((313)-95),((237)-95),((30)-18),((304)-82),((163)-75),((83)-62),((188)-11),((179)-78),((165)-19),((272)-79),((184)-82),((314)-74),((209)-45),((132)-53),((105)-32),((202)-16),((165)-91),((309)-61),((278)-58),((145)-16),((308)-70),((212)-53),((264)-94),((165)-81),((112)-85),((236)-86),((205)-50),((276)-34),((214)-43),((85)-62),((251)-36),((190)-84),((100)-40),((210)-27),((176)-30),((130)-57),((277)-45),((122)-11),((149)-69)},{((185)-21),((152)-25),((110)-35),((58)-44),((229)-59),((137)-40),((260)-37),((199)-46),((98)-51),((270)-58),((124)-87),((168)-42),((60)-33),((297)-60),((269)-87),((188)-94),((345)-92),((243)-69),((137)-93),((342)-88),((153)-39),((309)-75),((238)-23),((144)-35),((262)-18),((231)-63),((232)-70),((102)-68),((207)-26),((112)-13),((157)-86),((266)-30),((166)-77),((30)-20),((246)-65),((225)-48),((233)-90),((104)-76),((303)-95),((137)-35),((277)-29),((230)-97),((62)-38),((44)-36),((249)-30),((117)-53),((98)-92),((182)-56),((173)-72),((295)-85),((200)-87),((100)-69),((129)-87)},{((202)-17),((168)-62),((235)-69),((205)-28),((272)-32),((171)-97),((260)-76),((141)-36),((89)-84),((296)-84),((93)-14),((18)-15),((231)-30),((131)-42),((179)-27),((242)-67),((196)-82),((92)-75),((292)-71),((96)-11),((252)-77),((62)-41),((179)-51),((94)-24),((282)-59),((56)-38),((121)-55),((83)-63),((197)-43),((97)-43),((264)-54),((198)-34),((301)-71),((136)-93),((217)-91),((100)-35),((41)-19),((256)-75),((331)-78),((290)-59),((262)-92),((139)-81),((67)-61),((175)-49),((294)-78),((149)-84),((238)-69),((143)-32),((102)-94),((83)-24),((203)-81),((165)-89),((268)-31)},{((196)-37),((191)-33),((165)-26),((344)-97),((278)-83),((208)-59),((90)-71),((267)-65),((194)-68),((49)-26),((237)-55),((276)-43),((210)-23),((148)-31),((270)-27),((279)-82),((205)-15),((194)-26),((56)-36),((250)-26),((204)-26),((89)-41),((287)-56),((182)-27),((88)-33),((237)-23),((88)-82),((251)-35),((231)-85),((109)-69),((217)-22),((113)-54),((299)-54),((276)-49),((212)-58),((274)-25),((185)-30),((315)-97),((228)-41),((275)-73),((298)-91),((114)-76),((172)-12),((214)-73),((55)-47),((141)-25),((170)-16),((68)-28),((315)-65),((292)-97),((133)-14),((59)-52),((213)-26)},{((83)-26),((86)-75),((191)-64),((63)-33),((268)-88),((184)-53),((145)-47),((246)-20),((184)-67),((83)-63),((261)-13),((225)-68),((93)-83),((244)-60),((241)-46),((143)-34),((86)-19),((291)-50),((224)-86),((148)-86),((213)-25),((239)-46),((88)-67),((299)-93),((83)-40),((343)-93),((160)-19),((190)-92),((236)-15),((262)-78),((172)-64),((75)-64),((166)-20),((159)-44),((230)-31),((256)-22),((149)-14),((161)-72),((56)-22),((219)-50),((106)-13),((304)-85),((193)-20),((68)-62),((232)-34),((215)-87),((114)-62),((257)-25),((125)-74),((91)-29),((271)-74),((141)-29),((137)-65)},{((260)-38),((134)-36),((124)-26),((295)-69),((141)-24),((73)-38),((91)-84),((241)-69),((110)-85),((285)-86),((169)-52),((212)-84),((145)-63),((275)-22),((197)-44),((130)-68),((258)-46),((172)-70),((321)-81),((186)-52),((210)-92),((160)-87),((209)-35),((211)-95),((269)-33),((294)-83),((108)-47),((277)-39),((224)-68),((223)-56),((144)-78),((99)-90),((220)-85),((204)-64),((242)-18),((211)-58),((19)-14),((282)-70),((173)-70),((113)-53),((255)-72),((178)-32),((147)-77),((271)-42),((141)-33),((129)-67),((235)-89),((197)-85),((126)-66),((346)-91),((172)-20),((140)-61),((306)-86)},{((182)-32),((124)-80),((231)-19),((75)-38),((153)-27),((93)-69),((267)-48),((182)-21),((144)-83),((290)-49),((128)-17),((104)-39),((257)-61),((141)-81),((127)-89),((280)-92),((100)-33),((278)-31),((335)-91),((135)-19),((64)-57),((204)-38),((187)-52),((92)-48),((165)-12),((104)-30),((164)-79),((246)-66),((104)-15),((130)-63),((179)-49),((222)-23),((97)-71),((243)-22),((263)-85),((167)-86),((157)-16),((206)-87),((125)-70),((249)-35),((229)-67),((114)-88),((190)-74),((241)-20),((165)-93),((41)-27),((231)-67),((248)-33),((88)-66),((277)-45),((163)-26),((100)-35),((213)-22)},{((237)-41),((69)-45),((252)-43),((109)-48),((108)-96),((208)-49),((131)-15),((293)-54),((234)-32),((162)-36),((104)-75),((238)-74),((188)-70),((284)-82),((182)-11),((190)-95),((262)-11),((249)-44),((42)-30),((177)-97),((297)-60),((228)-37),((180)-47),((77)-44),((236)-23),((137)-54),((125)-91),((181)-43),((104)-72),((284)-54),((80)-37),((121)-55),((314)-65),((204)-31),((161)-91),((315)-86),((273)-65),((115)-35),((248)-21),((194)-49),((183)-66),((73)-47),((142)-25),((68)-30),((111)-62),((26)-14),((264)-87),((91)-59),((326)-84),((202)-30),((88)-49),((331)-82),((283)-92)},{((148)-33),((282)-59),((223)-46),((123)-16),((276)-34),((189)-51),((67)-65),((231)-28),((277)-92),((156)-41),((239)-29),((189)-73),((253)-74),((188)-40),((247)-87),((247)-82),((274)-22),((211)-90),((142)-55),((284)-74),((121)-59),((209)-84),((303)-68),((226)-97),((158)-87),((212)-72),((194)-31),((170)-80),((105)-91),((209)-39),((154)-84),((238)-26),((175)-42),((190)-37),((88)-68),((49)-24),((138)-26),((112)-71),((160)-14),((190)-93),((293)-49),((214)-13),((126)-58),((94)-63),((242)-28),((141)-24),((284)-35),((300)-82),((98)-67),((77)-77),((205)-25),((175)-95),((124)-90)},{((189)-89),((246)-56),((137)-90),((242)-45),((203)-64),((223)-15),((326)-95),((171)-13),((140)-58),((277)-39),((213)-90),((61)-52),((254)-68),((213)-16),((172)-36),((63)-57),((268)-52),((211)-50),((147)-92),((257)-22),((156)-51),((130)-71),((278)-33),((132)-17),((135)-66),((313)-58),((160)-11),((145)-72),((309)-86),((154)-32),((267)-25),((244)-57),((224)-55),((196)-97),((271)-80),((120)-23),((256)-96),((170)-41),((174)-30),((164)-30),((313)-92),((169)-52),((127)-92),((244)-53),((178)-36),((79)-52),((304)-73),((230)-93),((257)-39),((61)-27),((185)-41),((131)-93),((263)-27)},{((146)-97),((98)-41),((264)-24),((223)-59),((95)-31),((245)-22),((127)-21),((84)-57),((214)-13),((155)-19),((131)-35),((338)-89),((189)-55),((115)-48),((85)-57),((118)-85),((126)-21),((287)-57),((216)-47),((81)-24),((272)-20),((228)-28),((170)-85),((227)-25),((75)-75),((220)-92),((108)-80),((212)-37),((206)-68),((125)-87),((225)-13),((128)-49),((315)-76),((172)-12),((177)-82),((72)-17),((298)-90),((144)-51),((90)-67),((277)-34),((305)-57),((155)-76),((300)-96),((214)-71),((100)-69),((277)-66),((241)-85),((74)-30),((219)-58),((239)-24),((118)-43),((84)-76),((248)-81)},{((144)-62),((63)-60),((217)-96),((57)-15),((124)-71),((66)-59),((209)-37),((123)-60),((317)-74),((151)-14),((51)-27),((187)-22),((96)-37),((91)-48),((284)-30),((127)-28),((105)-64),((215)-54),((191)-58),((255)-13),((192)-29),((101)-20),((173)-96),((111)-80),((257)-61),((157)-55),((119)-96),((182)-33),((120)-17),((70)-37),((221)-62),((178)-65),((279)-35),((179)-35),((57)-22),((283)-29),((118)-75),((94)-19),((301)-70),((206)-84),((130)-45),((307)-66),((171)-12),((104)-63),((63)-25),((171)-32),((138)-84),((280)-61),((172)-20),((114)-67),((261)-40),((231)-14),((200)-29)},{((96)-19),((279)-37),((255)-89),((65)-29),((330)-84),((267)-91),((64)-21),((292)-39),((151)-23),((53)-25),((195)-17),((222)-81),((251)-65),((303)-97),((217)-81),((115)-76),((245)-35),((149)-18),((173)-84),((269)-79),((138)-33),((70)-56),((216)-16),((146)-51),((36)-20),((267)-77),((249)-48),((149)-34),((115)-69),((231)-62),((189)-18),((78)-76),((241)-54),((88)-49),((307)-61),((184)-47),((123)-29),((277)-60),((234)-57),((172)-68),((63)-56),((237)-95),((158)-47),((230)-50),((176)-30),((125)-31),((121)-91),((234)-48),((166)-53),((327)-73),((252)-68),((158)-80),((269)-23)},{((111)-40),((226)-66),((73)-15),((98)-86),((274)-76),((126)-22),((110)-97),((265)-72),((103)-40),((70)-53),((176)-46),((85)-19),((114)-24),((184)-71),((123)-50),((270)-35),((210)-66),((122)-87),((57)-28),((231)-89),((99)-66),((230)-23),((247)-68),((170)-82),((250)-53),((158)-40),((196)-70),((111)-71),((183)-44),((86)-26),((117)-94),((241)-41),((138)-44),((170)-91),((67)-25),((166)-55),((137)-21),((243)-40),((203)-25),((47)-18),((253)-59),((174)-71),((80)-53),((123)-54),((156)-67),((85)-72),((221)-52),((207)-84),((283)-94),((335)-93),((194)-51),((191)-97),((131)-92)},{((262)-61),((171)-61),((89)-55),((176)-16),((167)-53),((263)-33),((243)-95),((103)-73),((141)-15),((147)-19),((171)-83),((277)-42),((157)-13),((127)-92),((122)-93),((190)-33),((110)-62),((260)-38),((287)-93),((143)-40),((248)-36),((156)-23),((98)-50),((269)-33),((230)-46),((76)-16),((104)-77),((317)-89),((201)-58),((76)-46),((220)-19),((101)-12),((102)-83),((289)-78),((124)-25),((52)-50),((102)-88),((154)-81),((43)-19),((230)-74),((175)-44),((33)-23),((217)-24),((205)-61),((111)-64),((191)-69),((172)-63),((145)-70),((245)-35),((224)-63),((98)-70),((275)-79),((230)-55)},{((167)-93),((229)-14),((264)-97),((212)-76),((66)-24),((274)-97),((172)-41),((76)-12),((234)-47),((179)-38),((103)-90),((230)-82),((129)-54),((84)-58),((247)-62),((50)-46),((337)-90),((254)-53),((121)-44),((107)-79),((235)-84),((104)-41),((78)-27),((285)-69),((302)-81),((77)-25),((233)-47),((202)-61),((134)-85),((226)-12),((142)-37),((266)-25),((240)-78),((127)-47),((36)-24),((276)-48),((154)-29),((24)-14),((219)-20),((191)-28),((239)-71),((349)-94),((231)-80),((55)-16),((283)-37),((97)-32),((164)-97),((65)-65),((190)-31),((163)-89),((272)-21),((162)-49),((107)-73)},{((285)-60),((234)-49),((168)-86),((236)-13),((241)-85),((198)-78),((142)-20),((251)-42),((191)-68),((327)-93),((194)-51),((105)-32),((84)-54),((222)-77),((104)-41),((347)-93),((310)-90),((208)-79),((126)-73),((259)-28),((296)-60),((133)-66),((249)-54),((195)-76),((96)-74),((278)-52),((148)-16),((117)-76),((233)-45),((183)-91),((56)-46),((247)-49),((190)-44),((64)-27),((85)-81),((171)-15),((146)-60),((336)-82),((192)-26),((68)-29),((313)-61),((261)-81),((147)-71),((258)-35),((241)-91),((144)-40),((102)-76),((217)-63),((158)-65),((349)-97),((213)-13),((120)-14),((57)-57)},{((187)-40),((175)-55),((300)-55),((186)-14),((138)-80),((300)-65),((334)-88),((183)-22),((105)-87),((246)-18),((36)-31),((84)-71),((322)-93),((179)-44),((62)-33),((260)-84),((207)-58),((61)-16),((265)-46),((139)-20),((142)-72),((248)-55),((236)-92),((137)-54),((295)-83),((265)-89),((111)-48),((234)-30),((214)-86),((131)-64),((278)-46),((203)-91),((311)-96),((261)-38),((271)-19),((93)-30),((317)-95),((216)-21),((129)-38),((246)-20),((226)-58),((121)-41),((110)-69),((239)-79),((268)-34),((316)-74),((80)-62),((108)-23),((124)-85),((294)-77),((194)-24),((42)-39),((88)-53)},{((191)-47),((149)-89),((169)-54),((119)-17),((155)-18),((312)-93),((170)-30),((111)-49),((49)-33),((44)-21),((102)-77),((147)-90),((175)-36),((96)-14),((285)-87),((163)-42),((140)-74),((288)-53),((217)-36),((89)-27),((155)-22),((216)-90),((218)-60),((270)-33),((221)-38),((92)-46),((192)-36),((215)-69),((255)-77),((241)-36),((210)-24),((147)-72),((84)-70),((275)-65),((109)-24),((65)-56),((166)-62),((102)-26),((187)-79),((238)-26),((178)-49),((142)-41),((259)-84),((298)-91),((105)-84),((223)-31),((211)-61),((104)-76),((142)-46),((125)-15),((152)-25),((276)-40),((239)-87)},{((218)-25),((203)-56),((210)-51),((79)-45),((291)-62),((163)-65),((138)-74),((113)-28),((225)-66),((168)-71),((111)-60),((248)-38),((116)-93),((266)-69),((214)-85),((101)-24),((314)-90),((221)-96),((176)-43),((281)-53),((245)-69),((104)-37),((293)-72),((198)-56),((128)-54),((63)-41),((245)-94),((211)-93),((338)-95),((255)-52),((171)-71),((335)-94),((234)-60),((199)-61),((163)-20),((244)-17),((108)-12),((101)-66),((263)-84),((193)-75),((153)-87),((251)-56),((108)-52),((143)-36),((313)-90),((215)-59),((121)-62),((312)-82),((202)-51),((121)-36),((269)-32),((167)-42),((110)-58)},{((93)-87),((243)-59),((95)-15),((296)-84),((223)-60),((319)-81),((344)-92),((229)-44),((138)-50),((51)-48),((210)-30),((157)-43),((101)-73),((243)-56),((178)-79),((64)-25),((203)-36),((93)-14),((294)-73),((160)-21),((108)-48),((157)-86),((317)-78),((181)-70),((123)-91),((245)-57),((190)-51),((40)-34),((309)-96),((177)-25),((68)-43),((283)-41),((278)-97),((185)-68),((109)-86),((255)-52),((156)-59),((61)-59),((128)-24),((148)-96),((254)-49),((175)-55),((211)-79),((263)-30),((197)-22),((132)-93),((82)-68),((195)-90),((49)-23),((108)-71),((71)-71),((250)-97),((144)-82)},{((262)-20),((124)-12),((110)-47),((293)-44),((146)-27),((95)-22),((241)-37),((145)-41),((267)-13),((222)-20),((274)-30),((84)-61),((307)-95),((171)-56),((52)-22),((222)-15),((183)-18),((63)-53),((195)-17),((113)-26),((47)-27),((191)-20),((130)-38),((55)-43),((306)-78),((195)-70),((96)-89),((280)-84),((257)-97),((254)-89),((273)-21),((221)-73),((131)-92),((304)-58),((114)-49),((134)-55),((99)-87),((239)-68),((121)-50),((339)-91),((193)-80),((53)-19),((263)-41),((243)-76),((130)-72),((71)-46),((202)-25),((156)-49),((76)-42),((239)-34),((120)-42),((117)-85),((308)-92)},{((141)-44),((336)-92),((189)-18),((149)-24),((58)-11),((234)-56),((141)-27),((98)-81),((311)-90),((181)-54),((53)-17),((237)-54),((227)-71),((129)-65),((252)-26),((167)-19),((59)-15),((242)-51),((160)-18),((280)-63),((284)-50),((215)-48),((98)-31),((251)-13),((202)-43),((110)-17),((44)-37),((211)-45),((165)-84),((32)-26),((214)-80),((103)-45),((261)-61),((176)-55),((152)-20),((129)-82),((269)-88),((209)-95),((48)-31),((212)-27),((62)-52),((285)-38),((232)-70),((136)-41),((276)-25),((257)-48),((201)-96),((72)-49),((202)-23),((204)-74),((281)-28),((244)-40),((240)-97)},{((112)-96),((300)-64),((142)-19),((38)-30),((253)-65),((196)-54),((94)-58),((236)-64),((118)-28),((64)-42),((234)-11),((165)-51),((83)-68),((67)-41),((194)-25),((144)-75),((245)-17),((273)-91),((263)-18),((142)-84),((204)-63),((129)-64),((52)-30),((238)-57),((16)-16),((293)-59),((225)-52),((152)-79),((46)-25),((229)-88),((310)-79),((107)-27),((283)-96),((220)-91),((75)-49),((140)-66),((182)-60),((115)-39),((271)-34),((181)-22),((116)-18),((286)-62),((227)-49),((201)-81),((46)-29),((223)-26),((88)-21),((62)-41),((253)-46),((144)-67),((39)-23),((235)-21),((204)-93)},{((70)-35),((252)-67),((135)-51),((221)-17),((227)-78),((206)-75),((103)-45),((171)-18),((122)-63),((176)-54),((159)-68),((190)-84),((145)-49),((203)-20),((168)-92),((336)-83),((229)-76),((132)-28),((337)-92),((240)-47),((175)-76),((234)-54),((242)-15),((220)-95),((173)-94),((107)-83),((210)-18),((155)-75),((52)-48),((147)-17),((128)-44),((258)-91),((142)-15),((302)-52),((98)-20),((217)-86),((155)-91),((260)-37),((149)-11),((125)-69),((49)-35),((177)-35),((99)-81),((206)-14),((254)-90),((91)-18),((260)-78),((158)-58),((147)-36),((77)-21),((293)-63),((208)-72),((132)-72)},{((272)-86),((201)-61),((94)-24),((254)-76),((211)-79),((102)-95),((218)-55),((97)-40),((115)-95),((88)-23),((155)-58),((90)-60),((212)-23),((149)-45),((94)-69),((278)-39),((106)-22),((291)-36),((203)-54),((125)-46),((313)-83),((247)-96),((224)-62),((114)-38),((104)-82),((212)-67),((222)-72),((270)-36),((193)-30),((65)-50),((296)-74),((200)-87),((131)-61),((221)-43),((221)-80),((104)-39),((319)-95),((142)-39),((122)-50),((249)-93),((204)-82),((166)-96),((95)-86),((243)-81),((110)-21),((300)-70),((239)-79),((143)-89),((302)-95),((64)-32),((147)-26),((75)-56),((301)-72)},{((200)-26),((124)-44),((282)-37),((183)-14),((90)-51),((341)-92),((186)-80),((57)-15),((108)-42),((157)-83),((83)-49),((274)-78),((175)-70),((314)-62),((339)-93),((168)-50),((52)-43),((255)-72),((201)-46),((124)-60),((214)-41),((122)-28),((165)-60),((49)-33),((127)-27),((57)-36),((333)-93),((245)-84),((98)-43),((96)-56),((33)-12),((159)-72),((170)-78),((224)-45),((206)-52),((23)-18),((236)-66),((108)-29),((71)-65),((103)-73),((144)-94),((314)-84),((175)-45),((159)-75),((161)-11),((298)-80),((144)-25),((157)-87),((60)-45),((255)-78),((116)-30),((38)-28),((165)-29)},{((118)-28),((216)-25),((125)-16),((261)-14),((178)-91),((157)-68),((100)-51),((265)-54),((210)-90),((88)-77),((53)-48),((184)-51),((100)-76),((275)-77),((196)-26),((139)-75),((209)-36),((130)-36),((132)-27),((106)-41),((248)-81),((194)-73),((157)-91),((240)-21),((183)-40),((32)-19),((282)-59),((235)-85),((63)-43),((254)-24),((214)-54),((113)-56),((281)-44),((187)-56),((102)-72),((178)-31),((176)-84),((132)-58),((64)-60),((123)-24),((60)-55),((80)-12),((134)-97),((106)-57),((84)-30),((189)-63),((39)-17),((271)-72),((174)-75),((95)-45),((210)-19),((158)-22),((126)-84)},{((182)-59),((228)-33),((67)-48),((303)-68),((122)-20),((259)-73),((332)-96),((201)-47),((145)-88),((277)-49),((172)-23),((109)-95),((265)-74),((146)-20),((181)-89),((275)-21),((189)-11),((117)-17),((153)-48),((220)-28),((134)-73),((43)-43),((144)-15),((94)-29),((82)-69),((209)-52),((53)-35),((101)-29),((210)-22),((157)-36),((36)-12),((236)-44),((175)-62),((303)-69),((215)-60),((155)-65),((120)-79),((254)-48),((171)-41),((88)-39),((133)-79),((158)-17),((104)-67),((221)-37),((230)-95),((277)-67),((268)-41),((209)-52),((121)-61),((247)-16),((247)-95),((81)-79),((272)-93)},{((172)-61),((92)-33),((214)-11),((257)-87),((124)-58),((330)-78),((271)-92),((150)-56),((302)-79),((219)-39),((131)-23),((39)-38),((196)-48),((116)-56),((95)-81),((278)-86),((120)-53),((99)-93),((226)-61),((131)-21),((98)-82),((240)-59),((131)-59),((82)-37),((251)-42),((203)-85),((124)-69),((235)-31),((171)-91),((99)-68),((148)-42),((140)-17),((145)-89),((256)-41),((208)-78),((139)-91),((323)-85),((229)-83),((142)-87),((307)-59),((220)-43),((64)-32),((222)-40),((155)-46),((94)-28),((299)-49),((247)-83),((145)-78),((271)-33),((273)-95),((113)-63),((295)-65),((146)-30)},{((108)-71),((107)-59),((308)-89),((141)-44),((46)-31),((215)-41),((174)-85),((215)-48),((263)-61),((156)-60),((264)-15),((261)-61),((191)-66),((115)-94),((275)-77),((184)-89),((68)-22),((226)-57),((191)-71),((61)-17),((192)-19),((151)-14),((92)-65),((261)-96),((115)-26),((65)-22),((282)-74),((143)-55),((83)-77),((80)-63),((162)-50),((128)-71),((281)-77),((200)-95),((119)-18),((86)-71),((309)-92),((164)-80),((154)-65),((216)-43),((118)-16),((231)-21),((252)-91),((144)-92),((60)-51),((175)-43),((166)-71),((31)-12),((210)-47),((118)-76),((34)-23),((132)-37),((74)-13)},{((40)-31),((283)-79),((192)-91),((95)-67),((242)-73),((167)-68),((283)-34),((195)-34),((289)-47),((93)-18),((229)-12),((236)-68),((125)-12),((109)-90),((254)-70),((203)-95),((296)-62),((238)-50),((99)-51),((270)-33),((24)-19),((41)-13),((281)-37),((200)-50),((132)-73),((259)-68),((236)-48),((144)-87),((248)-44),((160)-38),((119)-25),((40)-37),((205)-93),((125)-92),((112)-68),((252)-41),((129)-75),((273)-42),((209)-15),((205)-90),((336)-86),((305)-70),((261)-45),((104)-78),((60)-29),((209)-91),((174)-81),((270)-70),((171)-62),((86)-68),((261)-60),((286)-46),((29)-25)},{((218)-34),((94)-25),((57)-34),((147)-58),((183)-26),((136)-78),((101)-89),((301)-91),((143)-27),((59)-34),((236)-31),((120)-45),((48)-19),((234)-89),((84)-18),((225)-24),((57)-31),((81)-53),((278)-34),((201)-51),((79)-20),((281)-75),((221)-18),((123)-51),((260)-41),((188)-51),((130)-21),((105)-87),((181)-54),((65)-17),((262)-26),((178)-12),((97)-40),((62)-38),((269)-93),((144)-38),((91)-58),((248)-44),((162)-85),((102)-71),((277)-62),((183)-72),((58)-56),((236)-51),((150)-11),((132)-71),((274)-43),((127)-44),((276)-28),((211)-33),((171)-36),((84)-21),((268)-35)},{((195)-59),((98)-47),((260)-13),((245)-93),((150)-89),((320)-66),((242)-92),((55)-14),((245)-12),((147)-95),((114)-45),((321)-66),((254)-96),((91)-18),((346)-96),((266)-82),((104)-12),((49)-48),((276)-82),((97)-31),((80)-75),((204)-40),((134)-37),((72)-69),((235)-67),((118)-59),((104)-72),((221)-64),((102)-18),((251)-25),((217)-70),((178)-20),((106)-33),((269)-68),((190)-68),((61)-42),((242)-16),((126)-48),((112)-83),((254)-30),((177)-80),((107)-22),((286)-55),((166)-71),((111)-92),((235)-15),((233)-95),((114)-55),((135)-34),((307)-59),((62)-23),((95)-87),((118)-17)},{((50)-19),((160)-30),((144)-21),((117)-34),((51)-44),((218)-55),((309)-74),((148)-91),((191)-24),((200)-97),((192)-65),((201)-51),((130)-20),((31)-15),((202)-36),((134)-80),((240)-23),((314)-86),((115)-48),((69)-54),((184)-22),((106)-43),((140)-66),((298)-57),((223)-39),((86)-32),((120)-61),((176)-30),((100)-40),((241)-73),((133)-14),((23)-16),((247)-27),((150)-63),((124)-74),((244)-11),((222)-86),((101)-86),((329)-89),((146)-81),((121)-90),((272)-37),((220)-46),((82)-23),((334)-92),((181)-54),((109)-52),((263)-56),((190)-74),((223)-26),((74)-44),((280)-93),((191)-50)},{((164)-78),((330)-82),((198)-41),((174)-96),((299)-95),((181)-38),((42)-39),((272)-77),((287)-68),((317)-75),((220)-18),((194)-89),((31)-17),((178)-17),((177)-19),((79)-49),((216)-39),((119)-24),((81)-14),((242)-13),((136)-69),((308)-64),((323)-68),((247)-78),((138)-78),((271)-25),((158)-51),((153)-86),((73)-42),((65)-53),((118)-37),((182)-96),((198)-25),((167)-19),((308)-68),((233)-87),((69)-14),((335)-97),((69)-45),((95)-51),((276)-52),((164)-40),((150)-72),((197)-56),((269)-60),((142)-32),((139)-75),((73)-64),((250)-79),((155)-90),((317)-72),((129)-14),((102)-36)},{((224)-42),((167)-64),((308)-67),((162)-81),((105)-22),((65)-22),((229)-24),((191)-80),((42)-40),((285)-30),((167)-40),((21)-18),((222)-45),((238)-89),((97)-39),((175)-11),((138)-53),((102)-85),((239)-18),((156)-44),((166)-87),((261)-30),((194)-33),((182)-97),((23)-23),((165)-36),((82)-11),((314)-59),((216)-65),((70)-28),((279)-54),((249)-73),((189)-91),((46)-19),((177)-39),((103)-56),((259)-26),((281)-91),((172)-54),((72)-43),((225)-52),((133)-45),((98)-70),((230)-38),((157)-56),((80)-42),((222)-32),((112)-31),((98)-69),((137)-33),((215)-94),((142)-88),((245)-32)},{((162)-34),((106)-57),((271)-47),((220)-91),((130)-92),((253)-22),((138)-32),((89)-44),((296)-92),((186)-34),((86)-28),((316)-96),((142)-31),((171)-87),((283)-71),((195)-56),((61)-36),((212)-25),((261)-63),((159)-49),((262)-24),((195)-36),((102)-43),((39)-29),((190)-57),((175)-91),((112)-89),((229)-80),((150)-13),((88)-61),((222)-72),((106)-32),((33)-29),((270)-92),((143)-44),((218)-80),((51)-22),((155)-40),((297)-47),((260)-47),((145)-32),((209)-45),((245)-67),((200)-62),((130)-71),((259)-44),((65)-34),((184)-87),((277)-70),((239)-96),((249)-82),((279)-89),((224)-77)},{((119)-66),((255)-37),((138)-29),((102)-86),((226)-36),((217)-95),((140)-70),((296)-82),((122)-22),((66)-31),((283)-53),((173)-49),((126)-54),((243)-36),((197)-51),((145)-44),((337)-84),((199)-16),((186)-76),((96)-71),((199)-45),((150)-39),((240)-14),((177)-48),((135)-74),((32)-23),((200)-44),((173)-50),((80)-12),((265)-26),((181)-55),((67)-26),((242)-57),((172)-57),((72)-21),((230)-35),((126)-28),((161)-51),((212)-58),((209)-13),((261)-24),((295)-68),((158)-52),((57)-24),((322)-82),((169)-26),((242)-24),((221)-16),((206)-35),((86)-36),((35)-34),((143)-19),((70)-34)},{((39)-39),((214)-59),((100)-60),((78)-71),((111)-33),((292)-79),((236)-96),((104)-13),((329)-79),((195)-30),((209)-75),((72)-44),((210)-77),((131)-44),((148)-37),((184)-65),((237)-34),((139)-25),((295)-46),((229)-56),((170)-46),((69)-42),((176)-74),((141)-52),((151)-93),((227)-34),((208)-64),((19)-11),((264)-88),((168)-19),((93)-35),((245)-62),((148)-26),((127)-96),((234)-32),((229)-64),((26)-20),((266)-83),((289)-95),((103)-67),((274)-43),((156)-31),((157)-84),((286)-78),((152)-23),((148)-61),((82)-41),((189)-17),((132)-81),((282)-48),((216)-31),((130)-42),((255)-95)},{((231)-84),((142)-26),((275)-24),((245)-43),((126)-57),((264)-27),((271)-46),((194)-82),((90)-66),((255)-96),((166)-47),((37)-15),((247)-66),((231)-53),((84)-79),((292)-95),((127)-42),((58)-58),((297)-66),((135)-51),((275)-29),((225)-61),((186)-11),((114)-58),((292)-62),((212)-94),((140)-92),((327)-87),((185)-57),((71)-40),((108)-65),((166)-43),((94)-32),((258)-46),((220)-60),((44)-20),((298)-79),((247)-70),((158)-27),((266)-19),((255)-90),((130)-65),((63)-47),((220)-87),((122)-20),((51)-22),((218)-66),((213)-67),((124)-76),((239)-89),((131)-45),((289)-50),((230)-76)},{((235)-69),((28)-17),((226)-17),((87)-17),((83)-38),((184)-30),((135)-60),((100)-14),((320)-97),((165)-75),((96)-76),((285)-67),((171)-65),((273)-80),((79)-58),((173)-69),((79)-36),((42)-42),((217)-58),((266)-35),((220)-11),((235)-87),((118)-67),((340)-85),((171)-52),((222)-13),((117)-74),((227)-80),((107)-18),((278)-36),((121)-84),((133)-33),((97)-43),((274)-59),((151)-14),((114)-32),((265)-66),((208)-55),((129)-46),((279)-70),((236)-73),((161)-83),((248)-44),((192)-34),((172)-87),((311)-76),((174)-40),((309)-55),((260)-61),((213)-32),((173)-62),((299)-93),((199)-90)},{((257)-85),((208)-67),((217)-61),((176)-30),((311)-78),((151)-49),((163)-80),((215)-12),((120)-65),((172)-79),((334)-84),((256)-52),((88)-24),((324)-83),((156)-15),((101)-12),((288)-82),((205)-30),((121)-34),((296)-86),((211)-31),((182)-48),((36)-30),((195)-69),((89)-42),((63)-16),((257)-82),((119)-53),((318)-78),((255)-43),((158)-37),((294)-64),((201)-53),((169)-25),((106)-75),((253)-66),((169)-79),((133)-89),((165)-55),((201)-22),((28)-25),((279)-81),((227)-72),((128)-70),((199)-66),((181)-70),((62)-12),((239)-45),((193)-54),((64)-61),((109)-16),((257)-59),((62)-13)},{((296)-49),((193)-49),((209)-14),((330)-75),((288)-79),((131)-17),((54)-18),((285)-54),((125)-24),((125)-85),((288)-62),((176)-83),((108)-61),((264)-31),((191)-88),((138)-81),((325)-82),((159)-22),((76)-40),((234)-81),((132)-34),((110)-30),((97)-87),((186)-81),((280)-28),((104)-45),((77)-49),((126)-83),((79)-34),((150)-18),((88)-60),((271)-66),((188)-83),((75)-19),((259)-62),((176)-31),((101)-53),((197)-68),((254)-78),((143)-81),((102)-86),((290)-73),((183)-51),((94)-62),((279)-70),((100)-21),((127)-94),((232)-65),((176)-94),((261)-59),((221)-59),((132)-37),((92)-54)},{((206)-55),((87)-45),((311)-95),((277)-89),((192)-95),((289)-83),((141)-14),((175)-40),((123)-40),((309)-67),((194)-28),((102)-66),((264)-18),((207)-28),((104)-58),((326)-88),((192)-79),((54)-41),((203)-40),((215)-89),((68)-57),((287)-41),((162)-71),((39)-33),((261)-93),((172)-71),((285)-33),((245)-72),((243)-59),((128)-60),((306)-79),((152)-37),((53)-11),((276)-42),((189)-67),((115)-90),((118)-81),((149)-29),((156)-97),((220)-11),((237)-83),((57)-24),((283)-55),((304)-94),((191)-91),((237)-29),((163)-31),((149)-72),((327)-79),((210)-41),((258)-47),((157)-55),((199)-32)},{((89)-28),((285)-32),((230)-50),((275)-47),((154)-62),((266)-73),((173)-74),((99)-67),((287)-81),((143)-16),((212)-64),((265)-97),((193)-65),((87)-35),((305)-97),((50)-26),((181)-76),((328)-95),((216)-68),((58)-49),((272)-47),((184)-41),((326)-74),((237)-64),((110)-19),((117)-94),((246)-19),((152)-34),((70)-57),((221)-31),((219)-18),((89)-49),((288)-44),((230)-95),((75)-42),((266)-59),((176)-66),((194)-73),((289)-73),((251)-87),((112)-57),((99)-77),((286)-63),((152)-14),((65)-25),((222)-38),((169)-58),((125)-90),((248)-42),((104)-22),((247)-90),((102)-72),((202)-89)},{((262)-14),((264)-65),((194)-77),((319)-73),((285)-70),((171)-23),((149)-88),((15)-12),((207)-33),((111)-65),((297)-74),((172)-49),((126)-67),((222)-40),((229)-96),((151)-82),((284)-86),((248)-86),((136)-20),((68)-16),((239)-13),((222)-90),((116)-60),((238)-32),((124)-16),((294)-84),((212)-51),((68)-25),((303)-89),((319)-93),((104)-33),((90)-77),((224)-94),((132)-27),((249)-35),((149)-17),((106)-56),((302)-75),((279)-41),((181)-29),((84)-13),((81)-71),((142)-21),((121)-46),((74)-69),((148)-17),((112)-27),((226)-94),((150)-79),((217)-47),((123)-26),((66)-18),((235)-28)},{((143)-21),((234)-76),((195)-83),((63)-24),((199)-25),((165)-92),((229)-36),((149)-11),((166)-46),((84)-34),((214)-69),((104)-56),((207)-96),((129)-49),((154)-59),((117)-17),((271)-84),((79)-23),((67)-30),((169)-24),((278)-28),((111)-79),((246)-57),((238)-95),((116)-37),((272)-31),((212)-47),((61)-26),((262)-20),((186)-72),((269)-20),((288)-88),((157)-39),((288)-56),((282)-81),((230)-96),((152)-84),((293)-97),((120)-33),((33)-28),((289)-56),((222)-80),((290)-39),((202)-33),((135)-51),((43)-38),((83)-67),((261)-74),((104)-60),((241)-20),((205)-84),((153)-81),((282)-90)},{((198)-55),((110)-28),((298)-87),((211)-36),((185)-56),((95)-12),((301)-62),((156)-14),((118)-52),((279)-63),((184)-78),((304)-96),((176)-17),((96)-40),((266)-39),((327)-88),((164)-83),((78)-55),((232)-89),((142)-24),((323)-96),((164)-19),((125)-59),((125)-48),((260)-61),((313)-66),((135)-51),((218)-24),((128)-13),((45)-30),((313)-91),((172)-83),((29)-19),((241)-18),((182)-68),((200)-23),((287)-87),((208)-69),((77)-35),((263)-32),((184)-92),((249)-67),((69)-38),((187)-49),((113)-33),((294)-61),((95)-67),((178)-87),((133)-91),((247)-71),((135)-59),((264)-29),((228)-39)},{((273)-18),((64)-11),((178)-42),((165)-93),((51)-22),((267)-79),((45)-38),((256)-15),((242)-62),((102)-19),((114)-83),((186)-35),((279)-41),((133)-46),((208)-14),((204)-68),((44)-26),((94)-25),((144)-12),((142)-56),((276)-32),((251)-85),((137)-32),((246)-15),((261)-76),((176)-61),((287)-46),((217)-22),((175)-53),((100)-48),((197)-31),((117)-12),((49)-14),((276)-91),((106)-22),((259)-55),((222)-76),((213)-85),((142)-84),((246)-93),((85)-26),((140)-18),((133)-42),((123)-17),((151)-43),((239)-59),((155)-79),((287)-34),((239)-86),((142)-38),((262)-17),((230)-37),((121)-25)},{((244)-67),((302)-78),((160)-35),((128)-49),((39)-21),((208)-31),((197)-96),((300)-91),((241)-78),((131)-90),((281)-69),((93)-17),((59)-23),((273)-48),((241)-70),((94)-51),((244)-57),((144)-39),((90)-13),((290)-48),((183)-88),((99)-86),((214)-39),((272)-86),((225)-88),((105)-59),((286)-78),((155)-23),((82)-80),((231)-19),((198)-56),((39)-27),((299)-80),((152)-58),((329)-79),((191)-47),((182)-75),((264)-31),((290)-78),((110)-53),((261)-36),((194)-60),((124)-57),((287)-69),((220)-84),((123)-66),((293)-48),((227)-34),((148)-67),((77)-29),((272)-23),((147)-14),((337)-90)},{((233)-53),((163)-28),((105)-16),((248)-31),((163)-67),((58)-35),((299)-69),((154)-21),((245)-37),((213)-18),((219)-55),((94)-51),((263)-16),((119)-20),((93)-82),((54)-40),((137)-22),((134)-50),((257)-20),((213)-64),((126)-86),((284)-31),((320)-97),((108)-58),((325)-80),((218)-85),((118)-70),((88)-65),((264)-81),((94)-15),((306)-80),((216)-63),((163)-56),((71)-42),((227)-16),((119)-50),((336)-81),((301)-91),((128)-46),((64)-55),((203)-52),((92)-23),((341)-95),((308)-66),((102)-21),((64)-44),((192)-22),((191)-73),((331)-78),((231)-39),((167)-17),((149)-45),((295)-63)},{((197)-86),((91)-53),((283)-38),((183)-35),((299)-76),((215)-20),((201)-37),((60)-17),((278)-31),((182)-68),((74)-48),((67)-38),((215)-88),((122)-47),((293)-59),((237)-94),((185)-39),((255)-26),((225)-57),((73)-32),((253)-41),((226)-39),((187)-78),((153)-39),((282)-84),((196)-72),((318)-80),((185)-14),((206)-80),((59)-43),((198)-41),((160)-79),((96)-64),((233)-36),((74)-15),((304)-71),((246)-92),((107)-18),((135)-80),((282)-62),((217)-76),((117)-54),((151)-83),((205)-50),((45)-24),((236)-38),((171)-13),((120)-44),((241)-24),((159)-27),((158)-90),((243)-31),((210)-95)},{((86)-70),((210)-20),((179)-68),((99)-56),((272)-28),((193)-58),((132)-30),((266)-12),((208)-24),((156)-45),((122)-96),((217)-77),((144)-50),((66)-44),((269)-95),((143)-78),((311)-63),((272)-70),((142)-18),((257)-11),((176)-12),((220)-96),((55)-13),((263)-77),((207)-91),((89)-52),((209)-28),((168)-84),((69)-18),((197)-18),((196)-90),((318)-70),((214)-48),((109)-22),((191)-93),((74)-61),((207)-54),((137)-66),((259)-44),((204)-59),((162)-96),((253)-43),((185)-72),((141)-16),((243)-38),((213)-69),((109)-71),((268)-26),((153)-32),((150)-90),((46)-28),((234)-64),((160)-69)},{((334)-90),((290)-95),((59)-12),((277)-23),((277)-84),((89)-23),((309)-92),((189)-51),((148)-78),((92)-62),((250)-67),((129)-61),((41)-40),((272)-51),((296)-70),((92)-35),((264)-88),((164)-82),((56)-14),((294)-78),((135)-31),((47)-13),((321)-95),((133)-19),((48)-34),((320)-80),((191)-61),((103)-88),((257)-62),((184)-35),((85)-27),((257)-81),((182)-88),((177)-76),((87)-74),((185)-15),((221)-46),((21)-15),((220)-89),((145)-75),((249)-32),((177)-12),((71)-27),((271)-32),((212)-15),((116)-29),((245)-32),((175)-38),((160)-72),((286)-33),((210)-80),((96)-45),((252)-27)},{((249)-13),((226)-51),((116)-71),((319)-64),((155)-28),((76)-49),((216)-39),((169)-29),((71)-61),((311)-66),((181)-91),((24)-19),((201)-34),((155)-55),((275)-24),((226)-54),((220)-37),((120)-50),((310)-69),((180)-75),((124)-62),((302)-51),((291)-94),((74)-14),((275)-74),((238)-80),((154)-84),((84)-80),((46)-40),((117)-24),((48)-44),((216)-56),((87)-33),((73)-56),((184)-26),((141)-28),((80)-80),((208)-82),((143)-93),((69)-65),((230)-61),((112)-66),((314)-91),((152)-11),((216)-67),((120)-90),((236)-83),((89)-15),((136)-86),((48)-44),((230)-65),((119)-32),((99)-88)},{((209)-75),((145)-57),((110)-89),((241)-73),((92)-25),((240)-53),((189)-57),((135)-21),((237)-19),((165)-41),((255)-68),((248)-92),((214)-43),((239)-63),((282)-34),((232)-73),((174)-94),((264)-46),((207)-86),((106)-76),((222)-63),((193)-20),((78)-26),((313)-60),((198)-18),((114)-25),((193)-62),((287)-70),((199)-81),((87)-30),((262)-61),((163)-60),((284)-49),((260)-80),((207)-97),((95)-76),((85)-24),((289)-36),((300)-93),((321)-93),((245)-84),((74)-68),((250)-52),((136)-50),((54)-29),((197)-42),((138)-62),((119)-32),((121)-95),((243)-94),((192)-89),((274)-43),((177)-37)},{((77)-28),((244)-12),((130)-16),((126)-39),((112)-74),((297)-82),((120)-41),((49)-16),((274)-31),((212)-69),((37)-30),((263)-43),((145)-49),((228)-49),((205)-84),((312)-92),((194)-47),((140)-42),((16)-15),((233)-61),((214)-24),((226)-82),((104)-30),((284)-84),((213)-59),((168)-84),((252)-42),((180)-16),((76)-64),((204)-42),((119)-45),((103)-60),((286)-63),((231)-62),((78)-64),((253)-56),((110)-34),((69)-24),((228)-45),((219)-72),((188)-36),((273)-34),((201)-54),((69)-55),((274)-83),((237)-73),((139)-85),((259)-64),((183)-64),((115)-42),((295)-72),((179)-79),((98)-77)},{((40)-11),((234)-89),((75)-36),((254)-47),((218)-42),((189)-89),((97)-75),((275)-43),((148)-14),((131)-75),((271)-20),((147)-41),((102)-42),((267)-18),((205)-65),((66)-27),((196)-40),((116)-15),((172)-89),((244)-54),((133)-37),((234)-75),((219)-91),((171)-28),((212)-67),((262)-30),((188)-60),((87)-35),((251)-61),((127)-34),((15)-13),((190)-59),((159)-17),((82)-61),((254)-32),((171)-19),((100)-39),((169)-66),((273)-84),((163)-73),((66)-22),((249)-79),((105)-33),((263)-56),((230)-78),((107)-25),((273)-26),((81)-48),((260)-35),((242)-66),((224)-27),((167)-34),((315)-81)},{((186)-16),((110)-52),((80)-68),((183)-56),((59)-14),((108)-52),((296)-45),((218)-97),((156)-81),((200)-36),((174)-74),((115)-85),((271)-61),((219)-85),((135)-86),((37)-21),((311)-58),((128)-77),((76)-71),((246)-49),((136)-78),((61)-49),((307)-85),((188)-66),((279)-37),((257)-58),((126)-48),((229)-68),((116)-16),((267)-68),((198)-72),((174)-97),((306)-85),((212)-76),((186)-14),((160)-34),((166)-95),((263)-84),((168)-32),((44)-29),((135)-82),((131)-91),((179)-40),((107)-41),((76)-59),((186)-13),((156)-68),((187)-78),((109)-46),((22)-17),((236)-66),((96)-59),((263)-16)},{((210)-88),((111)-74),((249)-92),((195)-78),((99)-49),((274)-22),((135)-38),((90)-51),((215)-41),((155)-27),((34)-24),((247)-17),((317)-82),((108)-42),((280)-71),((131)-28),((63)-51),((306)-69),((245)-84),((113)-30),((298)-69),((155)-41),((119)-81),((317)-84),((186)-47),((58)-42),((263)-70),((149)-38),((125)-82),((294)-47),((99)-57),((135)-34),((142)-23),((291)-55),((115)-52),((98)-72),((158)-15),((99)-32),((54)-51),((282)-84),((169)-62),((206)-18),((279)-77),((162)-30),((299)-50),((211)-95),((201)-25),((89)-62),((282)-57),((190)-71),((233)-63),((312)-79),((323)-85)},{((112)-58),((202)-23),((185)-43),((27)-24),((269)-89),((175)-44),((99)-29),((263)-28),((142)-79),((165)-88),((21)-14),((218)-94),((288)-44),((131)-83),((205)-53),((96)-62),((255)-56),((176)-62),((287)-62),((259)-35),((203)-28),((158)-83),((286)-81),((151)-25),((155)-18),((268)-36),((226)-73),((161)-45),((81)-47),((222)-38),((174)-20),((164)-29),((249)-45),((198)-40),((109)-18),((73)-64),((156)-24),((173)-90),((124)-93),((275)-85),((152)-95),((107)-96),((219)-22),((165)-50),((83)-59),((195)-54),((111)-16),((90)-47),((293)-88),((125)-56),((54)-31),((277)-56),((221)-79)},{((277)-27),((248)-44),((134)-97),((247)-30),((174)-57),((135)-46),((275)-27),((143)-19),((112)-49),((77)-71),((261)-45),((188)-94),((63)-54),((222)-93),((139)-50),((103)-81),((276)-55),((123)-12),((80)-39),((197)-39),((215)-94),((89)-61),((59)-26),((187)-67),((31)-24),((171)-11),((137)-68),((311)-71),((182)-87),((118)-24),((120)-72),((239)-35),((219)-72),((52)-18),((256)-81),((169)-70),((55)-17),((298)-95),((163)-83),((16)-15),((254)-65),((155)-21),((221)-36),((309)-65),((93)-84),((154)-28),((303)-94),((225)-53),((101)-68),((221)-11),((238)-92),((142)-57),((326)-76)},{((167)-89),((121)-29),((47)-25),((224)-85),((30)-27),((95)-32),((262)-92),((180)-68),((50)-41),((146)-86),((173)-50),((192)-64),((262)-65),((128)-62),((54)-25),((214)-68),((160)-90),((102)-81),((287)-71),((195)-70),((235)-29),((303)-83),((175)-25),((60)-49),((163)-29),((229)-35),((74)-32),((194)-14),((174)-85),((34)-33),((186)-74),((169)-64),((108)-64),((301)-59),((161)-34),((155)-77),((281)-94),((168)-63),((275)-78),((209)-70),((112)-46),((297)-96),((288)-97),((115)-39),((299)-67),((215)-65),((112)-71),((181)-80),((154)-48),((250)-57),((81)-19),((257)-27),((190)-48)},{((251)-19),((99)-67),((225)-37),((190)-96),((212)-67),((269)-22),((141)-46),((261)-13),((200)-46),((126)-57),((193)-13),((269)-96),((179)-67),((150)-96),((272)-77),((177)-31),((295)-43),((205)-32),((181)-12),((106)-50),((297)-55),((114)-11),((131)-65),((86)-56),((33)-25),((148)-71),((116)-85),((240)-17),((161)-23),((34)-29),((231)-16),((236)-73),((131)-65),((228)-57),((221)-96),((137)-82),((319)-90),((235)-82),((71)-54),((268)-41),((227)-43),((43)-19),((252)-18),((251)-75),((174)-77),((271)-63),((246)-84),((287)-36),((257)-82),((136)-22),((335)-80),((253)-47),((152)-24)},{((118)-36),((279)-63),((165)-34),((270)-19),((305)-97),((177)-36),((165)-78),((306)-73),((180)-17),((46)-37),((307)-79),((192)-42),((192)-40),((331)-92),((226)-97),((89)-63),((254)-63),((170)-64),((292)-75),((289)-79),((211)-65),((111)-23),((272)-43),((204)-24),((115)-28),((310)-77),((164)-46),((59)-17),((281)-29),((232)-74),((54)-19),((279)-67),((183)-53),((124)-62),((42)-32),((248)-91),((66)-11),((269)-40),((267)-27),((144)-77),((267)-20),((186)-30),((122)-57),((290)-48),((314)-96),((227)-58),((108)-34),((177)-21),((168)-94),((338)-87),((78)-63),((215)-72),((82)-30)},{((239)-25),((194)-68),((65)-57),((306)-69),((335)-93),((166)-93),((113)-65),((167)-12),((107)-46),((305)-79),((226)-73),((238)-43),((300)-85),((167)-28),((119)-80),((335)-86),((115)-74),((88)-65),((283)-86),((202)-87),((58)-22),((102)-46),((175)-54),((255)-92),((291)-84),((239)-93),((122)-52),((114)-93),((287)-83),((223)-94),((151)-32),((279)-73),((147)-72),((303)-51),((208)-56),((174)-68),((240)-68),((166)-12),((106)-34),((290)-44),((262)-95),((260)-76),((211)-94),((299)-59),((275)-30),((138)-77),((342)-96),((158)-60),((119)-70),((277)-84),((171)-21),((31)-14),((320)-84)},{((182)-19),((141)-75),((267)-66),((182)-12),((333)-82),((303)-86),((232)-67),((107)-18),((325)-80),((256)-84),((150)-93),((290)-47),((188)-54),((140)-94),((160)-33),((211)-81),((107)-59),((276)-54),((166)-23),((193)-30),((117)-45),((28)-14),((248)-78),((88)-51),((275)-28),((207)-30),((111)-64),((38)-37),((219)-26),((182)-77),((253)-25),((238)-56),((145)-33),((44)-38),((234)-73),((44)-19),((225)-14),((226)-36),((142)-22),((274)-59),((171)-50),((220)-36),((237)-84),((246)-78),((226)-53),((95)-94),((140)-14),((120)-13),((279)-49),((121)-39),((113)-79),((224)-31),((144)-33)},{((42)-13),((103)-54),((239)-25),((226)-73),((80)-57),((314)-81),((261)-83),((164)-89),((322)-70),((196)-74),((113)-37),((98)-92),((148)-16),((104)-33),((80)-64),((208)-39),((154)-61),((287)-47),((188)-49),((88)-85),((280)-76),((238)-52),((163)-47),((274)-63),((202)-85),((199)-22),((198)-52),((195)-34),((176)-25),((291)-53),((207)-73),((84)-29),((272)-61),((231)-72),((98)-54),((337)-89),((175)-21),((329)-94),((290)-94),((204)-90),((76)-44),((288)-82),((261)-50),((153)-33),((103)-29),((299)-72),((181)-30),((117)-96),((322)-91),((189)-16),((111)-41),((347)-97),((191)-47)},{((89)-46),((212)-49),((138)-30),((159)-69),((66)-64),((206)-94),((107)-86),((251)-41),((164)-87),((54)-53),((160)-30),((197)-55),((219)-75),((310)-79),((193)-48),((110)-65),((263)-59),((195)-55),((307)-86),((272)-46),((222)-87),((111)-82),((214)-26),((211)-72),((195)-17),((249)-65),((122)-20),((84)-64),((230)-33),((256)-61),((147)-51),((124)-74),((219)-25),((104)-26),((261)-45),((188)-63),((64)-24),((222)-74),((225)-84),((87)-22),((283)-62),((192)-17),((307)-66),((82)-40),((304)-70),((149)-73),((78)-66),((193)-37),((185)-90),((292)-67),((202)-59),((146)-82),((310)-55)},{((245)-33),((130)-21),((98)-92),((178)-18),((153)-72),((116)-24),((258)-68),((207)-93),((82)-62),((239)-54),((110)-19),((130)-63),((118)-97),((214)-32),((74)-66),((246)-64),((132)-29),((216)-96),((109)-80),((272)-36),((217)-69),((44)-32),((269)-47),((242)-78),((102)-26),((295)-93),((125)-24),((250)-29),((258)-92),((236)-88),((93)-15),((245)-57),((143)-46),((64)-37),((164)-14),((93)-19),((242)-39),((236)-21),((291)-71),((78)-27),((180)-19),((153)-14),((53)-47),((132)-18),((206)-75),((284)-30),((274)-96),((89)-50),((56)-42),((227)-36),((175)-84),((138)-93),((133)-22)},{((131)-38),((30)-19),((236)-66),((188)-97),((151)-43),((114)-97),((153)-62),((169)-30),((203)-26),((180)-61),((66)-23),((273)-23),((256)-79),((154)-55),((114)-61),((145)-27),((231)-83),((255)-66),((203)-72),((97)-42),((53)-47),((254)-68),((227)-92),((127)-93),((233)-79),((138)-39),((124)-43),((47)-36),((136)-15),((100)-73),((289)-73),((143)-75),((336)-88),((165)-44),((201)-68),((175)-37),((303)-78),((163)-27),((54)-45),((269)-44),((190)-86),((39)-17),((195)-68),((225)-69),((78)-55),((252)-52),((83)-37),((35)-14),((272)-71),((138)-37),((147)-92),((188)-67),((129)-26)},{((67)-49),((281)-89),((182)-69),((197)-64),((50)-45),((215)-45),((147)-68),((100)-94),((204)-75),((117)-18),((115)-11),((275)-84),((199)-33),((46)-29),((244)-62),((158)-67),((73)-55),((106)-49),((102)-25),((59)-58),((201)-44),((132)-21),((219)-57),((178)-34),((150)-88),((295)-62),((245)-91),((240)-66),((274)-35),((76)-51),((135)-66),((69)-58),((236)-45),((235)-96),((150)-84),((320)-73),((349)-97),((159)-91),((281)-88),((189)-72),((71)-54),((280)-56),((102)-68),((50)-34),((203)-13),((125)-17),((44)-15),((74)-25),((314)-76),((170)-68),((177)-70),((258)-64),((134)-26)},{((305)-89),((236)-69),((83)-25),((44)-29),((208)-70),((152)-54),((99)-74),((221)-37),((74)-11),((48)-16),((185)-69),((124)-42),((69)-39),((310)-88),((189)-82),((80)-46),((255)-80),((202)-97),((278)-23),((247)-80),((330)-82),((273)-25),((235)-69),((163)-79),((66)-61),((72)-47),((268)-78),((223)-76),((99)-64),((184)-29),((161)-52),((104)-65),((207)-42),((155)-36),((118)-51),((300)-74),((131)-38),((138)-94),((254)-24),((140)-16),((84)-61),((218)-75),((182)-94),((80)-25),((260)-19),((94)-17),((266)-27),((125)-79),((78)-63),((71)-41),((110)-75),((207)-85),((298)-51)},{((238)-13),((117)-25),((265)-65),((167)-15),((89)-19),((274)-45),((230)-80),((247)-77),((162)-83),((56)-41),((174)-33),((145)-50),((137)-97),((233)-40),((149)-32),((324)-81),((259)-62),((160)-36),((331)-81),((230)-26),((219)-85),((100)-69),((295)-84),((177)-72),((42)-38),((145)-24),((122)-56),((93)-45),((259)-25),((94)-21),((254)-19),((135)-93),((48)-37),((100)-77),((47)-34),((171)-71),((313)-61),((250)-77),((90)-17),((71)-47),((262)-97),((183)-73),((107)-91),((111)-14),((105)-47),((326)-94),((195)-45),((132)-61),((162)-71),((322)-84),((254)-62),((138)-49),((43)-30)},{((209)-70),((151)-58),((60)-22),((257)-66),((196)-81),((69)-63),((191)-30),((85)-60),((311)-85),((304)-96),((228)-90),((303)-70),((168)-26),((100)-28),((267)-72),((189)-70),((281)-33),((19)-15),((46)-37),((116)-20),((56)-46),((199)-36),((101)-35),((32)-30),((96)-13),((161)-58),((332)-79),((209)-59),((105)-52),((93)-92),((90)-50),((77)-31),((283)-63),((168)-30),((101)-42),((88)-28),((254)-37),((215)-47),((148)-92),((241)-45),((104)-11),((334)-91),((169)-11),((63)-50),((36)-30),((234)-51),((116)-33),((68)-31),((137)-34),((223)-63),((136)-40),((245)-48),((196)-63)},{((37)-16),((250)-22),((128)-41),((94)-89),((254)-72),((209)-65),((107)-72),((233)-15),((194)-22),((132)-41),((239)-47),((311)-74),((78)-56),((275)-55),((173)-29),((142)-47),((37)-15),((251)-66),((113)-56),((321)-81),((151)-25),((133)-86),((84)-26),((237)-81),((155)-63),((95)-76),((273)-71),((200)-74),((115)-74),((65)-57),((310)-65),((141)-83),((305)-52),((278)-83),((153)-52),((254)-30),((191)-13),((90)-79),((281)-90),((157)-57),((51)-42),((241)-58),((211)-28),((51)-26),((246)-17),((213)-45),((123)-55),((283)-47),((165)-70),((84)-68),((106)-82),((278)-59),((156)-67)},{((111)-68),((254)-77),((155)-57),((67)-66),((228)-59),((114)-45),((134)-68),((139)-92),((197)-96),((115)-60),((253)-12),((219)-51),((59)-30),((300)-64),((246)-80),((139)-46),((266)-56),((235)-71),((179)-79),((77)-62),((198)-60),((166)-77),((105)-74),((212)-31),((109)-61),((30)-28),((193)-57),((62)-11),((190)-19),((156)-28),((127)-66),((89)-82),((129)-21),((77)-27),((257)-69),((180)-23),((106)-67),((66)-66),((326)-80),((122)-45),((289)-87),((181)-55),((114)-79),((244)-44),((146)-25),((148)-51),((261)-21),((197)-72),((70)-21),((100)-97),((198)-30),((134)-89),((253)-31)},{((215)-90),((208)-75),((291)-60),((260)-93),((184)-87),((37)-13),((286)-82),((131)-12),((173)-87),((93)-29),((198)-65),((140)-53),((63)-46),((283)-89),((120)-74),((64)-64),((148)-14),((90)-44),((234)-68),((199)-73),((104)-45),((96)-91),((115)-12),((92)-41),((292)-46),((190)-47),((109)-39),((275)-90),((157)-51),((194)-92),((275)-36),((215)-97),((102)-33),((253)-13),((183)-70),((166)-84),((41)-26),((258)-74),((193)-55),((62)-19),((161)-36),((61)-18),((92)-29),((237)-30),((163)-53),((58)-36),((82)-55),((128)-14),((122)-94),((260)-46),((83)-11),((240)-45),((208)-64)},{((112)-50),((258)-19),((25)-22),((154)-62),((139)-87),((266)-64),((116)-44),((76)-71),((246)-21),((265)-35),((101)-40),((275)-50),((177)-43),((102)-62),((236)-13),((67)-58),((82)-26),((261)-28),((228)-62),((145)-61),((326)-80),((66)-58),((157)-96),((273)-23),((212)-41),((225)-36),((281)-86),((176)-63),((96)-62),((113)-62),((299)-62),((131)-24),((201)-89),((277)-78),((139)-50),((295)-68),((249)-47),((112)-40),((237)-66),((189)-37),((214)-81),((57)-57),((161)-53),((197)-78),((273)-19),((194)-25),((156)-30),((76)-41),((127)-53),((98)-21),((292)-56),((206)-49),((221)-44)},{((24)-17),((267)-47),((102)-15),((47)-36),((101)-75),((44)-37),((91)-15),((154)-73),((226)-58),((181)-41),((338)-91),((173)-17),((66)-16),((311)-78),((55)-36),((102)-66),((256)-16),((263)-87),((107)-31),((65)-62),((175)-31),((139)-65),((253)-29),((166)-30),((307)-90),((301)-84),((162)-27),((99)-58),((125)-64),((276)-50),((259)-22),((317)-93),((80)-13),((342)-95),((236)-38),((117)-16),((41)-25),((85)-33),((69)-63),((230)-38),((85)-23),((59)-58),((66)-21),((301)-58),((130)-44),((50)-37),((231)-11),((206)-83),((126)-88),((156)-82),((87)-62),((290)-79),((178)-73)},{((19)-15),((143)-19),((155)-86),((110)-74),((265)-43),((74)-16),((312)-92),((120)-93),((276)-24),((36)-25),((35)-19),((166)-63),((322)-94),((284)-78),((107)-34),((217)-36),((182)-49),((71)-20),((277)-64),((278)-45),((209)-67),((148)-70),((296)-92),((216)-58),((133)-45),((243)-29),((263)-95),((140)-42),((94)-66),((230)-91),((182)-89),((106)-83),((227)-54),((116)-59),((206)-29),((179)-57),((115)-11),((77)-43),((144)-18),((105)-73),((133)-38),((101)-37),((97)-18),((147)-63),((235)-64),((79)-12),((299)-58),((160)-34),((140)-63),((309)-91),((228)-62),((93)-21),((165)-12)},{((128)-14),((47)-18),((220)-14),((276)-69),((127)-19),((139)-77),((294)-88),((115)-19),((62)-45),((229)-41),((121)-15),((95)-68),((103)-55),((134)-18),((108)-62),((231)-68),((101)-71),((68)-17),((301)-58),((181)-93),((61)-37),((217)-49),((200)-78),((78)-13),((108)-53),((166)-27),((84)-31),((250)-26),((182)-94),((117)-69),((296)-59),((226)-67),((100)-51),((274)-84),((154)-43),((156)-91),((300)-70),((126)-19),((100)-72),((257)-70),((258)-60),((123)-44),((247)-36),((174)-48),((107)-39),((302)-51),((104)-52),((84)-24),((307)-64),((206)-12),((134)-40),((98)-89),((271)-66)},{((214)-70),((131)-82),((159)-28),((72)-20),((150)-78),((285)-30),((169)-44),((212)-82),((266)-49),((175)-68),((60)-56),((308)-73),((167)-59),((281)-77),((244)-59),((204)-53),((77)-59),((162)-36),((197)-60),((52)-36),((245)-58),((196)-52),((103)-50),((177)-85),((186)-91),((56)-43),((250)-60),((252)-42),((225)-82),((65)-58),((302)-49),((107)-23),((73)-60),((159)-38),((163)-91),((233)-14),((251)-75),((118)-75),((41)-38),((221)-35),((166)-77),((302)-78),((243)-50),((97)-76),((317)-74),((202)-26),((143)-31),((80)-68),((250)-55),((173)-93),((26)-16),((243)-83),((134)-62)},{((238)-85),((247)-94),((84)-13),((284)-36),((30)-18),((257)-80),((195)-70),((293)-66),((256)-78),((149)-89),((154)-56),((109)-24),((273)-89),((127)-16),((127)-65),((247)-26),((162)-26),((245)-76),((153)-30),((69)-16),((252)-73),((168)-50),((225)-60),((200)-93),((269)-63),((208)-78),((106)-25),((286)-46),((209)-54),((215)-24),((182)-37),((135)-60),((269)-44),((182)-58),((288)-47),((247)-61),((229)-76),((153)-70),((227)-49),((175)-91),((166)-19),((144)-28),((171)-43),((192)-59),((233)-13),((142)-53),((126)-56),((256)-63),((111)-66),((283)-30),((265)-97),((169)-95),((111)-17)},{((258)-30),((198)-70),((116)-49),((317)-94),((105)-96),((72)-43),((236)-24),((208)-45),((154)-88),((301)-64),((203)-26),((224)-42),((74)-61),((222)-63),((99)-61),((232)-23),((189)-20),((332)-94),((68)-57),((207)-19),((103)-15),((74)-41),((147)-12),((272)-26),((253)-34),((152)-15),((92)-34),((77)-33),((220)-19),((204)-49),((129)-89),((197)-38),((116)-15),((306)-67),((221)-13),((332)-82),((137)-77),((264)-12),((181)-87),((109)-79),((214)-40),((191)-63),((101)-45),((142)-81),((221)-73),((108)-52),((207)-19),((214)-75),((124)-67),((252)-66),((174)-19),((122)-34),((22)-21)},{((225)-78),((48)-19),((227)-18),((251)-88),((81)-24),((276)-86),((152)-41),((199)-53),((108)-95),((26)-11),((155)-20),((65)-45),((254)-64),((116)-26),((50)-21),((197)-12),((290)-63),((268)-21),((246)-72),((158)-48),((56)-43),((233)-49),((125)-70),((273)-41),((227)-77),((206)-45),((104)-44),((261)-87),((140)-30),((178)-77),((198)-68),((81)-48),((255)-45),((141)-64),((56)-46),((96)-35),((254)-29),((204)-70),((92)-21),((285)-89),((175)-19),((96)-34),((293)-69),((164)-49),((227)-97),((227)-68),((133)-71),((313)-74),((155)-49),((89)-47),((103)-13),((227)-15),((213)-53)},{((121)-82),((112)-94),((281)-83),((181)-81),((93)-84),((202)-13),((133)-26),((313)-71),((306)-91),((174)-47),((140)-23),((46)-11),((161)-39),((297)-56),((249)-60),((166)-74),((30)-14),((325)-80),((202)-63),((109)-62),((249)-37),((192)-43),((285)-38),((331)-82),((163)-56),((279)-91),((289)-78),((191)-59),((65)-51),((221)-15),((114)-35),((282)-53),((160)-28),((97)-44),((288)-97),((220)-93),((205)-27),((274)-91),((26)-15),((161)-46),((110)-71),((326)-80),((203)-30),((137)-39),((297)-53),((147)-18),((77)-27),((22)-18),((202)-33),((129)-83),((269)-46),((218)-15),((171)-68)},{((275)-25),((211)-67),((141)-79),((324)-94),((334)-83),((267)-35),((81)-36),((221)-12),((196)-78),((108)-56),((193)-40),((189)-97),((97)-57),((233)-34),((163)-40),((325)-76),((157)-29),((99)-59),((228)-23),((194)-80),((111)-70),((246)-67),((246)-65),((55)-37),((235)-13),((181)-56),((74)-28),((103)-12),((127)-31),((235)-52),((187)-96),((275)-34),((224)-74),((90)-13),((285)-73),((264)-79),((142)-67),((271)-55),((189)-49),((170)-76),((43)-40),((174)-38),((119)-65),((135)-34),((329)-75),((250)-78),((102)-69),((238)-41),((178)-72),((107)-64),((254)-62),((157)-44),((53)-40)},{((300)-80),((135)-54),((62)-12),((277)-44),((129)-29),((102)-35),((111)-39),((192)-48),((62)-22),((240)-23),((186)-69),((151)-83),((244)-59),((164)-13),((123)-45),((261)-60),((172)-70),((111)-88),((47)-34),((187)-25),((106)-53),((311)-60),((149)-13),((183)-86),((63)-54),((246)-73),((104)-22),((97)-78),((219)-78),((132)-43),((265)-20),((259)-90),((208)-90),((156)-33),((242)-32),((105)-29),((74)-50),((198)-30),((154)-65),((296)-71),((173)-27),((190)-33),((59)-33),((279)-76),((160)-57),((69)-15),((244)-76),((195)-58),((120)-56),((205)-18),((224)-67),((207)-96),((261)-16)},{((186)-83),((285)-89),((308)-89),((199)-59),((102)-80),((226)-12),((218)-49),((159)-36),((221)-12),((244)-90),((130)-73),((322)-85),((215)-29),((212)-87),((306)-92),((183)-45),((86)-48),((74)-64),((261)-80),((125)-68),((338)-83),((222)-24),((205)-53),((328)-87),((259)-79),((215)-93),((52)-48),((256)-45),((216)-74),((59)-12),((252)-88),((174)-83),((106)-64),((237)-36),((206)-93),((93)-40),((299)-94),((181)-55),((98)-72),((276)-43),((164)-64),((144)-93),((330)-87),((153)-52),((161)-96),((258)-47),((167)-71),((88)-68),((316)-86),((191)-52),((49)-33),((278)-88),((267)-70)},{((126)-17),((61)-51),((80)-65),((156)-54),((26)-13),((218)-88),((104)-47),((102)-94),((226)-59),((327)-85),((323)-94),((250)-52),((88)-11),((66)-38),((236)-88),((90)-30),((79)-40),((228)-43),((143)-73),((321)-86),((253)-64),((113)-15),((305)-74),((37)-30),((170)-37),((189)-51),((240)-15),((163)-24),((70)-31),((331)-97),((189)-58),((253)-80),((227)-31),((191)-68),((95)-36),((299)-81),((230)-97),((150)-77),((253)-37),((182)-81),((45)-20),((281)-46),((174)-30),((82)-58),((285)-87),((241)-32),((163)-76),((242)-20),((194)-57),((108)-44),((320)-73),((62)-14),((98)-42)},{((320)-81),((258)-71),((184)-94),((60)-55),((277)-76),((174)-19),((122)-62),((175)-30),((176)-11),((71)-28),((241)-63),((126)-48),((68)-66),((121)-14),((255)-82),((132)-87),((244)-43),((155)-63),((78)-47),((286)-78),((199)-94),((106)-77),((248)-36),((34)-33),((121)-73),((258)-84),((209)-63),((123)-77),((251)-28),((224)-50),((68)-27),((318)-76),((201)-50),((251)-43),((84)-39),((210)-58),((129)-35),((278)-31),((94)-52),((177)-72),((171)-76),((232)-50),((170)-77),((271)-22),((168)-28),((128)-46),((92)-89),((181)-25),((149)-69),((104)-97),((107)-58),((125)-29),((319)-82)},{((255)-43),((168)-56),((85)-67),((242)-17),((155)-63),((46)-12),((262)-63),((66)-66),((304)-63),((198)-36),((196)-14),((54)-15),((275)-56),((176)-24),((128)-61),((285)-59),((34)-25),((152)-44),((299)-63),((173)-37),((54)-27),((293)-68),((194)-51),((67)-27),((271)-51),((237)-90),((218)-26),((287)-48),((158)-34),((131)-83),((318)-81),((209)-36),((175)-90),((260)-40),((142)-49),((172)-25),((347)-93),((265)-69),((112)-22),((238)-97),((252)-48),((305)-96),((101)-61),((257)-47),((141)-31),((36)-35),((227)-46),((191)-89),((339)-84),((263)-84),((134)-28),((165)-14),((291)-93)},{((130)-47),((29)-25),((208)-12),((160)-13),((87)-28),((270)-76),((91)-24),((106)-96),((234)-62),((238)-46),((111)-50),((243)-47),((178)-67),((103)-32),((206)-66),((233)-64),((144)-54),((324)-78),((227)-36),((119)-82),((235)-87),((302)-70),((160)-62),((280)-62),((219)-86),((137)-44),((220)-61),((255)-67),((148)-48),((44)-35),((132)-33),((233)-71),((110)-97),((273)-62),((156)-51),((217)-61),((313)-94),((244)-20),((123)-83),((290)-86),((115)-32),((266)-12),((261)-50),((74)-50),((146)-93),((256)-35),((170)-40),((264)-44),((209)-37),((127)-34),((165)-74),((305)-57),((264)-77)},{((95)-20),((329)-90),((257)-97),((97)-37),((37)-29),((148)-38),((314)-96),((88)-88),((264)-93),((133)-74),((180)-34),((109)-54),((49)-40),((79)-49),((284)-80),((80)-31),((333)-92),((162)-33),((142)-59),((290)-74),((270)-43),((131)-17),((100)-86),((241)-53),((183)-68),((135)-92),((284)-31),((251)-93),((324)-81),((321)-73),((193)-18),((178)-79),((260)-41),((306)-82),((75)-20),((302)-65),((113)-15),((91)-78),((242)-28),((60)-39),((276)-30),((245)-68),((124)-26),((163)-45),((113)-80),((209)-50),((251)-90),((280)-32),((202)-64),((95)-60),((60)-50),((162)-23),((307)-69)},{((261)-42),((236)-36),((124)-60),((222)-50),((211)-28),((72)-25),((292)-74),((273)-95),((175)-88),((186)-60),((204)-78),((124)-77),((94)-27),((89)-89),((201)-78),((149)-21),((282)-67),((185)-41),((343)-94),((279)-79),((148)-72),((45)-12),((184)-28),((192)-73),((65)-19),((269)-64),((133)-52),((108)-58),((226)-92),((192)-92),((65)-17),((260)-17),((173)-30),((94)-24),((232)-24),((210)-87),((98)-81),((251)-66),((77)-67),((109)-96),((203)-13),((229)-19),((185)-69),((119)-46),((251)-19),((150)-12),((40)-23),((304)-77),((191)-31),((85)-58),((281)-59),((103)-93),((278)-70)},{((81)-30),((257)-23),((226)-41),((153)-65),((68)-65),((86)-47),((264)-18),((240)-64),((100)-30),((277)-52),((159)-70),((46)-27),((97)-96),((205)-18),((108)-85),((237)-52),((272)-24),((251)-34),((314)-82),((295)-58),((163)-95),((227)-34),((247)-76),((64)-26),((240)-94),((168)-70),((32)-28),((51)-27),((240)-51),((177)-25),((101)-67),((217)-48),((196)-73),((136)-80),((246)-67),((156)-23),((128)-47),((253)-13),((211)-68),((53)-31),((321)-89),((197)-47),((93)-52),((250)-54),((151)-91),((96)-91),((294)-54),((208)-38),((61)-52),((214)-43),((273)-39),((246)-43),((271)-53)},{((313)-90),((111)-57),((253)-50),((152)-43),((34)-25),((308)-92),((122)-21),((61)-12),((260)-49),((109)-73),((339)-89),((266)-95),((287)-96),((122)-22),((87)-45),((253)-88),((141)-22),((69)-32),((229)-48),((156)-76),((247)-47),((165)-20),((177)-50),((108)-51),((258)-91),((97)-21),((30)-24),((187)-58),((68)-15),((237)-55),((254)-60),((242)-43),((87)-72),((225)-40),((122)-40),((320)-79),((259)-82),((35)-33),((117)-95),((241)-54),((112)-28),((305)-62),((276)-85),((261)-31),((291)-55),((182)-25),((225)-67),((90)-46),((303)-49),((181)-39),((46)-41),((257)-57),((173)-91)},{((79)-28),((161)-68),((245)-86),((152)-57),((228)-32),((180)-48),((77)-60),((285)-58),((247)-77),((208)-48),((274)-27),((168)-13),((99)-65),((278)-73),((200)-56),((103)-32),((202)-74),((224)-88),((75)-12),((90)-76),((211)-38),((153)-65),((112)-87),((268)-97),((131)-90),((264)-43),((249)-74),((103)-19),((302)-82),((201)-63),((153)-11),((271)-44),((303)-56),((172)-20),((228)-43),((124)-18),((272)-28),((238)-58),((186)-40),((309)-67),((218)-16),((152)-44),((33)-16),((192)-28),((303)-53),((246)-95),((223)-67),((280)-40),((136)-27),((135)-66),((315)-84),((228)-88),((115)-84)},{((261)-85),((128)-31),((174)-60),((71)-52),((263)-30),((200)-43),((88)-13),((218)-38),((161)-27),((114)-35),((318)-77),((183)-21),((83)-60),((289)-56),((60)-48),((172)-55),((110)-42),((92)-82),((202)-78),((254)-38),((197)-80),((211)-89),((292)-83),((132)-57),((83)-48),((222)-22),((91)-12),((78)-33),((267)-78),((148)-56),((280)-46),((180)-25),((267)-92),((130)-50),((73)-53),((227)-33),((156)-29),((263)-25),((255)-63),((182)-60),((96)-41),((309)-83),((153)-69),((131)-96),((128)-73),((201)-26),((215)-89),((98)-30),((270)-85),((81)-60),((245)-67),((235)-55),((42)-31)},{((221)-67),((154)-73),((257)-17),((194)-27),((109)-65),((253)-32),((268)-45),((202)-74),((90)-19),((264)-19),((245)-79),((50)-17),((332)-89),((208)-35),((115)-27),((61)-49),((187)-55),((118)-32),((199)-78),((263)-22),((259)-67),((134)-15),((298)-65),((130)-61),((284)-58),((317)-86),((112)-50),((320)-88),((167)-50),((111)-64),((224)-39),((254)-94),((152)-80),((270)-86),((173)-68),((218)-93),((102)-87),((280)-66),((224)-77),((276)-21),((266)-57),((221)-67),((127)-49),((43)-41),((112)-11),((151)-96),((163)-73),((300)-93),((180)-22),((166)-66),((227)-25),((73)-35),((237)-42)},{((242)-42),((43)-12),((228)-15),((88)-17),((57)-50),((180)-37),((151)-87),((95)-30),((268)-46),((290)-63),((143)-88),((219)-93),((53)-39),((237)-46),((163)-90),((50)-41),((106)-46),((287)-81),((114)-26),((65)-53),((266)-44),((223)-92),((29)-18),((274)-89),((260)-68),((113)-92),((72)-34),((246)-58),((139)-12),((85)-34),((308)-86),((141)-52),((61)-18),((241)-12),((225)-75),((159)-94),((206)-18),((178)-36),((128)-56),((28)-26),((188)-18),((91)-33),((63)-24),((247)-22),((193)-17),((190)-15),((184)-85),((91)-65),((255)-91),((184)-14),((132)-29),((272)-65),((145)-29)},{((118)-93),((249)-41),((329)-79),((122)-74),((103)-50),((220)-80),((98)-53),((246)-36),((150)-13),((102)-47),((269)-79),((125)-37),((106)-97),((50)-21),((239)-97),((97)-25),((272)-77),((202)-23),((131)-12),((129)-29),((234)-65),((202)-28),((73)-71),((227)-73),((181)-97),((270)-63),((223)-32),((116)-81),((303)-91),((292)-60),((208)-70),((104)-27),((28)-21),((174)-17),((69)-45),((289)-55),((241)-77),((156)-71),((35)-29),((184)-61),((174)-97),((104)-97),((284)-97),((120)-18),((288)-39),((262)-17),((256)-78),((169)-43),((180)-70),((82)-48),((301)-84),((193)-94),((177)-72)},{((123)-85),((158)-13),((139)-88),((273)-57),((208)-65),((227)-42),((320)-66),((35)-32),((137)-47),((18)-17),((178)-21),((127)-94),((257)-56),((172)-53),((156)-65),((80)-77),((165)-50),((68)-32),((102)-49),((202)-15),((174)-87),((280)-46),((198)-52),((105)-41),((292)-75),((304)-66),((299)-83),((69)-40),((68)-34),((171)-50),((44)-24),((198)-31),((191)-82),((65)-53),((188)-34),((119)-47),((110)-37),((273)-43),((310)-75),((75)-24),((154)-32),((88)-51),((267)-65),((147)-39),((82)-47),((205)-32),((208)-33),((46)-34),((265)-49),((158)-39),((123)-80),((181)-96),((257)-26)},{((175)-59),((61)-36),((292)-57),((155)-11),((82)-58),((260)-62),((310)-71),((143)-46),((179)-77),((274)-85),((69)-65),((190)-51),((102)-36),((105)-88),((193)-20),((155)-67),((78)-36),((222)-27),((114)-70),((270)-16),((101)-64),((228)-45),((88)-23),((310)-65),((275)-76),((145)-37),((280)-36),((78)-34),((220)-11),((156)-92),((83)-80),((240)-54),((181)-56),((65)-37),((221)-73),((237)-84),((291)-51),((47)-25),((86)-77),((126)-21),((128)-96),((291)-52),((210)-68),((133)-76),((138)-45),((121)-89),((92)-13),((43)-25),((198)-81),((60)-16),((279)-28),((205)-51),((102)-33)},{((118)-13),((285)-34),((187)-54),((153)-96),((42)-31),((269)-93),((118)-62),((243)-28),((294)-68),((140)-75),((71)-61),((198)-41),((121)-63),((262)-16),((223)-29),((98)-13),((265)-26),((250)-90),((128)-39),((80)-70),((293)-64),((174)-24),((111)-82),((93)-79),((268)-17),((119)-55),((142)-73),((232)-79),((150)-22),((327)-92),((157)-13),((89)-36),((317)-81),((35)-13),((101)-14),((109)-95),((197)-81),((259)-20),((79)-36),((198)-30),((167)-75),((96)-89),((135)-11),((148)-52),((218)-47),((171)-28),((168)-83),((249)-26),((224)-65),((117)-66),((274)-49),((171)-43),((186)-68)},{((73)-47),((284)-87),((161)-76),((68)-56),((295)-81),((193)-71),((69)-23),((288)-86),((181)-42),((90)-55),((247)-53),((208)-59),((137)-74),((234)-27),((79)-56),((89)-24),((277)-44),((303)-65),((149)-80),((313)-74),((231)-62),((124)-94),((220)-70),((266)-56),((130)-51),((48)-45),((247)-73),((72)-37),((289)-38),((117)-47),((122)-80),((254)-17),((171)-52),((71)-16),((290)-87),((134)-13),((85)-43),((297)-64),((211)-18),((105)-18),((297)-57),((185)-47),((139)-95),((115)-60),((267)-17),((242)-62),((109)-20),((268)-59),((238)-75),((131)-38),((104)-90),((268)-77),((117)-62)},{((38)-29),((273)-78),((158)-42),((52)-21),((258)-95),((255)-96),((184)-92),((75)-32),((72)-30),((279)-57),((197)-51),((58)-30),((51)-17),((277)-54),((107)-33),((263)-24),((231)-83),((93)-18),((145)-31),((190)-22),((254)-81),((25)-21),((324)-89),((130)-44),((339)-88),((225)-65),((181)-94),((140)-14),((244)-53),((147)-26),((268)-30),((124)-19),((243)-78),((79)-45),((292)-93),((139)-28),((306)-78),((276)-73),((110)-88),((298)-48),((232)-40),((163)-89),((65)-55),((220)-65),((148)-75),((302)-52),((262)-22),((117)-17),((68)-47),((308)-83),((150)-13),((85)-42),((231)-11)},{((216)-78),((161)-90),((189)-46),((237)-67),((152)-70),((162)-75),((189)-18),((143)-58),((107)-92),((222)-90),((266)-26),((105)-61),((231)-62),((184)-91),((58)-53),((186)-64),((185)-88),((203)-31),((182)-38),((160)-74),((320)-96),((213)-53),((71)-19),((312)-89),((223)-79),((137)-46),((304)-66),((234)-69),((150)-31),((119)-78),((184)-42),((95)-17),((192)-21),((267)-94),((153)-68),((279)-26),((241)-37),((131)-93),((156)-46),((241)-51),((141)-24),((315)-60),((250)-59),((107)-34),((252)-29),((149)-50),((73)-32),((233)-57),((169)-57),((127)-25),((292)-97),((180)-64),((110)-31)},{((258)-11),((181)-25),((78)-19),((306)-73),((247)-81),((139)-61),((178)-79),((258)-31),((239)-85),((57)-17),((258)-44),((163)-31),((76)-12),((43)-31),((185)-26),((120)-63),((272)-53),((226)-17),((195)-26),((146)-47),((87)-82),((302)-87),((41)-35),((306)-68),((261)-75),((199)-80),((54)-29),((251)-19),((107)-39),((307)-52),((198)-37),((91)-33),((56)-38),((264)-72),((130)-62),((217)-30),((42)-18),((78)-52),((292)-68),((117)-11),((221)-19),((120)-75),((218)-90),((89)-22),((291)-86),((208)-67),((145)-58),((122)-75),((262)-41),((109)-12),((42)-21),((44)-27),((74)-22)},{((306)-65),((300)-86),((127)-35),((78)-65),((166)-15),((270)-23),((329)-83),((215)-27),((69)-14),((175)-24),((79)-40),((91)-14),((105)-77),((270)-41),((154)-22),((138)-42),((67)-53),((240)-19),((39)-36),((237)-27),((202)-50),((103)-72),((240)-14),((236)-83),((66)-61),((280)-53),((238)-77),((149)-76),((125)-47),((204)-39),((104)-70),((263)-52),((129)-18),((134)-69),((213)-82),((309)-85),((95)-38),((246)-12),((78)-34),((75)-32),((332)-91),((149)-26),((73)-14),((278)-71),((189)-64),((124)-78),((95)-87),((249)-97),((151)-72),((85)-52),((282)-71),((199)-22),((47)-15)},{((120)-83),((213)-63),((82)-43),((201)-40),((322)-68),((30)-30),((229)-31),((138)-58),((193)-17),((110)-91),((122)-23),((81)-40),((196)-17),((166)-51),((142)-81),((259)-70),((159)-43),((29)-27),((208)-29),((107)-13),((148)-64),((254)-51),((186)-41),((124)-97),((313)-94),((235)-55),((93)-17),((41)-23),((204)-51),((80)-12),((273)-40),((246)-86),((29)-26),((70)-46),((251)-59),((144)-47),((40)-34),((290)-91),((164)-20),((281)-39),((211)-27),((79)-13),((232)-49),((318)-75),((159)-59),((264)-17),((202)-13),((152)-60),((126)-79),((262)-93),((169)-52),((344)-95),((289)-61)},{((194)-67),((43)-25),((245)-29),((159)-40),((125)-51),((215)-34),((161)-35),((79)-74),((264)-24),((155)-28),((130)-73),((115)-97),((253)-85),((186)-13),((100)-96),((186)-15),((180)-79),((235)-17),((145)-60),((182)-37),((255)-42),((200)-45),((61)-24),((216)-65),((198)-60),((126)-46),((280)-62),((171)-17),((66)-20),((240)-17),((269)-35),((163)-93),((36)-18),((219)-54),((198)-66),((140)-78),((204)-47),((266)-16),((263)-11),((253)-92),((88)-15),((97)-73),((196)-82),((245)-59),((69)-56),((265)-54),((149)-56),((63)-37),((44)-33),((193)-66),((40)-22),((268)-52),((34)-11)},{((116)-46),((211)-18),((209)-47),((77)-48),((303)-67),((255)-92),((247)-12),((90)-85),((175)-41),((300)-82),((159)-62),((153)-27),((119)-81),((293)-63),((253)-66),((185)-92),((317)-89),((181)-89),((155)-91),((243)-14),((199)-58),((129)-37),((112)-90),((270)-62),((145)-64),((34)-17),((263)-66),((118)-57),((270)-95),((307)-93),((140)-30),((126)-86),((279)-56),((196)-58),((64)-53),((292)-71),((235)-86),((133)-39),((29)-20),((193)-56),((81)-23),((224)-25),((168)-18),((111)-97),((291)-70),((210)-50),((96)-63),((37)-16),((185)-42),((72)-11),((278)-76),((136)-13),((152)-72)},{((29)-15),((40)-21),((168)-77),((257)-11),((186)-49),((136)-57),((285)-47),((201)-11),((241)-97),((305)-54),((197)-16),((172)-54),((44)-36),((163)-14),((144)-71),((74)-50),((280)-91),((86)-35),((321)-93),((303)-64),((192)-56),((335)-80),((220)-53),((130)-30),((153)-96),((271)-52),((148)-50),((305)-87),((267)-77),((174)-72),((85)-71),((257)-39),((175)-42),((145)-82),((287)-95),((225)-97),((105)-38),((216)-26),((101)-53),((109)-19),((95)-69),((198)-71),((95)-56),((284)-53),((218)-30),((183)-89),((326)-97),((133)-58),((172)-80),((272)-51),((86)-37),((239)-55),((302)-71)},{((198)-25),((150)-95),((304)-57),((273)-68),((289)-79),((71)-30),((228)-62),((143)-65),((279)-24),((289)-77),((199)-81),((263)-13),((163)-49),((179)-93),((290)-36),((232)-66),((176)-59),((99)-52),((304)-71),((143)-40),((72)-33),((329)-95),((129)-28),((254)-54),((298)-59),((141)-12),((69)-55),((207)-16),((217)-72),((146)-92),((248)-61),((151)-43),((156)-37),((73)-39),((219)-57),((152)-72),((255)-19),((225)-38),((128)-89),((268)-22),((240)-55),((87)-29),((121)-75),((209)-38),((174)-58),((279)-55),((279)-92),((138)-24),((165)-84),((244)-62),((177)-53),((291)-50),((243)-27)},{((133)-76),((267)-36),((304)-62),((195)-38),((85)-44),((257)-51),((230)-91),((122)-65),((208)-31),((155)-54),((139)-63),((172)-75),((232)-76),((42)-19),((277)-89),((183)-35),((45)-24),((284)-92),((259)-97),((220)-53),((338)-84),((197)-29),((143)-45),((260)-48),((116)-37),((175)-36),((324)-81),((188)-48),((111)-62),((255)-50),((77)-17),((181)-92),((329)-75),((241)-54),((168)-60),((312)-84),((175)-23),((168)-41),((259)-15),((218)-76),((135)-75),((294)-46),((271)-75),((146)-59),((309)-80),((241)-22),((146)-37),((110)-59),((282)-81),((198)-82),((66)-41),((300)-92),((76)-25)},{((127)-55),((330)-90),((180)-44),((124)-61),((275)-29),((185)-24),((115)-96),((317)-85),((154)-63),((49)-37),((257)-57),((206)-61),((119)-83),((28)-25),((215)-11),((65)-19),((307)-63),((145)-19),((134)-51),((95)-51),((225)-74),((99)-24),((329)-95),((241)-62),((116)-13),((114)-96),((192)-12),((194)-84),((104)-72),((198)-14),((169)-55),((122)-81),((235)-23),((109)-24),((71)-29),((285)-77),((145)-41),((313)-62),((271)-93),((173)-41),((82)-28),((323)-89),((202)-50),((118)-57),((133)-67),((274)-95),((126)-55),((89)-73),((127)-13),((81)-25),((276)-97),((187)-51),((108)-11)},{((277)-73),((206)-63),((58)-12),((291)-44),((216)-45),((107)-21),((329)-81),((271)-93),((137)-37),((263)-41),((200)-30),((132)-83),((80)-67),((171)-33),((99)-19),((249)-34),((184)-12),((171)-59),((260)-26),((216)-34),((87)-26),((78)-38),((222)-39),((171)-61),((129)-82),((243)-68),((190)-88),((308)-79),((171)-21),((225)-64),((82)-82),((292)-91),((142)-50),((311)-65),((225)-58),((139)-40),((80)-33),((258)-64),((135)-43),((59)-52),((230)-46),((273)-93),((111)-16),((279)-83),((151)-13),((69)-49),((251)-18),((226)-63),((149)-80),((16)-14),((216)-37),((122)-79),((276)-53)},{((287)-89),((127)-68),((33)-11),((172)-39),((92)-35),((68)-50),((193)-23),((191)-91),((74)-47),((275)-77),((118)-47),((51)-26),((162)-22),((152)-94),((292)-60),((204)-51),((172)-57),((96)-90),((240)-66),((167)-42),((84)-37),((200)-28),((154)-40),((321)-69),((230)-21),((229)-90),((92)-44),((279)-45),((238)-83),((102)-83),((255)-56),((253)-79),((125)-90),((268)-29),((133)-21),((81)-48),((335)-85),((198)-76),((116)-67),((296)-85),((200)-29),((154)-86),((262)-41),((142)-23),((66)-32),((279)-68),((305)-83),((192)-70),((28)-22),((190)-19),((199)-95),((96)-71),((153)-11)},{((153)-87),((55)-14),((215)-57),((194)-58),((286)-33),((264)-84),((227)-96),((122)-94),((219)-44),((164)-89),((87)-79),((237)-18),((154)-39),((70)-25),((303)-75),((167)-27),((43)-30),((262)-36),((171)-86),((71)-68),((272)-95),((124)-26),((144)-84),((262)-58),((187)-71),((125)-55),((306)-58),((230)-74),((89)-24),((336)-82),((252)-77),((49)-13),((239)-23),((261)-70),((68)-16),((82)-52),((177)-30),((144)-70),((80)-55),((225)-62),((87)-33),((257)-32),((237)-79),((138)-25),((338)-97),((189)-21),((65)-11),((315)-87),((240)-94),((228)-71),((166)-94),((260)-60),((157)-36)},{((19)-13),((249)-36),((149)-69),((63)-35),((251)-28),((112)-16),((138)-54),((241)-35),((205)-81),((41)-32),((263)-74),((163)-20),((168)-91),((145)-63),((248)-79),((115)-92),((292)-71),((193)-90),((121)-61),((317)-64),((237)-30),((142)-84),((341)-97),((261)-80),((91)-20),((265)-53),((172)-36),((156)-69),((318)-66),((157)-28),((54)-19),((108)-62),((298)-81),((128)-27),((36)-26),((287)-91),((148)-31),((294)-57),((210)-49),((229)-93),((207)-50),((293)-77),((140)-57),((89)-82),((306)-83),((94)-13),((297)-45),((305)-83),((214)-96),((53)-14),((277)-82),((222)-76),((65)-55)},{((275)-58),((220)-64),((49)-20),((336)-87),((173)-34),((105)-81),((270)-66),((236)-96),((90)-41),((244)-59),((164)-61),((147)-37),((76)-54),((203)-24),((253)-69),((70)-58),((112)-29),((265)-50),((169)-12),((65)-26),((261)-30),((236)-30),((115)-72),((299)-82),((207)-27),((126)-34),((49)-48),((272)-94),((118)-22),((119)-90),((279)-82),((255)-40),((125)-20),((290)-44),((222)-52),((164)-40),((41)-23),((217)-63),((105)-33),((130)-47),((116)-97),((161)-16),((159)-60),((251)-21),((169)-39),((86)-62),((320)-77),((87)-55),((106)-42),((347)-94),((193)-37),((126)-70),((318)-85)},{((240)-49),((112)-76),((229)-22),((177)-64),((126)-80),((232)-32),((298)-87),((179)-29),((100)-80),((276)-46),((169)-64),((28)-26),((191)-39),((156)-56),((178)-33),((211)-19),((180)-88),((287)-48),((262)-60),((156)-57),((39)-19),((233)-75),((190)-35),((96)-96),((262)-91),((136)-56),((59)-46),((184)-35),((226)-66),((111)-12),((280)-55),((200)-21),((116)-62),((233)-23),((127)-23),((162)-95),((169)-60),((238)-88),((89)-60),((296)-66),((213)-65),((116)-65),((267)-36),((186)-28),((124)-20),((254)-49),((167)-47),((49)-20),((270)-52),((169)-53),((223)-96),((25)-23),((258)-70)},{((157)-66),((86)-80),((273)-90),((174)-33),((51)-47),((157)-12),((133)-31),((74)-63),((248)-47),((253)-47),((96)-59),((261)-57),((125)-21),((300)-46),((311)-94),((82)-79),((49)-11),((288)-61),((154)-24),((105)-75),((245)-38),((236)-95),((99)-68),((236)-67),((145)-52),((121)-74),((272)-60),((179)-87),((162)-59),((263)-17),((206)-60),((102)-65),((341)-88),((211)-73),((96)-37),((275)-78),((226)-32),((109)-37),((266)-53),((193)-23),((134)-55),((81)-68),((34)-16),((192)-87),((59)-43),((227)-55),((101)-35),((107)-78),((101)-45),((184)-81),((70)-67),((222)-72),((128)-15)},{((109)-96),((241)-51),((162)-90),((69)-27),((278)-90),((124)-51),((281)-28),((233)-26),((211)-95),((297)-45),((277)-29),((210)-84),((16)-11),((255)-79),((207)-89),((112)-67),((184)-82),((186)-40),((81)-56),((291)-68),((187)-46),((98)-54),((322)-83),((247)-81),((156)-41),((263)-29),((195)-76),((121)-48),((284)-43),((245)-70),((200)-20),((47)-36),((189)-11),((171)-93),((271)-43),((202)-11),((321)-88),((72)-54),((226)-73),((122)-39),((92)-91),((199)-39),((179)-80),((84)-58),((228)-24),((119)-25),((279)-44),((235)-76),((208)-95),((82)-60),((221)-63),((95)-19),((139)-55)},{((237)-58),((183)-71),((90)-87),((182)-22),((209)-38),((112)-27),((46)-12),((248)-46),((175)-64),((89)-54),((216)-55),((242)-76),((278)-25),((228)-46),((52)-18),((296)-58),((211)-97),((120)-49),((260)-66),((183)-26),((177)-93),((277)-34),((169)-47),((155)-67),((202)-30),((213)-75),((153)-67),((91)-66),((223)-42),((203)-95),((338)-89),((201)-37),((140)-85),((267)-44),((121)-73),((178)-41),((88)-50),((342)-94),((210)-17),((152)-53),((93)-88),((258)-73),((90)-35),((69)-60),((211)-86),((102)-41),((163)-93),((147)-30),((94)-47),((244)-50),((150)-47),((118)-73),((236)-14)},{((183)-79),((159)-58),((308)-79),((174)-57),((98)-63),((65)-58),((209)-37),((78)-68),((212)-25),((165)-46),((140)-73),((238)-27),((196)-18),((170)-96),((26)-22),((260)-73),((134)-32),((294)-63),((259)-71),((162)-49),((56)-47),((219)-63),((99)-31),((66)-44),((289)-89),((166)-70),((315)-72),((254)-60),((60)-50),((77)-50),((260)-44),((149)-30),((98)-64),((252)-41),((177)-32),((123)-64),((244)-29),((176)-61),((138)-83),((305)-86),((201)-73),((140)-75),((270)-74),((186)-51),((46)-11),((315)-76),((238)-93),((68)-14),((291)-90),((221)-47),((65)-19),((242)-13),((174)-77)},{((40)-22),((65)-36),((290)-90),((157)-85),((323)-74),((212)-63),((170)-70),((306)-86),((256)-85),((185)-75),((287)-48),((274)-47),((147)-30),((283)-58),((232)-83),((169)-78),((102)-93),((245)-59),((261)-33),((171)-52),((224)-58),((169)-34),((298)-52),((205)-29),((80)-64),((92)-83),((248)-23),((204)-55),((50)-16),((172)-66),((235)-48),((75)-34),((247)-17),((291)-37),((115)-70),((264)-30),((139)-14),((114)-80),((284)-52),((209)-56),((77)-45),((237)-42),((243)-37),((47)-17),((275)-41),((206)-81),((121)-95),((129)-92),((281)-77),((168)-21),((113)-96),((58)-36),((122)-13)},{((62)-24),((166)-20),((126)-29),((261)-20),((294)-96),((86)-36),((64)-51),((222)-26),((172)-73),((263)-29),((251)-48),((70)-42),((334)-84),((243)-45),((222)-85),((57)-20),((313)-93),((179)-74),((131)-96),((218)-48),((122)-43),((202)-42),((294)-45),((181)-31),((136)-32),((71)-22),((248)-37),((160)-40),((57)-16),((244)-77),((142)-21),((269)-32),((263)-90),((293)-96),((283)-54),((228)-66),((116)-66),((283)-68),((251)-94),((118)-40),((248)-32),((224)-11),((152)-67),((291)-59),((197)-50),((187)-68),((62)-34),((183)-46),((89)-31),((250)-19),((274)-95),((151)-81),((90)-56)},{((241)-55),((173)-57),((137)-94),((245)-31),((124)-37),((61)-17),((246)-18),((133)-12),((53)-41),((207)-12),((192)-43),((86)-30),((270)-62),((138)-39),((127)-77),((208)-86),((180)-41),((111)-39),((324)-93),((242)-96),((142)-75),((81)-80),((236)-65),((104)-30),((336)-94),((203)-36),((112)-37),((264)-24),((254)-77),((65)-13),((331)-84),((208)-58),((107)-12),((44)-43),((208)-42),((115)-58),((126)-96),((210)-52),((109)-24),((319)-92),((191)-61),((219)-78),((103)-47),((214)-30),((200)-95),((88)-83),((280)-68),((128)-49),((115)-88),((277)-55),((147)-52),((104)-21),((264)-35)},{((152)-56),((75)-55),((283)-77),((161)-40),((85)-43),((140)-56),((286)-55),((131)-70),((213)-17),((225)-66),((148)-89),((139)-32),((179)-58),((139)-58),((75)-70),((202)-41),((311)-78),((90)-47),((222)-69),((106)-17),((199)-89),((177)-20),((154)-64),((260)-23),((228)-82),((135)-47),((41)-32),((166)-19),((89)-38),((100)-38),((220)-63),((202)-97),((269)-32),((196)-58),((235)-86),((122)-59),((106)-97),((192)-85),((89)-46),((187)-24),((219)-38),((217)-55),((261)-30),((250)-14),((111)-47),((94)-55),((197)-66),((120)-80),((254)-49),((184)-52),((207)-33),((215)-24),((207)-71)},{((109)-34),((290)-59),((216)-58),((86)-43),((259)-30),((208)-85),((55)-20),((157)-44),((258)-71),((99)-11),((55)-13),((314)-71),((166)-17),((111)-53),((271)-33),((163)-55),((72)-13),((217)-42),((159)-48),((149)-14),((222)-43),((102)-26),((304)-60),((258)-78),((107)-51),((305)-69),((267)-34),((132)-27),((316)-64),((218)-48),((210)-68),((95)-44),((195)-38),((92)-14),((98)-88),((254)-40),((161)-56),((119)-47),((283)-74),((208)-69),((143)-80),((311)-77),((185)-78),((82)-18),((294)-46),((181)-37),((95)-60),((246)-28),((235)-66),((115)-24),((268)-25),((219)-85),((131)-61)},{((200)-55),((244)-82),((185)-90),((280)-29),((219)-53),((173)-86),((61)-40),((229)-38),((110)-16),((31)-22),((230)-25),((150)-37),((38)-19),((282)-70),((145)-73),((35)-24),((230)-60),((193)-75),((100)-76),((228)-39),((170)-93),((89)-39),((202)-24),((177)-72),((292)-45),((183)-15),((198)-19),((174)-80),((264)-45),((191)-66),((48)-23),((288)-56),((144)-45),((132)-82),((264)-19),((185)-67),((158)-55),((321)-72),((161)-45),((89)-49),((283)-42),((190)-31),((139)-59),((207)-85),((333)-82),((129)-87),((85)-74),((172)-50),((109)-57),((240)-89),((197)-53),((161)-57),((118)-93)},{((212)-31),((346)-93),((141)-63),((261)-73),((211)-87),((183)-50),((193)-16),((155)-81),((283)-44),((205)-15),((105)-36),((306)-57),((180)-24),((226)-59),((54)-48),((280)-70),((162)-64),((350)-95),((82)-72),((228)-48),((70)-20),((272)-87),((169)-15),((114)-63),((168)-63),((224)-11),((149)-94),((269)-22),((185)-74),((148)-19),((131)-21),((257)-78),((219)-38),((101)-89),((276)-33),((147)-68),((295)-51),((219)-66),((149)-69),((152)-30),((229)-93),((180)-96),((105)-82),((222)-43),((159)-53),((326)-79),((202)-25),((161)-90),((302)-66),((92)-31),((220)-85),((108)-72),((279)-33)},{((237)-46),((150)-53),((51)-45),((204)-21),((135)-82),((47)-40),((153)-30),((71)-12),((167)-84),((159)-32),((44)-20),((209)-32),((213)-88),((29)-25),((199)-15),((207)-26),((66)-13),((245)-45),((179)-61),((118)-28),((314)-62),((131)-26),((42)-16),((286)-72),((211)-49),((84)-31),((41)-36),((253)-96),((157)-73),((58)-47),((275)-93),((120)-65),((77)-65),((234)-38),((115)-23),((303)-64),((206)-43),((181)-64),((101)-62),((283)-92),((117)-35),((47)-29),((141)-48),((140)-30),((121)-81),((287)-88),((190)-76),((102)-67),((297)-72),((177)-38),((70)-28),((299)-86),((233)-83)},{((118)-60),((284)-61),((246)-86),((72)-52),((238)-23),((142)-24),((151)-85),((285)-57),((147)-13),((82)-57),((345)-91),((220)-94),((119)-66),((271)-76),((133)-17),((146)-19),((122)-83),((204)-37),((92)-19),((272)-43),((201)-21),((94)-47),((287)-33),((215)-22),((101)-38),((90)-39),((287)-90),((155)-91),((319)-75),((216)-27),((185)-78),((101)-73),((126)-74),((266)-67),((57)-28),((225)-61),((165)-38),((45)-18),((130)-52),((122)-30),((62)-13),((245)-16),((158)-29),((232)-31),((51)-25),((152)-16),((96)-24),((155)-74),((177)-55),((90)-71),((267)-80),((219)-81),((93)-76)},{((236)-39),((129)-25),((53)-31),((307)-94),((226)-56),((89)-22),((288)-80),((213)-72),((137)-32),((185)-90),((224)-42),((129)-72),((338)-89),((232)-80),((176)-76),((18)-12),((186)-15),((154)-92),((95)-60),((202)-21),((111)-48),((275)-32),((289)-92),((180)-74),((264)-37),((237)-75),((175)-53),((37)-18),((217)-60),((167)-77),((123)-69),((74)-15),((200)-54),((118)-76),((262)-73),((161)-21),((290)-78),((300)-71),((173)-26),((134)-84),((234)-13),((202)-60),((118)-42),((243)-21),((176)-72),((73)-45),((322)-84),((191)-44),((94)-67),((284)-66),((263)-85),((160)-85),((268)-52)},{((160)-29),((132)-37),((191)-91),((217)-30),((140)-24),((291)-64),((190)-54),((112)-46),((70)-50),((293)-89),((159)-65),((329)-94),((221)-62),((210)-97),((92)-70),((225)-82),((109)-51),((153)-84),((259)-92),((175)-42),((59)-17),((293)-71),((236)-92),((193)-95),((74)-22),((248)-40),((193)-73),((260)-17),((252)-55),((175)-90),((240)-51),((207)-58),((124)-72),((308)-91),((84)-72),((109)-22),((42)-19),((215)-64),((156)-84),((64)-59),((213)-37),((175)-78),((145)-27),((213)-39),((106)-14),((314)-63),((238)-72),((117)-30),((106)-85),((63)-40),((197)-87),((36)-30),((233)-35)},{((242)-20),((95)-82),((276)-74),((174)-81),((276)-21),((292)-95),((169)-66),((289)-48),((268)-54),((194)-90),((325)-80),((200)-31),((169)-49),((64)-35),((199)-34),((214)-38),((59)-41),((300)-66),((176)-45),((41)-25),((299)-97),((248)-97),((122)-17),((92)-51),((265)-50),((176)-97),((52)-19),((211)-34),((136)-78),((261)-50),((208)-85),((170)-96),((277)-68),((84)-47),((161)-49),((98)-50),((231)-73),((92)-13),((100)-88),((242)-56),((166)-59),((212)-84),((268)-84),((153)-36),((34)-17),((274)-86),((148)-39),((138)-95),((67)-19),((155)-20),((107)-91),((295)-87),((275)-43)},{((104)-87),((206)-36),((102)-20),((59)-26),((229)-61),((168)-76),((158)-93),((237)-26),((105)-12),((102)-85),((239)-12),((162)-26),((96)-95),((249)-74),((164)-57),((126)-71),((221)-22),((133)-33),((144)-82),((326)-72),((200)-82),((175)-81),((335)-89),((215)-39),((188)-88),((101)-86),((200)-56),((118)-32),((298)-97),((177)-55),((75)-21),((88)-86),((210)-64),((171)-58),((144)-53),((271)-24),((192)-21),((129)-88),((138)-92),((180)-47),((129)-70),((229)-62),((183)-80),((347)-97),((232)-25),((117)-43),((96)-59),((274)-54),((211)-88),((277)-22),((303)-79),((63)-11),((131)-19)},{((271)-76),((146)-15),((87)-26),((320)-76),((181)-31),((253)-28),((129)-16),((128)-61),((187)-63),((261)-27),((262)-92),((61)-27),((42)-35),((216)-57),((122)-72),((282)-49),((228)-41),((183)-74),((99)-76),((193)-17),((52)-12),((280)-30),((210)-54),((196)-95),((99)-86),((270)-67),((89)-14),((51)-49),((192)-51),((142)-80),((138)-65),((259)-88),((143)-36),((49)-27),((272)-67),((221)-92),((69)-28),((21)-13),((326)-81),((131)-73),((240)-18),((218)-87),((115)-47),((253)-15),((174)-36),((43)-17),((253)-59),((177)-65),((95)-86),((52)-22),((39)-28),((126)-46),((242)-40)},{((203)-56),((115)-89),((43)-38),((270)-80),((104)-17),((250)-40),((236)-72),((141)-71),((36)-24),((244)-64),((113)-14),((132)-79),((29)-22),((204)-95),((83)-20),((191)-12),((164)-52),((259)-27),((306)-74),((91)-17),((49)-27),((246)-29),((196)-79),((58)-14),((192)-51),((137)-75),((93)-20),((243)-75),((187)-59),((318)-67),((148)-69),((209)-77),((121)-59),((317)-96),((230)-94),((123)-66),((316)-69),((282)-81),((172)-66),((188)-15),((151)-57),((169)-58),((215)-66),((145)-96),((312)-86),((190)-73),((265)-88),((276)-94),((51)-38),((160)-25),((133)-86),((249)-34),((122)-70)},{((190)-82),((267)-18),((253)-83),((253)-32),((270)-61),((181)-54),((145)-97),((89)-21),((270)-68),((177)-45),((339)-90),((259)-47),((209)-36),((245)-91),((300)-77),((155)-24),((96)-71),((308)-90),((167)-62),((65)-21),((187)-23),((134)-43),((131)-28),((163)-79),((164)-11),((55)-36),((312)-89),((128)-26),((105)-27),((46)-39),((195)-50),((95)-83),((259)-37),((219)-91),((122)-49),((329)-88),((242)-67),((192)-15),((56)-48),((308)-69),((119)-29),((285)-30),((176)-12),((119)-28),((188)-55),((200)-20),((124)-14),((297)-70),((111)-17),((130)-87),((233)-16),((235)-97),((214)-56)},{((163)-69),((32)-26),((176)-47),((182)-48),((262)-41),((153)-63),((86)-15),((259)-80),((52)-24),((57)-12),((285)-54),((139)-47),((245)-30),((259)-95),((178)-96),((21)-18),((91)-71),((208)-78),((89)-62),((254)-62),((131)-24),((124)-66),((299)-54),((325)-75),((90)-12),((272)-24),((228)-50),((88)-49),((241)-79),((197)-86),((45)-16),((275)-69),((262)-39),((144)-88),((43)-27),((238)-69),((69)-30),((293)-65),((215)-23),((236)-39),((118)-90),((206)-17),((186)-88),((58)-51),((211)-21),((263)-31),((85)-62),((254)-54),((210)-77),((101)-53),((247)-22),((252)-21),((45)-17)},{((264)-47),((218)-80),((204)-48),((198)-36),((167)-90),((284)-30),((51)-33),((221)-17),((108)-34),((156)-77),((248)-82),((126)-70),((284)-78),((177)-11),((93)-54),((192)-54),((214)-95),((114)-14),((244)-21),((136)-61),((173)-90),((307)-89),((185)-52),((135)-42),((44)-42),((59)-18),((106)-62),((250)-32),((169)-48),((162)-21),((90)-19),((245)-48),((186)-81),((40)-26),((256)-49),((196)-17),((119)-25),((93)-93),((232)-52),((125)-75),((262)-90),((134)-14),((288)-33),((250)-31),((169)-21),((116)-74),((197)-32),((187)-68),((38)-13),((239)-13),((215)-77),((136)-64),((165)-88)},{((182)-21),((105)-15),((232)-34),((179)-30),((91)-66),((259)-21),((154)-49),((93)-25),((270)-22),((204)-53),((102)-72),((330)-75),((107)-24),((90)-41),((344)-91),((212)-20),((122)-33),((108)-92),((228)-71),((86)-14),((293)-71),((231)-97),((301)-86),((256)-38),((212)-79),((141)-87),((128)-54),((31)-21),((199)-91),((71)-27),((184)-20),((206)-24),((233)-70),((325)-96),((154)-32),((69)-38),((295)-71),((195)-57),((98)-60),((281)-96),((191)-94),((83)-71),((243)-63),((287)-86),((273)-91),((283)-32),((147)-30),((112)-47),((253)-53),((191)-30),((131)-41),((263)-20),((191)-81)},{((104)-40),((303)-77),((261)-90),((96)-13),((66)-52),((95)-76),((193)-87),((140)-59),((225)-37),((148)-51),((316)-69),((191)-17),((250)-37),((284)-54),((273)-95),((196)-79),((45)-28),((266)-66),((108)-23),((26)-11),((241)-79),((103)-29),((229)-74),((199)-41),((164)-88),((251)-13),((63)-61),((219)-52),((135)-23),((111)-81),((209)-62),((159)-58),((66)-35),((181)-24),((176)-65),((112)-44),((228)-13),((215)-82),((65)-65),((241)-31),((180)-55),((106)-87),((203)-29),((112)-74),((282)-43),((256)-38),((171)-23),((331)-88),((201)-52),((252)-40),((212)-31),((242)-46),((236)-35)},{((98)-69),((192)-38),((168)-48),((329)-86),((122)-27),((102)-55),((303)-82),((176)-34),((208)-49),((87)-19),((102)-77),((261)-56),((62)-11),((45)-40),((206)-15),((111)-50),((340)-87),((235)-92),((110)-57),((54)-47),((217)-24),((146)-59),((310)-68),((171)-65),((86)-35),((74)-44),((227)-11),((78)-23),((310)-93),((52)-28),((308)-59),((329)-80),((317)-63),((114)-32),((319)-85),((192)-37),((152)-97),((100)-94),((200)-53),((163)-68),((78)-77),((130)-51),((80)-40),((239)-25),((146)-11),((157)-21),((49)-27),((288)-56),((214)-94),((57)-50),((259)-75),((192)-75),((115)-80)},{((274)-62),((251)-18),((89)-44),((311)-80),((182)-93),((296)-84),((302)-66),((266)-94),((30)-28),((263)-69),((128)-46),((120)-84),((314)-82),((298)-61),((81)-13),((261)-41),((233)-77),((73)-53),((295)-43),((163)-21),((105)-81),((270)-66),((161)-18),((97)-45),((225)-40),((181)-75),((128)-11),((82)-63),((228)-56),((123)-87),((321)-75),((182)-30),((156)-59),((91)-82),((265)-66),((224)-71),((138)-95),((237)-46),((211)-66),((308)-53),((232)-80),((129)-68),((328)-96),((236)-53),((213)-60),((93)-71),((222)-23),((222)-90),((84)-34),((295)-68),((305)-57),((103)-55),((263)-41)},{((162)-40),((108)-71),((230)-16),((214)-66),((71)-27),((250)-29),((136)-15),((90)-18),((270)-78),((168)-25),((117)-35),((263)-52),((252)-77),((101)-36),((244)-53),((155)-40),((90)-24),((275)-44),((149)-38),((78)-49),((277)-24),((205)-37),((101)-96),((80)-15),((253)-60),((170)-80),((252)-15),((260)-81),((121)-21),((257)-19),((215)-53),((182)-93),((169)-35),((169)-48),((204)-84),((88)-38),((236)-69),((58)-24),((146)-52),((218)-17),((218)-75),((49)-12),((182)-94),((196)-60),((237)-96),((239)-11),((154)-12),((135)-93),((269)-80),((142)-14),((96)-47),((229)-27),((144)-18)},{((149)-96),((137)-39),((181)-93),((139)-52),((27)-13),((194)-78),((316)-77),((129)-86),((181)-61),((121)-35),((234)-16),((99)-62),((163)-79),((52)-35),((190)-14),((158)-67),((81)-69),((197)-61),((147)-76),((69)-32),((232)-45),((174)-66),((85)-55),((63)-28),((194)-72),((258)-14),((210)-45),((186)-70),((121)-87),((208)-48),((148)-19),((285)-63),((252)-25),((215)-58),((98)-80),((137)-11),((254)-68),((36)-32),((308)-82),((177)-75),((233)-56),((312)-85),((243)-83),((135)-72),((297)-63),((166)-14),((100)-80),((66)-35),((175)-49),((44)-12),((266)-15),((212)-40),((111)-45)},{((60)-12),((43)-14),((143)-45),((139)-87),((262)-18),((188)-29),((43)-17),((286)-50),((258)-95),((150)-60),((301)-94),((223)-77),((115)-33),((30)-12),((238)-67),((98)-60),((315)-67),((224)-25),((181)-79),((258)-39),((193)-20),((173)-52),((124)-85),((172)-25),((156)-55),((325)-83),((294)-62),((68)-36),((270)-88),((205)-60),((96)-36),((301)-49),((118)-62),((137)-63),((98)-95),((199)-82),((244)-31),((51)-49),((182)-55),((88)-34),((26)-18),((224)-56),((117)-80),((338)-85),((207)-48),((114)-46),((279)-64),((285)-97),((140)-53),((102)-85),((277)-82),((187)-78),((72)-63)},{((195)-51),((183)-55),((120)-94),((266)-67),((156)-60),((111)-67),((278)-71),((165)-89),((56)-23),((242)-26),((145)-17),((102)-49),((254)-28),((164)-41),((106)-35),((278)-44),((124)-21),((99)-54),((129)-57),((193)-40),((118)-53),((67)-51),((174)-72),((77)-15),((260)-75),((36)-23),((116)-50),((282)-27),((236)-78),((164)-94),((335)-88),((229)-24),((169)-89),((41)-31),((165)-38),((171)-81),((61)-49),((53)-39),((188)-87),((287)-67),((204)-18),((127)-65),((183)-46),((253)-66),((212)-92),((50)-30),((207)-16),((173)-76),((52)-21),((237)-60),((124)-62),((278)-36),((213)-17)},{((152)-50),((252)-14),((158)-84),((84)-68),((250)-51),((119)-41),((103)-20),((265)-41),((182)-76),((70)-43),((245)-71),((265)-31),((292)-53),((162)-92),((261)-66),((155)-48),((88)-69),((179)-70),((180)-15),((95)-30),((309)-67),((53)-16),((165)-26),((287)-80),((206)-60),((137)-52),((243)-17),((175)-94),((161)-78),((27)-11),((222)-47),((154)-64),((66)-55),((173)-41),((176)-33),((59)-29),((303)-87),((104)-27),((43)-18),((297)-52),((268)-42),((133)-97),((274)-28),((251)-63),((133)-36),((290)-70),((247)-73),((203)-81),((108)-83),((159)-14),((149)-50),((125)-90),((276)-49)},{((139)-30),((280)-48),((248)-62),((195)-52),((62)-28),((172)-15),((138)-27),((143)-84),((290)-57),((117)-32),((55)-16),((263)-80),((238)-50),((325)-84),((218)-83),((128)-45),((329)-75),((273)-83),((299)-49),((73)-58),((257)-57),((109)-54),((240)-89),((277)-81),((80)-15),((117)-92),((206)-19),((169)-73),((172)-25),((227)-23),((158)-42),((108)-38),((198)-42),((205)-89),((300)-61),((135)-68),((213)-93),((145)-95),((299)-90),((177)-53),((142)-97),((14)-11),((167)-18),((121)-42),((240)-59),((154)-13),((103)-40),((151)-83),((182)-27),((108)-84),((287)-68),((177)-16),((83)-37)},{((185)-31),((197)-41),((152)-63),((286)-38),((222)-59),((103)-19),((79)-76),((182)-33),((88)-54),((246)-35),((183)-18),((90)-16),((292)-82),((186)-58),((202)-63),((282)-45),((197)-36),((155)-88),((315)-83),((219)-66),((203)-74),((86)-18),((297)-68),((85)-27),((118)-40),((238)-29),((137)-28),((81)-81),((230)-62),((109)-23),((336)-82),((39)-20),((75)-75),((127)-61),((90)-19),((171)-28),((148)-30),((311)-86),((197)-63),((110)-67),((297)-71),((36)-27),((61)-32),((240)-31),((132)-23),((150)-87),((191)-62),((136)-25),((45)-13),((87)-38),((85)-31),((252)-21),((188)-75)},{((66)-17),((46)-13),((195)-66),((185)-96),((267)-16),((222)-65),((59)-11),((137)-20),((186)-64),((258)-49),((150)-72),((13)-11),((180)-37),((146)-52),((238)-78),((203)-61),((154)-91),((113)-30),((77)-61),((228)-89),((155)-11),((312)-84),((230)-73),((95)-86),((312)-96),((126)-19),((77)-13),((213)-41),((208)-73),((75)-16),((285)-67),((184)-87),((97)-31),((200)-50),((173)-57),((85)-21),((16)-13),((243)-87),((147)-64),((318)-94),((243)-89),((89)-56),((278)-77),((67)-41),((84)-55),((291)-88),((246)-23),((165)-33),((135)-58),((270)-22),((190)-75),((123)-54),((271)-16)},{((156)-31),((148)-72),((71)-59),((245)-77),((126)-91),((336)-91),((261)-86),((150)-81),((279)-55),((133)-48),((63)-33),((79)-67),((228)-30),((119)-82),((264)-65),((22)-16),((305)-74),((320)-77),((329)-96),((146)-82),((215)-26),((233)-63),((122)-85),((227)-82),((120)-23),((72)-57),((73)-38),((245)-45),((189)-50),((98)-89),((242)-23),((197)-33),((108)-47),((244)-21),((127)-34),((97)-50),((294)-61),((184)-81),((86)-29),((57)-55),((189)-34),((123)-47),((288)-62),((222)-97),((315)-70),((255)-65),((189)-17),((149)-62),((259)-77),((119)-34),((198)-50),((198)-81),((190)-58)},{((166)-29),((265)-41),((212)-92),((62)-21),((273)-76),((216)-71),((69)-39),((252)-18),((218)-78),((303)-97),((247)-80),((107)-19),((142)-34),((53)-39),((255)-31),((162)-41),((81)-36),((231)-60),((208)-83),((145)-75),((276)-53),((200)-56),((111)-73),((228)-35),((116)-74),((297)-54),((296)-71),((225)-70),((90)-81),((196)-25),((136)-32),((321)-94),((187)-36),((102)-78),((112)-76),((52)-11),((197)-69),((125)-86),((275)-80),((144)-61),((104)-85),((195)-95),((191)-71),((77)-48),((251)-69),((123)-41),((114)-81),((156)-84),((158)-80),((268)-13),((14)-14),((220)-63),((165)-54)},{((334)-79),((169)-48),((92)-74),((255)-72),((134)-36),((225)-16),((233)-31),((209)-83),((80)-54),((265)-32),((123)-80),((164)-64),((114)-78),((232)-95),((104)-31),((246)-44),((220)-64),((85)-55),((63)-22),((180)-41),((122)-47),((55)-50),((229)-41),((146)-34),((88)-61),((263)-16),((297)-69),((79)-38),((321)-70),((294)-95),((151)-64),((280)-70),((194)-30),((273)-23),((220)-46),((149)-66),((259)-11),((260)-91),((251)-82),((59)-48),((231)-16),((175)-24),((127)-76),((316)-82),((109)-13),((138)-46),((101)-70),((178)-21),((157)-46),((280)-35),((234)-71),((109)-43),((292)-58)},{((156)-19),((195)-61),((197)-82),((237)-53),((155)-17),((103)-32),((274)-26),((110)-16),((73)-25),((289)-49),((201)-40),((95)-73),((315)-83),((221)-62),((148)-65),((244)-41),((245)-88),((131)-38),((34)-23),((146)-15),((173)-88),((192)-39),((128)-15),((254)-18),((149)-85),((179)-62),((90)-40),((271)-62),((207)-83),((95)-53),((14)-14),((163)-62),((57)-14),((217)-36),((230)-80),((109)-77),((276)-39),((332)-93),((104)-34),((256)-61),((156)-37),((78)-50),((223)-30),((178)-64),((156)-66),((271)-35),((185)-67),((70)-28),((296)-44),((218)-57),((89)-48),((280)-80),((275)-64)},{((92)-39),((321)-79),((209)-37),((172)-73),((106)-83),((268)-74),((179)-18),((168)-26),((233)-22),((217)-55),((127)-29),((33)-20),((178)-42),((146)-71),((226)-65),((132)-11),((275)-31),((106)-37),((174)-52),((145)-90),((266)-52),((174)-45),((90)-40),((68)-60),((155)-49),((128)-77),((323)-77),((202)-71),((123)-65),((215)-39),((276)-89),((152)-90),((330)-79),((187)-36),((94)-28),((298)-55),((210)-33),((147)-16),((67)-31),((165)-44),((176)-35),((104)-33),((234)-55),((272)-88),((58)-43),((185)-24),((84)-26),((77)-44),((251)-89),((57)-52),((289)-50),((252)-32),((133)-46)},{((238)-43),((268)-62),((174)-89),((91)-91),((251)-50),((156)-49),((229)-83),((197)-48),((112)-42),((160)-70),((235)-59),((156)-20),((64)-61),((259)-79),((227)-32),((237)-61),((292)-47),((261)-11),((100)-19),((114)-73),((177)-29),((76)-22),((298)-79),((204)-58),((232)-44),((284)-79),((245)-92),((185)-93),((261)-13),((250)-78),((100)-43),((335)-92),((214)-77),((121)-87),((170)-55),((153)-35),((84)-45),((93)-37),((253)-32),((198)-32),((112)-25),((323)-68),((147)-25),((166)-90),((92)-86),((220)-88),((180)-97),((30)-17),((277)-84),((141)-45),((233)-17),((264)-94),((166)-66)},{((303)-53),((185)-39),((86)-76),((240)-29),((220)-27),((205)-82),((291)-73),((171)-47),((251)-64),((210)-57),((180)-27),((219)-61),((315)-70),((156)-42),((175)-80),((233)-15),((165)-95),((101)-82),((219)-23),((271)-55),((136)-11),((130)-66),((233)-43),((210)-66),((121)-32),((304)-80),((220)-72),((67)-49),((300)-72),((211)-53),((108)-80),((280)-42),((225)-42),((173)-96),((55)-54),((166)-15),((121)-71),((234)-64),((162)-47),((137)-40),((49)-37),((131)-24),((47)-37),((155)-82),((58)-16),((143)-86),((104)-42),((171)-22),((64)-19),((310)-88),((153)-34),((101)-31),((273)-62)},{((243)-84),((107)-57),((218)-87),((140)-48),((98)-85),((108)-78),((276)-81),((212)-63),((65)-19),((318)-92),((193)-97),((121)-71),((308)-57),((220)-75),((114)-45),((313)-94),((135)-32),((275)-52),((190)-22),((233)-83),((172)-92),((198)-11),((156)-60),((123)-94),((181)-29),((140)-64),((224)-19),((309)-92),((276)-54),((74)-24),((237)-17),((196)-91),((81)-73),((258)-58),((72)-47),((64)-19),((223)-13),((143)-36),((89)-82),((250)-36),((287)-34),((88)-85),((222)-42),((275)-94),((132)-50),((125)-89),((216)-54),((97)-72),((271)-48),((120)-15),((127)-53),((169)-53),((252)-70)},{((132)-14),((244)-28),((248)-96),((109)-69),((307)-57),((218)-25),((237)-39),((75)-61),((215)-79),((172)-79),((309)-93),((85)-41),((165)-68),((49)-19),((234)-45),((167)-63),((57)-32),((262)-50),((198)-96),((304)-61),((208)-41),((159)-38),((112)-97),((196)-45),((110)-41),((144)-67),((275)-76),((193)-88),((85)-77),((331)-97),((213)-25),((170)-77),((90)-75),((247)-37),((181)-53),((287)-36),((223)-18),((176)-56),((68)-54),((247)-78),((78)-45),((287)-53),((296)-83),((95)-31),((291)-65),((60)-27),((34)-32),((105)-88),((119)-97),((151)-42),((54)-37),((250)-53),((104)-40)},{((275)-52),((224)-92),((70)-65),((94)-75),((198)-44),((165)-69),((86)-60),((238)-47),((244)-11),((138)-75),((251)-31),((239)-65),((85)-23),((279)-77),((109)-28),((50)-24),((277)-65),((161)-40),((236)-73),((117)-18),((107)-54),((157)-86),((42)-35),((188)-80),((113)-69),((282)-94),((173)-31),((96)-77),((38)-23),((223)-77),((155)-79),((323)-88),((222)-72),((134)-63),((94)-89),((279)-64),((139)-19),((248)-43),((314)-92),((162)-52),((85)-57),((261)-65),((214)-13),((48)-31),((273)-86),((150)-33),((245)-14),((134)-36),((80)-33),((314)-90),((304)-60),((140)-63),((124)-87)},{((278)-88),((114)-42),((93)-88),((274)-49),((292)-62),((68)-22),((301)-91),((156)-37),((66)-38),((298)-90),((284)-34),((118)-77),((235)-17),((176)-25),((127)-58),((300)-54),((96)-85),((93)-32),((270)-20),((193)-37),((231)-57),((269)-89),((123)-22),((196)-75),((119)-68),((207)-33),((216)-37),((71)-61),((252)-96),((126)-73),((118)-90),((254)-97),((69)-69),((332)-95),((213)-13),((115)-48),((219)-44),((209)-23),((143)-78),((284)-48),((255)-59),((136)-31),((232)-91),((220)-76),((76)-11),((157)-72),((81)-54),((272)-89),((158)-51),((314)-96),((278)-58),((140)-89),((255)-19)},{((105)-17),((50)-11),((272)-86),((221)-78),((31)-21),((242)-16),((166)-13),((137)-81),((241)-50),((187)-27),((280)-36),((226)-31),((227)-84),((120)-41),((255)-20),((178)-16),((84)-37),((270)-37),((172)-45),((67)-28),((173)-53),((188)-68),((97)-56),((127)-66),((257)-31),((230)-65),((93)-73),((291)-61),((247)-87),((96)-66),((254)-17),((229)-62),((98)-37),((72)-15),((274)-28),((254)-57),((232)-36),((211)-91),((132)-88),((228)-46),((255)-82),((169)-63),((288)-75),((148)-26),((100)-69),((245)-31),((264)-11),((157)-91),((124)-53),((214)-56),((175)-42),((267)-27),((209)-60)},{((101)-43),((302)-64),((76)-67),((99)-73),((320)-90),((229)-60),((163)-94),((285)-33),((164)-27),((109)-45),((305)-91),((220)-94),((237)-30),((248)-38),((147)-16),((207)-56),((141)-81),((334)-97),((141)-34),((96)-35),((309)-59),((180)-63),((162)-91),((62)-61),((138)-11),((157)-76),((28)-17),((173)-15),((124)-67),((212)-35),((140)-18),((188)-84),((57)-38),((126)-12),((85)-68),((146)-66),((146)-97),((149)-85),((165)-96),((190)-34),((36)-11),((52)-46),((181)-55),((291)-57),((239)-53),((202)-95),((157)-64),((318)-68),((243)-39),((174)-82),((257)-22),((248)-92),((158)-69)},{((24)-17),((196)-12),((225)-20),((78)-61),((267)-64),((78)-17),((270)-86),((281)-73),((177)-48),((248)-18),((224)-58),((121)-67),((27)-19),((244)-40),((265)-56),((99)-59),((285)-96),((131)-36),((338)-84),((289)-65),((144)-30),((289)-34),((249)-73),((187)-72),((38)-14),((180)-20),((167)-89),((158)-69),((316)-87),((178)-85),((164)-93),((263)-42),((184)-84),((78)-54),((343)-90),((285)-78),((137)-25),((226)-29),((295)-96),((70)-38),((263)-15),((231)-86),((68)-38),((294)-75),((208)-25),((262)-74),((74)-58),((155)-14),((163)-83),((308)-84),((253)-90),((181)-70),((303)-63)},{((129)-28),((104)-63),((308)-90),((334)-96),((220)-52),((139)-50),((270)-58),((272)-55),((114)-66),((276)-49),((180)-92),((75)-72),((230)-23),((101)-87),((318)-94),((236)-81),((116)-40),((182)-86),((117)-94),((170)-21),((206)-52),((271)-30),((200)-69),((53)-25),((75)-72),((217)-85),((257)-29),((270)-61),((281)-91),((70)-28),((198)-48),((215)-54),((100)-60),((244)-33),((199)-31),((153)-76),((202)-86),((168)-49),((63)-23),((116)-56),((275)-26),((168)-52),((178)-60),((223)-18),((184)-65),((264)-37),((193)-15),((126)-57),((119)-93),((242)-93),((145)-36),((97)-61),((280)-85)},{((118)-44),((118)-75),((168)-41),((126)-33),((87)-46),((290)-72),((166)-48),((124)-79),((249)-63),((138)-22),((53)-43),((254)-76),((27)-24),((74)-71),((231)-51),((265)-65),((206)-97),((74)-26),((221)-47),((213)-85),((114)-68),((256)-87),((156)-36),((127)-77),((245)-69),((177)-47),((76)-13),((301)-91),((153)-44),((247)-18),((182)-11),((222)-69),((159)-76),((211)-33),((177)-93),((172)-40),((137)-36),((195)-79),((188)-70),((286)-81),((164)-90),((109)-54),((248)-70),((121)-91),((273)-35),((194)-35),((227)-70),((96)-38),((39)-27),((171)-15),((57)-53),((281)-79),((137)-53)},{((73)-20),((142)-50),((169)-11),((129)-35),((229)-34),((178)-47),((42)-23),((286)-57),((208)-36),((235)-61),((70)-65),((188)-25),((108)-27),((303)-63),((198)-43),((135)-59),((69)-59),((193)-37),((62)-24),((238)-20),((233)-61),((103)-22),((290)-73),((175)-40),((198)-52),((28)-13),((250)-61),((247)-34),((273)-37),((228)-32),((134)-32),((49)-38),((226)-68),((193)-62),((133)-51),((269)-26),((114)-42),((158)-66),((128)-88),((229)-81),((198)-45),((264)-39),((232)-84),((58)-49),((210)-30),((204)-76),((211)-20),((192)-32),((136)-45),((94)-82),((105)-76),((171)-56),((110)-74)},{((268)-13),((229)-53),((139)-69),((124)-84),((79)-58),((151)-64),((178)-86),((263)-84),((183)-29),((20)-15),((235)-65),((98)-19),((30)-24),((68)-20),((146)-81),((333)-88),((228)-83),((194)-95),((191)-41),((170)-38),((91)-38),((153)-80),((151)-61),((32)-21),((237)-88),((154)-69),((151)-82),((222)-57),((151)-26),((76)-45),((290)-97),((141)-57),((186)-48),((207)-64),((298)-68),((160)-61),((76)-53),((228)-49),((154)-24),((275)-79),((271)-93),((161)-62),((154)-35),((146)-94),((227)-52),((197)-17),((81)-73),((218)-40),((91)-61),((249)-12),((141)-13),((155)-70),((271)-63)},{((183)-12),((187)-92),((306)-52),((202)-69),((118)-16),((241)-55),((177)-25),((115)-15),((64)-25),((253)-73),((192)-88),((308)-63),((235)-60),((161)-92),((309)-72),((153)-91),((149)-84),((289)-47),((25)-22),((262)-94),((125)-12),((64)-36),((214)-63),((201)-96),((111)-91),((237)-91),((124)-27),((74)-41),((244)-40),((142)-71),((67)-42),((239)-28),((132)-27),((97)-93),((168)-47),((84)-18),((143)-95),((260)-26),((78)-20),((250)-30),((38)-11),((306)-54),((33)-25),((101)-88),((189)-89),((288)-63),((269)-63),((150)-77),((214)-33),((223)-90),((82)-31),((164)-93),((318)-82)},{((247)-87),((59)-29),((325)-85),((281)-96),((168)-86),((70)-64),((164)-35),((120)-37),((102)-89),((210)-71),((142)-49),((72)-34),((244)-53),((197)-82),((21)-15),((197)-51),((84)-74),((230)-19),((269)-76),((200)-77),((293)-75),((169)-45),((242)-58),((244)-91),((214)-46),((241)-68),((72)-68),((187)-31),((116)-39),((291)-58),((257)-91),((102)-51),((305)-50),((241)-80),((279)-37),((275)-72),((178)-54),((191)-47),((137)-87),((56)-52),((229)-72),((125)-44),((291)-84),((223)-62),((133)-42),((330)-86),((202)-37),((113)-54),((253)-39),((125)-47),((37)-14),((99)-94),((204)-13)},{((100)-55),((259)-52),((204)-64),((26)-19),((243)-56),((111)-51),((109)-52),((112)-50),((202)-53),((152)-89),((306)-90),((163)-44),((66)-11),((213)-77),((230)-74),((157)-92),((262)-44),((210)-89),((103)-34),((146)-38),((177)-63),((69)-49),((115)-94),((202)-24),((171)-39),((46)-26),((251)-94),((81)-27),((249)-30),((160)-26),((256)-11),((260)-22),((219)-57),((155)-93),((93)-80),((100)-21),((186)-65),((87)-30),((233)-75),((137)-43),((324)-86),((206)-14),((218)-86),((206)-69),((267)-43),((197)-77),((102)-61),((218)-39),((116)-97),((95)-74),((298)-64),((209)-84),((72)-38)},{((256)-75),((240)-86),((114)-70),((211)-26),((129)-20),((122)-59),((281)-56),((189)-84),((73)-50),((120)-86),((229)-70),((166)-71),((136)-32),((140)-13),((146)-62),((308)-62),((228)-73),((81)-35),((101)-82),((261)-32),((197)-63),((68)-12),((59)-46),((208)-90),((150)-78),((26)-24),((236)-84),((67)-31),((229)-73),((120)-19),((135)-55),((282)-95),((169)-76),((230)-74),((170)-45),((205)-65),((160)-15),((272)-40),((196)-56),((103)-39),((287)-85),((158)-53),((313)-58),((166)-38),((223)-81),((83)-62),((286)-67),((202)-53),((122)-64),((123)-23),((260)-74),((153)-66),((132)-91)},{((229)-44),((183)-96),((260)-41),((255)-91),((130)-51),((258)-14),((74)-44),((279)-57),((200)-24),((246)-49),((225)-95),((300)-69),((255)-88),((85)-30),((60)-51),((174)-32),((203)-50),((114)-74),((235)-57),((80)-11),((63)-31),((214)-26),((150)-41),((315)-68),((272)-52),((215)-41),((166)-90),((203)-42),((244)-63),((151)-25),((265)-28),((303)-61),((95)-22),((331)-91),((109)-11),((32)-19),((312)-95),((80)-56),((274)-25),((195)-15),((172)-71),((175)-54),((69)-63),((232)-52),((143)-51),((176)-79),((221)-37),((134)-36),((92)-79),((150)-20),((274)-21),((247)-48),((214)-94)},{((224)-84),((247)-18),((251)-62),((100)-14),((272)-45),((205)-45),((165)-44),((168)-42),((272)-59),((161)-40),((55)-40),((193)-13),((137)-30),((195)-46),((284)-91),((147)-33),((59)-12),((254)-33),((229)-87),((205)-42),((308)-92),((239)-90),((159)-92),((106)-21),((126)-50),((330)-77),((89)-72),((266)-63),((170)-97),((152)-74),((211)-49),((146)-94),((216)-11),((192)-12),((144)-91),((202)-50),((151)-18),((178)-64),((324)-90),((116)-45),((146)-64),((307)-90),((201)-69),((169)-77),((46)-45),((52)-12),((54)-11),((264)-47),((294)-57),((194)-24),((48)-11),((104)-62),((158)-29)},{((129)-71),((172)-21),((124)-25),((334)-88),((293)-90),((101)-31),((104)-71),((296)-80),((130)-11),((340)-86),((280)-60),((60)-12),((105)-91),((236)-18),((172)-15),((146)-89),((241)-16),((123)-13),((56)-19),((271)-84),((160)-61),((237)-57),((280)-97),((121)-17),((169)-45),((221)-11),((215)-48),((57)-23),((248)-34),((320)-91),((274)-79),((80)-72),((36)-23),((116)-16),((84)-12),((202)-23),((133)-45),((267)-14),((208)-28),((312)-90),((259)-20),((227)-40),((162)-39),((79)-56),((241)-35),((104)-28),((50)-44),((181)-25),((102)-34),((190)-41),((223)-71),((110)-40),((128)-38)},{((325)-70),((254)-42),((151)-33),((286)-48),((274)-82),((178)-56),((303)-58),((221)-37),((148)-16),((81)-43),((180)-22),((175)-63),((126)-84),((222)-30),((137)-49),((247)-39),((198)-45),((224)-89),((89)-24),((257)-97),((154)-88),((178)-49),((100)-20),((174)-79),((188)-88),((227)-40),((136)-80),((49)-12),((239)-79),((89)-77),((275)-58),((213)-75),((252)-94),((131)-64),((23)-11),((198)-15),((82)-32),((278)-33),((209)-37),((102)-60),((285)-33),((232)-44),((193)-90),((73)-64),((218)-74),((167)-69),((101)-70),((235)-60),((123)-49),((217)-23),((175)-36),((188)-82),((72)-36)},{((195)-64),((127)-90),((143)-46),((139)-73),((137)-56),((103)-17),((221)-48),((165)-96),((324)-78),((195)-49),((160)-66),((260)-25),((272)-89),((147)-73),((177)-22),((142)-26),((97)-60),((84)-27),((287)-68),((188)-30),((101)-73),((308)-70),((234)-63),((128)-66),((308)-91),((110)-29),((48)-25),((56)-51),((238)-62),((67)-37),((233)-38),((175)-47),((290)-39),((246)-71),((129)-84),((85)-28),((73)-11),((213)-64),((152)-89),((306)-87),((164)-42),((97)-39),((166)-27),((153)-12),((64)-14),((295)-92),((170)-64),((84)-27),((138)-42),((167)-65),((47)-24),((109)-69),((203)-19)},{((154)-80),((288)-37),((229)-45),((179)-77),((81)-73),((121)-92),((102)-53),((86)-77),((191)-20),((154)-74),((170)-39),((242)-36),((161)-43),((147)-24),((290)-83),((145)-69),((108)-90),((179)-23),((53)-36),((290)-65),((207)-61),((158)-11),((72)-27),((277)-22),((180)-37),((74)-41),((229)-19),((190)-47),((136)-75),((294)-56),((83)-83),((109)-41),((271)-17),((184)-69),((262)-39),((315)-68),((224)-41),((44)-16),((240)-20),((176)-71),((77)-18),((41)-39),((73)-66),((172)-78),((271)-25),((238)-56),((267)-61),((285)-59),((225)-39),((149)-72),((325)-83),((200)-67),((147)-41)},{((335)-83),((170)-33),((105)-47),((108)-96),((214)-37),((73)-16),((301)-70),((315)-73),((250)-54),((142)-22),((34)-14),((202)-77),((104)-25),((71)-47),((204)-15),((147)-37),((246)-19),((252)-71),((158)-92),((253)-41),((74)-16),((120)-39),((254)-26),((100)-26),((213)-22),((277)-81),((15)-15),((45)-13),((125)-90),((141)-20),((65)-26),((116)-74),((145)-23),((158)-76),((313)-66),((164)-38),((145)-53),((307)-71),((158)-19),((159)-44),((101)-89),((319)-97),((168)-58),((308)-85),((249)-66),((128)-36),((271)-41),((242)-46),((129)-45),((177)-30),((273)-54),((185)-57),((166)-84)},{((91)-55),((270)-69),((124)-32),((275)-36),((179)-68),((84)-52),((288)-70),((177)-41),((105)-48),((104)-26),((167)-48),((109)-63),((272)-67),((195)-63),((139)-64),((159)-79),((186)-34),((61)-43),((279)-45),((205)-62),((46)-21),((335)-88),((148)-16),((130)-95),((21)-16),((224)-73),((72)-36),((304)-88),((235)-65),((158)-79),((268)-56),((133)-18),((108)-61),((268)-17),((162)-20),((90)-47),((88)-83),((253)-56),((136)-75),((70)-36),((282)-96),((133)-17),((73)-30),((262)-48),((109)-22),((114)-70),((182)-38),((106)-44),((102)-29),((236)-68),((101)-12),((73)-21),((292)-63)},{((174)-51),((172)-64),((116)-30),((241)-86),((182)-73),((84)-42),((237)-21),((179)-96),((102)-80),((263)-46),((184)-58),((342)-93),((252)-49),((216)-65),((93)-42),((321)-93),((131)-36),((93)-44),((247)-12),((202)-46),((105)-85),((318)-88),((225)-47),((123)-51),((218)-29),((199)-56),((319)-90),((191)-23),((193)-83),((270)-19),((255)-53),((147)-81),((87)-46),((302)-93),((192)-58),((141)-56),((240)-39),((149)-27),((289)-47),((316)-74),((214)-82),((77)-15),((212)-33),((215)-76),((303)-55),((240)-71),((246)-66),((150)-83),((302)-49),((191)-77),((115)-38),((61)-23),((73)-69)},{((136)-63),((101)-74),((271)-52),((160)-26),((52)-51),((273)-62),((218)-68),((81)-22),((219)-37),((168)-32),((97)-13),((269)-29),((253)-92),((99)-71),((285)-65),((248)-80),((110)-90),((267)-37),((237)-59),((147)-60),((260)-56),((227)-69),((293)-49),((209)-26),((161)-36),((65)-55),((287)-70),((211)-72),((147)-54),((242)-48),((184)-54),((308)-61),((325)-78),((184)-47),((93)-26),((224)-40),((224)-77),((41)-41),((266)-89),((258)-73),((296)-49),((330)-84),((132)-19),((56)-34),((262)-27),((207)-44),((140)-23),((179)-15),((178)-12),((86)-53),((245)-32),((258)-88),((152)-54)},{((117)-65),((237)-51),((98)-15),((311)-81),((168)-26),((93)-48),((281)-68),((288)-54),((281)-66),((68)-40),((264)-29),((235)-64),((165)-79),((252)-43),((239)-76),((172)-76),((29)-15),((175)-38),((130)-42),((280)-76),((216)-91),((325)-80),((265)-20),((196)-79),((54)-16),((231)-55),((191)-79),((337)-86),((220)-48),((263)-80),((95)-70),((271)-54),((240)-93),((88)-14),((294)-40),((188)-37),((205)-87),((157)-58),((211)-43),((183)-61),((142)-66),((201)-23),((165)-33),((292)-47),((216)-35),((134)-89),((56)-11),((238)-95),((179)-88),((78)-63),((232)-61),((166)-71),((282)-72)},{((228)-97),((210)-68),((58)-29),((231)-64),((103)-21),((96)-90),((239)-35),((174)-42),((150)-64),((296)-49),((139)-66),((286)-51),((308)-53),((170)-27),((108)-50),((254)-28),((254)-23),((83)-21),((250)-18),((224)-62),((114)-91),((168)-22),((125)-30),((48)-38),((261)-74),((277)-70),((71)-46),((258)-17),((228)-90),((62)-39),((305)-93),((229)-56),((199)-21),((93)-84),((246)-73),((94)-12),((295)-48),((203)-29),((253)-37),((18)-14),((237)-56),((196)-97),((77)-60),((265)-71),((296)-81),((64)-52),((293)-92),((158)-39),((162)-25),((214)-71),((147)-86),((319)-81),((54)-52)},{((219)-31),((151)-93),((58)-13),((174)-42),((55)-33),((187)-12),((212)-62),((35)-12),((215)-93),((170)-67),((136)-55),((263)-59),((113)-57),((118)-51),((274)-72),((152)-35),((149)-72),((288)-61),((27)-20),((36)-26),((255)-71),((186)-81),((183)-58),((250)-39),((236)-65),((117)-79),((242)-24),((267)-37),((226)-15),((79)-55),((118)-89),((134)-18),((93)-17),((252)-69),((144)-52),((274)-20),((213)-32),((279)-56),((290)-50),((231)-43),((161)-34),((124)-97),((300)-90),((116)-24),((38)-16),((237)-65),((169)-85),((184)-34),((171)-18),((155)-84),((299)-51),((105)-96),((196)-22)},{((155)-42),((112)-69),((252)-95),((148)-37),((86)-45),((225)-58),((174)-56),((110)-41),((308)-74),((195)-67),((271)-20),((232)-27),((217)-82),((55)-26),((229)-48),((61)-16),((306)-60),((266)-38),((229)-71),((338)-85),((231)-72),((264)-42),((228)-37),((215)-27),((204)-11),((78)-54),((175)-26),((203)-73),((292)-39),((196)-91),((133)-76),((323)-95),((223)-74),((263)-94),((92)-14),((316)-80),((178)-35),((117)-20),((92)-80),((211)-76),((180)-91),((110)-91),((253)-54),((116)-53),((87)-70),((283)-80),((127)-30),((266)-17),((157)-44),((91)-33),((94)-54),((282)-56),((113)-48)},{((244)-32),((61)-42),((266)-25),((93)-93),((81)-76),((178)-86),((273)-29),((207)-42),((150)-85),((97)-81),((215)-61),((177)-75),((101)-93),((158)-69),((145)-95),((235)-26),((219)-89),((161)-11),((81)-43),((266)-85),((119)-17),((114)-79),((234)-25),((202)-72),((186)-35),((265)-46),((199)-50),((27)-20),((157)-27),((170)-31),((71)-20),((113)-57),((188)-45),((109)-97),((268)-58),((163)-74),((234)-28),((235)-62),((167)-76),((66)-54),((67)-54),((199)-29),((157)-33),((29)-20),((199)-59),((130)-69),((345)-95),((210)-42),((124)-35),((203)-93),((213)-35),((147)-42),((261)-39)},{((148)-59),((126)-13),((68)-19),((180)-30),((156)-70),((310)-80),((224)-58),((193)-84),((130)-16),((224)-23),((147)-50),((121)-88),((183)-30),((169)-40),((89)-70),((243)-86),((125)-44),((61)-26),((249)-49),((136)-59),((348)-94),((284)-34),((92)-36),((137)-85),((272)-97),((191)-92),((94)-38),((299)-59),((273)-79),((320)-76),((341)-95),((140)-30),((94)-60),((280)-33),((246)-71),((131)-17),((276)-73),((193)-51),((174)-90),((266)-44),((201)-28),((64)-27),((102)-90),((191)-11),((200)-95),((125)-66),((187)-39),((151)-67),((57)-31),((247)-80),((172)-69),((96)-71),((298)-63)},{((211)-83),((147)-88),((244)-60),((153)-48),((134)-96),((235)-23),((216)-83),((195)-41),((211)-16),((217)-95),((64)-39),((222)-17),((175)-39),((69)-37),((244)-35),((147)-38),((81)-21),((280)-97),((178)-44),((114)-44),((280)-81),((204)-41),((144)-91),((270)-76),((139)-21),((148)-76),((273)-36),((173)-74),((88)-71),((76)-48),((290)-67),((158)-65),((87)-40),((216)-80),((133)-61),((290)-35),((257)-75),((197)-91),((108)-87),((318)-74),((294)-69),((54)-31),((257)-24),((174)-11),((54)-24),((308)-68),((218)-27),((158)-58),((82)-73),((171)-39),((155)-69),((122)-85),((273)-74)},{((132)-24),((308)-77),((247)-62),((171)-71),((117)-93),((241)-97),((184)-89),((251)-22),((124)-13),((96)-70),((222)-16),((215)-64),((126)-23),((279)-75),((186)-40),((54)-29),((286)-36),((148)-16),((112)-97),((224)-35),((289)-89),((170)-83),((239)-14),((163)-26),((121)-60),((201)-35),((265)-33),((164)-60),((80)-76),((226)-75),((189)-96),((84)-73),((253)-89),((88)-15),((38)-38),((73)-28),((58)-26),((60)-26),((243)-23),((89)-11),((257)-56),((59)-54),((138)-26),((87)-33),((254)-47),((32)-30),((130)-65),((68)-52),((183)-66),((92)-45),((194)-24),((177)-23),((134)-25)},{((163)-73),((241)-82),((182)-72),((64)-21),((263)-46),((158)-74),((59)-21),((268)-32),((231)-86),((277)-24),((264)-57),((233)-78),((139)-63),((235)-57),((167)-35),((103)-23),((254)-12),((234)-77),((64)-40),((267)-36),((258)-97),((173)-70),((262)-57),((218)-59),((123)-91),((186)-38),((99)-30),((87)-64),((181)-11),((154)-30),((44)-14),((209)-41),((204)-79),((99)-46),((252)-14),((137)-44),((258)-69),((314)-74),((175)-23),((184)-93),((279)-54),((189)-82),((50)-28),((221)-22),((193)-49),((174)-78),((301)-59),((200)-28),((55)-22),((321)-69),((219)-45),((202)-26),((21)-14)},{((167)-35),((118)-35),((257)-27),((157)-42),((86)-86),((101)-96),((223)-38),((156)-59),((228)-14),((217)-28),((145)-41),((118)-89),((241)-66),((117)-57),((297)-57),((206)-30),((114)-29),((286)-65),((307)-75),((106)-35),((313)-65),((234)-23),((144)-12),((69)-46),((91)-83),((262)-17),((136)-78),((105)-93),((222)-21),((149)-30),((295)-68),((219)-41),((181)-61),((121)-92),((207)-55),((180)-74),((121)-85),((309)-81),((166)-86),((81)-50),((253)-18),((229)-88),((143)-87),((191)-12),((192)-59),((120)-72),((261)-33),((126)-37),((121)-78),((261)-74),((144)-52),((69)-53),((236)-49)},{((108)-60),((80)-57),((141)-43),((215)-93),((79)-45),((319)-75),((209)-87),((301)-56),((195)-35),((158)-74),((104)-75),((252)-18),((221)-97),((103)-49),((213)-42),((155)-21),((331)-85),((190)-26),((170)-74),((100)-59),((163)-71),((202)-66),((207)-50),((36)-18),((157)-56),((109)-45),((237)-56),((178)-76),((136)-83),((316)-68),((244)-87),((271)-30),((309)-54),((205)-20),((118)-72),((185)-19),((254)-43),((76)-14),((33)-29),((194)-37),((251)-43),((43)-28),((71)-51),((163)-59),((244)-15),((228)-36),((103)-50),((320)-87),((195)-11),((140)-17),((85)-53),((114)-13),((135)-23)},{((58)-16),((203)-44),((100)-74),((103)-17),((251)-61),((110)-23),((327)-75),((178)-14),((38)-19),((95)-44),((288)-72),((227)-78),((127)-57),((259)-84),((139)-40),((140)-69),((217)-29),((102)-13),((112)-12),((288)-45),((161)-36),((79)-39),((295)-75),((79)-13),((199)-67),((74)-70),((213)-53),((104)-68),((259)-25),((245)-90),((126)-74),((259)-30),((233)-77),((237)-36),((262)-74),((210)-20),((170)-50),((316)-79),((200)-96),((193)-32),((67)-55),((246)-36),((136)-44),((183)-40),((247)-41),((254)-94),((50)-12),((249)-28),((145)-63),((67)-22),((104)-95),((309)-63),((128)-69)},{((83)-70),((295)-93),((170)-50),((322)-82),((196)-17),((210)-89),((117)-87),((164)-11),((145)-38),((126)-68),((290)-55),((168)-90),((74)-42),((319)-83),((226)-90),((85)-28),((263)-83),((178)-44),((77)-13),((284)-40),((124)-34),((139)-95),((283)-95),((205)-63),((108)-48),((264)-30),((140)-73),((77)-74),((256)-94),((136)-23),((320)-84),((184)-24),((178)-55),((326)-74),((98)-42),((190)-65),((107)-70),((298)-51),((215)-90),((55)-48),((218)-40),((192)-90),((133)-86),((277)-25),((213)-71),((147)-75),((265)-76),((201)-49),((125)-66),((150)-86),((227)-76),((77)-36),((283)-92)},{((138)-38),((46)-31),((213)-87),((192)-34),((100)-33),((28)-28),((274)-97),((53)-15),((231)-13),((207)-14),((124)-85),((69)-63),((206)-54),((51)-14),((269)-52),((183)-15),((166)-89),((254)-41),((300)-76),((157)-94),((298)-58),((259)-56),((163)-39),((86)-71),((43)-43),((250)-28),((116)-81),((331)-86),((244)-66),((118)-22),((264)-45),((191)-21),((175)-63),((65)-44),((156)-12),((142)-44),((110)-82),((288)-68),((114)-42),((68)-45),((232)-20),((172)-60),((86)-53),((240)-84),((123)-13),((107)-67),((257)-37),((132)-48),((71)-36),((228)-49),((123)-42),((297)-51),((198)-19)},{((188)-88),((302)-97),((178)-49),((135)-34),((179)-57),((225)-34),((155)-52),((71)-14),((258)-67),((149)-76),((294)-50),((218)-53),((195)-85),((123)-61),((230)-22),((179)-41),((273)-33),((277)-74),((113)-54),((265)-35),((261)-20),((122)-42),((16)-15),((255)-35),((230)-89),((108)-73),((97)-77),((339)-85),((90)-23),((44)-23),((302)-92),((139)-26),((291)-55),((262)-72),((189)-60),((53)-15),((189)-28),((177)-62),((96)-51),((284)-38),((118)-29),((55)-12),((284)-34),((238)-85),((103)-89),((320)-96),((206)-61),((111)-39),((262)-79),((159)-22),((52)-27),((254)-19),((177)-27)},{((127)-59),((203)-46),((185)-89),((267)-12),((197)-18),((101)-28),((273)-20),((187)-25),((285)-60),((98)-54),((267)-55),((255)-89),((342)-90),((240)-28),((174)-95),((184)-24),((226)-46),((174)-52),((45)-41),((251)-55),((260)-79),((121)-50),((306)-64),((173)-73),((136)-73),((260)-19),((287)-41),((134)-57),((287)-43),((231)-63),((98)-15),((236)-39),((266)-94),((344)-97),((237)-18),((211)-50),((76)-33),((245)-25),((208)-27),((97)-26),((242)-33),((167)-34),((167)-80),((314)-62),((186)-54),((105)-41),((70)-58),((99)-36),((204)-85),((210)-70),((69)-68),((161)-77),((56)-24)},{((189)-40),((113)-40),((57)-33),((227)-11),((211)-86),((231)-22),((248)-25),((236)-83),((97)-83),((166)-29),((228)-31),((109)-64),((339)-96),((189)-64),((203)-27),((315)-76),((300)-56),((153)-78),((244)-44),((206)-46),((97)-76),((298)-97),((239)-87),((141)-50),((71)-71),((139)-55),((143)-45),((121)-96),((149)-22),((274)-24),((107)-53),((159)-22),((126)-47),((298)-81),((112)-34),((113)-51),((68)-64),((238)-96),((144)-66),((318)-89),((301)-61),((214)-87),((154)-97),((187)-28),((157)-38),((148)-65),((143)-79),((226)-93),((110)-23),((86)-63),((261)-67),((117)-56),((70)-58)},{((232)-22),((190)-71),((309)-67),((214)-18),((183)-57),((118)-62),((214)-59),((183)-77),((64)-28),((308)-95),((110)-30),((76)-42),((268)-42),((234)-81),((60)-52),((312)-97),((196)-93),((98)-41),((293)-62),((240)-91),((289)-66),((214)-52),((134)-69),((232)-11),((226)-96),((150)-60),((183)-24),((255)-48),((181)-62),((130)-57),((232)-73),((159)-43),((327)-88),((78)-11),((121)-49),((87)-73),((195)-43),((165)-77),((139)-66),((268)-49),((198)-52),((100)-93),((250)-24),((243)-95),((181)-28),((317)-77),((174)-65),((114)-63),((261)-75),((74)-42),((50)-31),((263)-46),((117)-18)},{((96)-61),((297)-45),((168)-26),((94)-70),((219)-15),((231)-73),((124)-57),((298)-95),((174)-53),((199)-67),((265)-35),((203)-55),((105)-27),((89)-84),((279)-94),((145)-45),((137)-70),((137)-89),((136)-19),((145)-77),((91)-72),((195)-71),((95)-17),((261)-88),((183)-74),((258)-83),((224)-62),((141)-40),((328)-89),((259)-84),((250)-90),((22)-20),((285)-79),((166)-21),((60)-15),((322)-94),((107)-20),((137)-39),((216)-23),((219)-66),((47)-42),((114)-25),((203)-94),((124)-73),((278)-92),((206)-84),((95)-12),((49)-12),((215)-17),((95)-68),((100)-53),((194)-49),((87)-42)},{((69)-55),((178)-35),((122)-37),((59)-50),((102)-18),((223)-76),((265)-35),((234)-56),((139)-16),((256)-70),((232)-77),((133)-39),((293)-58),((254)-95),((71)-42),((181)-92),((293)-97),((220)-97),((112)-92),((94)-23),((175)-41),((176)-37),((260)-34),((124)-32),((91)-48),((335)-91),((108)-57),((97)-77),((307)-92),((159)-59),((88)-64),((171)-21),((116)-32),((40)-35),((104)-79),((251)-82),((240)-87),((134)-60),((254)-21),((209)-70),((80)-11),((316)-64),((262)-95),((181)-93),((50)-41),((184)-16),((146)-63),((275)-27),((227)-67),((105)-18),((252)-15),((171)-16),((141)-35)},{((199)-49),((158)-75),((117)-83),((186)-26),((185)-65),((92)-54),((198)-40),((183)-38),((283)-45),((283)-79),((185)-47),((97)-50),((109)-57),((177)-38),((98)-90),((263)-75),((118)-30),((97)-55),((162)-54),((142)-55),((77)-69),((124)-96),((279)-65),((129)-60),((125)-51),((219)-58),((84)-33),((217)-13),((235)-59),((64)-15),((200)-52),((209)-80),((181)-71),((293)-60),((139)-54),((127)-31),((289)-61),((206)-63),((117)-29),((320)-67),((115)-79),((99)-60),((267)-51),((322)-86),((136)-25),((82)-50),((251)-60),((122)-19),((82)-76),((75)-72),((289)-49),((133)-80),((94)-54)},{((220)-93),((184)-82),((289)-80),((174)-56),((113)-86),((288)-78),((327)-75),((51)-41),((306)-92),((230)-77),((93)-40),((332)-96),((156)-35),((78)-27),((207)-21),((138)-43),((244)-68),((271)-92),((129)-29),((199)-79),((46)-17),((267)-31),((212)-61),((34)-25),((250)-31),((192)-43),((101)-82),((259)-30),((185)-14),((83)-12),((202)-14),((213)-71),((125)-56),((276)-57),((152)-34),((303)-65),((197)-14),((214)-49),((129)-34),((279)-89),((151)-58),((176)-20),((192)-67),((201)-61),((178)-48),((244)-27),((174)-88),((104)-37),((262)-75),((75)-36),((279)-32),((179)-11),((259)-71)},{((115)-18),((129)-66),((180)-18),((132)-19),((76)-33),((230)-61),((192)-84),((111)-46),((255)-91),((213)-95),((144)-96),((220)-25),((170)-76),((287)-73),((236)-77),((229)-88),((156)-85),((204)-38),((107)-35),((143)-11),((159)-73),((132)-31),((157)-51),((260)-67),((132)-43),((45)-35),((204)-38),((171)-54),((289)-34),((284)-81),((171)-62),((208)-18),((216)-65),((129)-57),((122)-49),((258)-43),((237)-71),((103)-49),((277)-83),((133)-42),((19)-19),((198)-27),((92)-66),((63)-44),((270)-74),((110)-14),((126)-76),((161)-45),((239)-66),((156)-47),((239)-44),((198)-67),((34)-18)},{((266)-40),((222)-53),((238)-64),((77)-72),((179)-43),((152)-80),((167)-29),((170)-33),((133)-54),((231)-14),((241)-88),((177)-63),((305)-60),((163)-33),((80)-26),((83)-78),((253)-83),((137)-87),((262)-38),((269)-34),((174)-97),((66)-53),((231)-32),((194)-68),((63)-16),((307)-89),((205)-35),((177)-26),((263)-43),((211)-37),((145)-17),((249)-19),((231)-50),((85)-74),((268)-41),((161)-67),((222)-44),((276)-78),((222)-82),((101)-79),((287)-76),((252)-71),((54)-31),((315)-88),((204)-38),((122)-56),((341)-92),((144)-33),((132)-13),((128)-70),((226)-42),((159)-21),((247)-23)},{((280)-96),((93)-42),((246)-15),((314)-86),((227)-18),((65)-43),((258)-26),((179)-11),((181)-86),((242)-36),((177)-17),((128)-20),((90)-73),((221)-39),((61)-12),((86)-83),((225)-30),((167)-48),((299)-81),((222)-50),((194)-95),((45)-22),((178)-35),((126)-29),((255)-24),((133)-20),((81)-53),((272)-64),((224)-74),((178)-76),((240)-37),((191)-46),((109)-97),((254)-17),((134)-15),((139)-56),((172)-87),((216)-44),((100)-62),((273)-19),((183)-62),((290)-85),((274)-49),((178)-11),((105)-59),((256)-18),((255)-56),((159)-85),((236)-21),((208)-69),((172)-79),((16)-14),((168)-33)},{((103)-50),((104)-40),((171)-12),((99)-19),((75)-32),((271)-51),((153)-39),((112)-16),((97)-20),((208)-77),((122)-37),((80)-62),((242)-50),((76)-17),((72)-59),((228)-17),((130)-13),((303)-63),((277)-83),((164)-19),((134)-80),((270)-51),((103)-17),((73)-33),((291)-71),((220)-88),((289)-37),((279)-73),((162)-26),((90)-30),((261)-81),((159)-25),((110)-91),((185)-47),((152)-72),((298)-80),((187)-33),((156)-41),((288)-66),((238)-95),((145)-42),((301)-75),((202)-52),((188)-75),((255)-13),((134)-73),((146)-13),((78)-33),((327)-75),((186)-56),((109)-97),((269)-86),((169)-62)},{((61)-24),((322)-77),((183)-48),((119)-57),((234)-55),((210)-68),((300)-46),((222)-50),((199)-16),((162)-40),((138)-80),((258)-41),((177)-96),((115)-80),((270)-28),((189)-41),((58)-13),((222)-54),((167)-45),((95)-43),((200)-25),((204)-75),((161)-93),((307)-53),((238)-81),((113)-92),((312)-81),((167)-58),((27)-21),((242)-89),((151)-50),((68)-67),((222)-44),((124)-64),((117)-60),((232)-74),((136)-39),((326)-91),((239)-35),((156)-70),((106)-56),((124)-69),((238)-96),((111)-55),((210)-19),((176)-85),((30)-15),((274)-58),((226)-82),((68)-34),((239)-64),((138)-39),((75)-25)},{((295)-80),((172)-77),((62)-49),((38)-14),((239)-20),((176)-87),((122)-94),((136)-22),((131)-81),((302)-66),((213)-50),((159)-72),((21)-19),((242)-17),((293)-87),((93)-74),((250)-24),((187)-31),((107)-27),((281)-27),((180)-62),((109)-52),((321)-75),((176)-63),((94)-30),((316)-66),((206)-32),((135)-97),((269)-21),((236)-52),((144)-27),((95)-75),((210)-73),((122)-31),((300)-75),((160)-35),((52)-51),((274)-54),((134)-14),((101)-60),((222)-46),((248)-75),((38)-20),((287)-71),((147)-49),((124)-57),((253)-48),((129)-26),((61)-43),((230)-24),((206)-52),((260)-70),((296)-47)},{((44)-30),((161)-30),((226)-12),((206)-32),((70)-35),((245)-30),((232)-66),((116)-11),((66)-52),((165)-67),((134)-22),((98)-56),((181)-40),((92)-84),((118)-50),((239)-64),((151)-34),((35)-21),((160)-95),((205)-77),((146)-16),((244)-27),((114)-28),((80)-31),((255)-89),((133)-43),((137)-96),((308)-87),((143)-16),((289)-78),((266)-41),((220)-65),((110)-94),((228)-89),((250)-51),((71)-45),((263)-42),((150)-47),((279)-59),((246)-39),((171)-22),((158)-85),((240)-44),((159)-18),((119)-84),((21)-14),((207)-97),((280)-78),((237)-93),((92)-21),((252)-46),((237)-26),((134)-41)},{((278)-29),((183)-13),((141)-80),((201)-80),((165)-54),((220)-22),((128)-61),((253)-18),((234)-90),((307)-70),((88)-51),((222)-29),((141)-27),((226)-61),((51)-40),((161)-67),((62)-29),((244)-73),((62)-45),((60)-56),((290)-88),((194)-68),((84)-76),((259)-50),((119)-16),((162)-87),((199)-21),((214)-25),((128)-52),((33)-27),((211)-88),((144)-58),((125)-78),((54)-41),((173)-91),((54)-18),((325)-91),((167)-24),((55)-45),((248)-28),((187)-22),((106)-38),((204)-13),((178)-33),((141)-42),((43)-26),((233)-63),((62)-25),((262)-33),((202)-16),((156)-73),((66)-65),((155)-34)},{((135)-60),((49)-38),((260)-63),((127)-78),((80)-80),((165)-21),((107)-48),((300)-64),((237)-89),((142)-34),((78)-67),((206)-63),((175)-90),((321)-83),((187)-47),((95)-76),((328)-93),((121)-58),((181)-97),((275)-23),((176)-19),((105)-39),((81)-78),((249)-45),((86)-55),((278)-49),((167)-56),((298)-70),((45)-29),((154)-36),((95)-26),((308)-53),((259)-77),((135)-65),((199)-66),((275)-34),((196)-92),((282)-43),((239)-22),((63)-15),((297)-42),((208)-23),((130)-11),((312)-71),((263)-77),((125)-60),((132)-88),((238)-30),((137)-50),((119)-54),((193)-26),((164)-46),((112)-67)},{((66)-63),((246)-84),((104)-48),((31)-21),((161)-17),((110)-90),((260)-69),((154)-24),((156)-59),((306)-63),((261)-88),((104)-70),((327)-74),((270)-95),((197)-17),((36)-25),((183)-65),((143)-83),((256)-58),((138)-79),((115)-69),((285)-41),((232)-64),((88)-38),((283)-35),((228)-83),((147)-30),((43)-13),((197)-21),((99)-38),((282)-41),((253)-73),((109)-23),((260)-38),((296)-63),((101)-29),((342)-93),((286)-74),((144)-11),((52)-25),((33)-24),((273)-27),((152)-93),((81)-68),((251)-49),((152)-47),((319)-91),((279)-97),((199)-78),((125)-95),((250)-97),((201)-94),((82)-21)},{((306)-71),((157)-25),((276)-21),((276)-67),((244)-93),((82)-25),((310)-76),((167)-84),((86)-49),((243)-14),((248)-89),((27)-16),((289)-71),((190)-84),((335)-92),((163)-26),((102)-53),((192)-62),((284)-82),((164)-93),((82)-72),((251)-61),((77)-20),((70)-68),((211)-56),((115)-84),((62)-16),((236)-22),((243)-78),((113)-70),((242)-67),((136)-46),((53)-24),((292)-37),((160)-15),((162)-87),((204)-15),((205)-68),((262)-13),((225)-58),((193)-15),((43)-23),((304)-92),((234)-92),((89)-23),((261)-15),((245)-84),((172)-44),((164)-55),((257)-79),((206)-74),((87)-22),((248)-24)},{((175)-87),((74)-32),((226)-56),((107)-70),((39)-27),((160)-31),((165)-55),((281)-60),((275)-54),((150)-87),((58)-47),((244)-38),((153)-47),((70)-52),((224)-88),((198)-51),((49)-18),((240)-77),((147)-69),((85)-68),((275)-56),((251)-78),((156)-78),((237)-74),((205)-25),((113)-67),((299)-82),((162)-18),((181)-19),((77)-60),((139)-39),((106)-55),((279)-30),((144)-88),((107)-82),((314)-94),((175)-70),((88)-59),((190)-35),((299)-81),((151)-85),((52)-44),((208)-47),((209)-12),((31)-27),((61)-52),((167)-71),((294)-73),((187)-15),((129)-15),((198)-21),((186)-40),((179)-94)},{((238)-12),((226)-76),((51)-31),((312)-84),((178)-47),((245)-94),((81)-42),((228)-15),((169)-44),((120)-87),((293)-95),((218)-83),((111)-34),((302)-72),((209)-19),((192)-69),((68)-39),((277)-38),((56)-26),((313)-66),((274)-82),((156)-31),((42)-11),((327)-86),((99)-22),((102)-94),((254)-84),((109)-27),((70)-31),((289)-76),((109)-20),((225)-14),((113)-65),((144)-55),((241)-32),((232)-63),((277)-27),((67)-16),((217)-44),((123)-71),((92)-62),((209)-77),((173)-90),((31)-18),((249)-46),((216)-56),((152)-74),((261)-51),((160)-26),((172)-54),((170)-17),((129)-43),((99)-40)},{((253)-45),((135)-24),((75)-67),((188)-69),((150)-62),((297)-44),((278)-95),((101)-87),((136)-81),((193)-15),((164)-26),((274)-19),((319)-83),((323)-72),((242)-85),((267)-72),((169)-26),((171)-83),((288)-41),((298)-84),((174)-42),((163)-80),((218)-97),((132)-60),((56)-45),((162)-31),((130)-45),((66)-51),((198)-75),((129)-40),((40)-17),((246)-31),((151)-45),((279)-51),((263)-87),((104)-49),((97)-63),((249)-51),((115)-38),((85)-30),((185)-46),((130)-40),((58)-38),((301)-91),((271)-56),((72)-26),((186)-15),((143)-48),((301)-50),((260)-58),((76)-64),((288)-38),((243)-72)},{((234)-43),((143)-22),((290)-58),((289)-52),((142)-77),((262)-51),((182)-74),((126)-43),((295)-83),((145)-90),((79)-43),((45)-28),((189)-52),((268)-23),((17)-17),((184)-49),((71)-21),((336)-85),((232)-72),((240)-41),((230)-31),((205)-85),((152)-12),((44)-26),((261)-66),((136)-38),((23)-13),((228)-59),((230)-67),((161)-17),((299)-86),((248)-45),((90)-56),((100)-91),((163)-47),((109)-84),((239)-52),((177)-63),((240)-84),((188)-15),((213)-92),((122)-62),((288)-72),((167)-24),((123)-95),((263)-52),((129)-39),((82)-80),((153)-70),((148)-62),((49)-42),((106)-79),((285)-93)},{((198)-64),((102)-47),((262)-90),((180)-54),((67)-11),((258)-76),((160)-24),((118)-46),((327)-96),((143)-51),((107)-61),((262)-30),((145)-19),((40)-15),((233)-88),((133)-43),((165)-96),((345)-90),((137)-43),((79)-79),((103)-40),((110)-78),((72)-25),((104)-67),((136)-15),((302)-56),((264)-37),((181)-87),((245)-43),((240)-86),((159)-84),((179)-84),((60)-59),((256)-48),((171)-54),((123)-85),((250)-92),((192)-95),((83)-56),((172)-19),((140)-33),((130)-90),((256)-42),((160)-82),((99)-67),((314)-96),((141)-29),((49)-38),((170)-39),((156)-83),((111)-56),((303)-62),((122)-57)},{((268)-41),((95)-61),((90)-87),((30)-12),((100)-80),((147)-40),((75)-72),((213)-33),((128)-48),((99)-68),((237)-65),((208)-88),((82)-59),((170)-66),((68)-18),((285)-58),((276)-48),((183)-54),((137)-54),((281)-54),((139)-31),((41)-36),((235)-65),((168)-83),((248)-52),((204)-15),((178)-65),((84)-71),((307)-87),((35)-20),((128)-56),((99)-91),((159)-50),((131)-86),((244)-55),((185)-42),((155)-69),((130)-42),((246)-71),((108)-25),((245)-39),((244)-63),((55)-13),((77)-69),((200)-81),((151)-56),((315)-74),((186)-60),((143)-93),((56)-52),((212)-43),((73)-24),((280)-57)},{((291)-60),((120)-50),((288)-41),((285)-75),((203)-72),((81)-71),((327)-76),((255)-23),((130)-88),((328)-76),((222)-34),((133)-30),((273)-47),((203)-23),((207)-79),((79)-48),((231)-80),((140)-35),((95)-36),((268)-53),((201)-83),((300)-62),((277)-85),((151)-11),((147)-86),((231)-17),((164)-83),((51)-16),((269)-42),((211)-66),((61)-52),((274)-55),((168)-61),((80)-58),((263)-73),((212)-83),((39)-32),((217)-78),((122)-68),((326)-77),((290)-71),((136)-30),((115)-79),((188)-35),((201)-85),((78)-40),((110)-67),((215)-85),((100)-80),((227)-72),((122)-58),((329)-94),((180)-90)},{((160)-35),((92)-43),((272)-52),((147)-66),((100)-47),((282)-58),((182)-33),((85)-46),((269)-89),((196)-92),((74)-16),((295)-87),((112)-27),((18)-15),((103)-89),((300)-91),((220)-93),((136)-88),((233)-62),((222)-97),((88)-36),((254)-28),((238)-88),((83)-69),((315)-91),((88)-13),((274)-19),((212)-90),((106)-60),((106)-48),((121)-82),((178)-70),((104)-42),((41)-22),((149)-31),((121)-49),((99)-91),((224)-48),((136)-54),((294)-77),((244)-73),((51)-17),((250)-75),((120)-15),((287)-41),((230)-12),((152)-22),((123)-44),((251)-44),((141)-13),((28)-18),((237)-35),((181)-90)},{((138)-39),((306)-64),((149)-22),((129)-87),((274)-91),((230)-72),((141)-71),((294)-43),((243)-41),((137)-30),((80)-51),((314)-78),((160)-12),((62)-50),((294)-72),((206)-54),((63)-20),((197)-14),((116)-69),((303)-55),((249)-19),((116)-35),((331)-88),((70)-20),((47)-31),((103)-72),((101)-65),((209)-86),((67)-30),((258)-89),((178)-94),((229)-46),((181)-14),((133)-30),((53)-47),((249)-84),((128)-45),((281)-33),((166)-51),((198)-36),((87)-24),((100)-86),((201)-43),((48)-21),((275)-53),((197)-72),((56)-28),((264)-77),((127)-31),((300)-84),((170)-57),((123)-56),((180)-92)},{((86)-62),((171)-46),((125)-64),((244)-39),((225)-69),((83)-50),((126)-49),((293)-60),((168)-11),((62)-50),((45)-28),((122)-18),((86)-56),((221)-83),((165)-76),((266)-30),((234)-41),((119)-59),((66)-43),((302)-96),((152)-46),((321)-80),((235)-25),((47)-24),((174)-91),((258)-92),((130)-28),((53)-21),((242)-27),((221)-85),((306)-95),((155)-56),((77)-24),((131)-21),((303)-65),((163)-40),((103)-50),((257)-66),((218)-67),((87)-24),((229)-51),((281)-92),((131)-55),((268)-36),((142)-19),((125)-93),((290)-84),((141)-23),((181)-42),((160)-40),((264)-75),((225)-82),((170)-73)},{((217)-36),((179)-44),((60)-47),((206)-52),((171)-87),((301)-76),((237)-37),((205)-93),((126)-68),((201)-45),((118)-14),((124)-81),((267)-68),((147)-21),((259)-15),((265)-25),((198)-74),((40)-40),((211)-40),((169)-59),((79)-23),((55)-45),((253)-82),((18)-18),((76)-56),((80)-25),((293)-82),((167)-35),((81)-58),((115)-47),((147)-74),((245)-85),((113)-84),((211)-17),((125)-19),((245)-46),((275)-20),((247)-92),((148)-72),((166)-39),((214)-96),((70)-34),((97)-41),((252)-89),((128)-41),((278)-68),((230)-93),((180)-31),((148)-18),((229)-33),((250)-49),((61)-29),((29)-22)},{((207)-93),((119)-96),((276)-88),((189)-74),((210)-56),((296)-77),((145)-11),((337)-86),((176)-58),((149)-82),((316)-72),((90)-82),((261)-61),((128)-16),((288)-53),((314)-74),((118)-47),((274)-78),((232)-55),((85)-41),((185)-33),((203)-52),((147)-66),((277)-79),((143)-78),((61)-47),((287)-96),((294)-83),((130)-31),((92)-88),((176)-31),((90)-15),((282)-66),((217)-26),((68)-61),((105)-86),((232)-45),((218)-29),((41)-21),((254)-64),((177)-57),((296)-59),((125)-21),((129)-76),((301)-71),((278)-31),((98)-18),((112)-72),((266)-73),((175)-97),((319)-67),((257)-41),((250)-29)},{((96)-47),((231)-18),((180)-58),((124)-93),((296)-82),((24)-24),((133)-86),((276)-52),((204)-50),((150)-78),((288)-39),((45)-31),((95)-43),((274)-33),((210)-48),((238)-58),((276)-93),((180)-76),((220)-96),((112)-58),((225)-45),((250)-65),((92)-76),((187)-25),((105)-46),((118)-87),((230)-70),((316)-72),((309)-84),((225)-19),((145)-72),((264)-83),((253)-61),((103)-35),((319)-80),((296)-97),((175)-67),((240)-93),((213)-63),((112)-41),((179)-88),((105)-81),((223)-43),((148)-59),((80)-67),((195)-56),((165)-21),((302)-71),((219)-59),((53)-44),((237)-21),((134)-27),((123)-59)},{((239)-52),((228)-78),((151)-74),((293)-72),((133)-36),((131)-65),((192)-42),((133)-17),((80)-16),((18)-15),((241)-82),((100)-14),((246)-22),((205)-51),((62)-14),((312)-96),((119)-78),((83)-39),((217)-11),((250)-24),((200)-96),((78)-77),((178)-30),((78)-18),((262)-28),((192)-46),((189)-22),((181)-33),((304)-87),((258)-39),((118)-68),((119)-94),((159)-27),((107)-81),((257)-66),((130)-12),((248)-88),((249)-75),((180)-58),((141)-80),((309)-92),((183)-39),((95)-66),((258)-43),((200)-91),((107)-89),((151)-52),((131)-29),((63)-55),((70)-42),((279)-86),((180)-36),((114)-55)},{((240)-67),((184)-57),((89)-32),((220)-37),((179)-42),((154)-87),((339)-95),((194)-32),((67)-41),((313)-92),((215)-64),((115)-70),((239)-39),((76)-12),((24)-15),((311)-64),((201)-24),((83)-70),((199)-24),((301)-63),((235)-28),((263)-41),((256)-29),((69)-11),((215)-47),((202)-56),((44)-31),((214)-93),((85)-12),((321)-71),((91)-77),((255)-76),((191)-67),((63)-18),((285)-75),((148)-71),((76)-45),((235)-18),((174)-87),((110)-84),((314)-87),((183)-41),((56)-20),((228)-57),((155)-30),((165)-95),((246)-23),((183)-36),((70)-29),((287)-94),((125)-68),((27)-25),((309)-69)},{((207)-37),((307)-57),((181)-25),((249)-30),((224)-39),((292)-92),((256)-51),((67)-31),((269)-81),((145)-36),((78)-69),((250)-34),((193)-92),((118)-72),((260)-52),((93)-75),((313)-78),((200)-44),((216)-40),((157)-93),((273)-63),((147)-19),((127)-66),((290)-55),((210)-54),((194)-17),((256)-11),((266)-91),((107)-71),((213)-57),((242)-77),((103)-26),((173)-91),((208)-39),((124)-86),((276)-40),((178)-60),((248)-16),((262)-63),((207)-87),((214)-93),((79)-57),((245)-13),((136)-16),((23)-13),((199)-30),((144)-42),((31)-11),((209)-12),((244)-26),((116)-86),((299)-83),((167)-90)},{((266)-69),((275)-54),((227)-70),((47)-45),((287)-93),((98)-16),((120)-84),((284)-64),((283)-58),((132)-79),((314)-91),((138)-30),((50)-12),((258)-79),((211)-57),((116)-50),((339)-92),((154)-20),((82)-63),((214)-15),((174)-21),((109)-62),((251)-68),((147)-46),((145)-33),((93)-85),((217)-62),((253)-59),((24)-18),((212)-29),((156)-70),((348)-94),((219)-62),((182)-73),((82)-19),((317)-93),((133)-95),((111)-53),((114)-18),((289)-37),((255)-82),((111)-50),((187)-66),((162)-36),((301)-88),((93)-11),((309)-59),((180)-18),((279)-24),((111)-59),((236)-28),((155)-41),((184)-19)},{((179)-23),((134)-57),((136)-39),((233)-47),((161)-18),((84)-44),((255)-74),((172)-58),((113)-35),((168)-85),((224)-54),((111)-72),((265)-25),((151)-26),((275)-63),((262)-45),((228)-60),((93)-31),((57)-50),((104)-43),((61)-30),((284)-79),((279)-54),((129)-71),((101)-83),((212)-41),((146)-90),((340)-95),((263)-69),((283)-87),((38)-11),((242)-48),((143)-25),((287)-49),((249)-57),((309)-66),((69)-44),((153)-50),((159)-27),((75)-13),((199)-20),((115)-69),((64)-25),((184)-22),((153)-61),((41)-13),((96)-17),((174)-95),((26)-26),((45)-25),((186)-80),((68)-41),((257)-11)},{((190)-26),((105)-47),((68)-25),((100)-76),((160)-82),((94)-11),((186)-16),((227)-82),((272)-20),((202)-44),((150)-83),((263)-13),((88)-52),((153)-58),((302)-72),((184)-39),((123)-36),((106)-95),((255)-91),((84)-26),((253)-27),((171)-33),((120)-31),((224)-45),((219)-79),((111)-53),((141)-63),((241)-19),((134)-49),((58)-16),((255)-78),((180)-76),((92)-30),((266)-22),((123)-36),((71)-48),((309)-81),((223)-87),((82)-19),((292)-73),((245)-78),((88)-17),((269)-73),((223)-64),((152)-78),((265)-71),((119)-58),((124)-27),((268)-18),((334)-82),((108)-25),((307)-54),((240)-57)},{((119)-75),((253)-86),((264)-89),((124)-70),((287)-62),((232)-68),((147)-56),((265)-21),((244)-91),((145)-80),((261)-43),((207)-38),((50)-47),((304)-87),((164)-26),((253)-95),((76)-40),((206)-38),((168)-85),((259)-77),((79)-69),((193)-58),((100)-65),((234)-52),((150)-26),((99)-69),((276)-93),((142)-35),((91)-57),((134)-58),((136)-73),((124)-59),((327)-76),((164)-52),((253)-18),((136)-97),((157)-11),((170)-85),((316)-78),((129)-96),((125)-44),((161)-75),((260)-87),((163)-76),((290)-47),((188)-57),((118)-45),((342)-92),((171)-24),((167)-96),((295)-41),((107)-64),((53)-23)},{((104)-72),((213)-13),((100)-39),((230)-46),((209)-76),((110)-56),((142)-68),((249)-41),((170)-32),((321)-69),((278)-63),((212)-33),((228)-68),((245)-16),((323)-89),((106)-41),((64)-39),((141)-12),((53)-15),((294)-91),((188)-58),((212)-40),((274)-37),((199)-32),((66)-38),((218)-70),((181)-84),((92)-74),((50)-12),((316)-83),((224)-79),((319)-66),((14)-12),((130)-44),((266)-55),((267)-75),((81)-22),((230)-63),((198)-14),((201)-87),((287)-56),((131)-36),((98)-54),((300)-79),((300)-59),((219)-90),((75)-43),((259)-59),((294)-89),((82)-46),((286)-83),((219)-86),((270)-20)},{((176)-59),((144)-78),((272)-29),((42)-35),((283)-90),((132)-72),((152)-87),((168)-31),((119)-92),((243)-63),((192)-37),((119)-91),((151)-24),((167)-62),((115)-29),((290)-81),((141)-80),((96)-24),((256)-49),((193)-71),((176)-94),((312)-68),((66)-54),((112)-97),((229)-37),((286)-74),((202)-57),((70)-58),((85)-68),((153)-52),((85)-55),((160)-22),((127)-38),((326)-90),((230)-37),((116)-56),((108)-85),((256)-68),((132)-41),((323)-97),((214)-19),((88)-65),((339)-94),((285)-92),((165)-33),((67)-38),((234)-22),((192)-95),((118)-91),((193)-16),((101)-12),((184)-14),((251)-93)},{((166)-87),((121)-25),((41)-36),((256)-56),((129)-59),((70)-46),((234)-21),((129)-49),((48)-14),((302)-61),((202)-55),((59)-15),((263)-84),((153)-20),((87)-36),((219)-21),((163)-66),((282)-68),((237)-78),((166)-25),((127)-56),((211)-45),((139)-67),((178)-43),((165)-61),((141)-25),((177)-56),((277)-69),((121)-59),((68)-25),((179)-13),((67)-49),((290)-64),((210)-66),((203)-39),((84)-11),((68)-56),((165)-27),((187)-95),((72)-50),((234)-86),((174)-75),((87)-34),((242)-45),((151)-93),((75)-63),((224)-26),((168)-76),((327)-80),((183)-72),((87)-34),((110)-75),((288)-67)},{((102)-42),((284)-62),((117)-88),((336)-82),((55)-42),((66)-66),((148)-61),((273)-34),((246)-86),((155)-95),((34)-23),((212)-60),((170)-70),((53)-50),((179)-95),((138)-93),((249)-27),((294)-52),((181)-51),((124)-74),((236)-54),((302)-84),((86)-56),((287)-71),((150)-73),((292)-92),((277)-53),((154)-18),((171)-30),((255)-30),((120)-26),((74)-38),((265)-91),((48)-13),((262)-19),((252)-88),((242)-77),((107)-44),((29)-12),((257)-96),((153)-72),((296)-68),((78)-67),((100)-21),((35)-26),((163)-37),((334)-88),((49)-35),((262)-56),((84)-48),((275)-47),((171)-55),((89)-19)},{((85)-72),((44)-29),((126)-24),((82)-54),((206)-31),((267)-53),((80)-39),((190)-35),((107)-16),((115)-78),((206)-23),((118)-65),((266)-33),((248)-61),((153)-57),((311)-79),((184)-34),((194)-36),((141)-44),((45)-15),((211)-70),((109)-14),((132)-92),((299)-79),((202)-58),((332)-92),((239)-60),((33)-24),((281)-95),((163)-14),((111)-41),((297)-77),((226)-21),((259)-76),((335)-83),((264)-58),((152)-16),((153)-96),((268)-88),((209)-75),((114)-59),((301)-75),((105)-15),((117)-73),((229)-39),((137)-56),((210)-90),((219)-31),((189)-80),((107)-95),((226)-49),((95)-15),((117)-58)},{((261)-74),((148)-40),((301)-70),((224)-57),((103)-47),((91)-27),((200)-38),((118)-20),((120)-92),((256)-45),((178)-43),((147)-97),((57)-40),((346)-95),((135)-71),((79)-61),((266)-38),((87)-28),((90)-77),((228)-69),((82)-32),((167)-81),((229)-75),((146)-71),((266)-32),((200)-54),((69)-20),((102)-74),((169)-43),((162)-91),((59)-49),((219)-53),((105)-27),((212)-16),((233)-26),((186)-40),((43)-27),((271)-45),((176)-75),((66)-44),((234)-53),((140)-47),((272)-20),((278)-29),((308)-78),((131)-88),((269)-34),((256)-73),((106)-14),((281)-72),((239)-76),((196)-79),((43)-26)},{((268)-77),((107)-55),((60)-54),((236)-26),((192)-55),((271)-35),((244)-54),((190)-64),((91)-62),((212)-66),((139)-39),((296)-62),((149)-39),((80)-55),((276)-56),((287)-97),((87)-52),((257)-27),((162)-50),((99)-18),((247)-28),((210)-27),((257)-69),((36)-32),((261)-75),((119)-45),((161)-48),((274)-93),((185)-83),((92)-87),((260)-87),((142)-66),((65)-34),((212)-38),((111)-52),((335)-96),((280)-87),((153)-51),((295)-72),((208)-67),((220)-68),((306)-59),((188)-23),((168)-40),((77)-28),((281)-82),((224)-40),((193)-28),((289)-55),((222)-34),((131)-13),((102)-66),((202)-43)},{((162)-64),((136)-96),((301)-96),((85)-13),((83)-57),((250)-17),((148)-15),((79)-28),((207)-36),((184)-59),((166)-87),((276)-26),((119)-20),((108)-58),((255)-28),((170)-25),((84)-75),((254)-35),((186)-79),((54)-24),((167)-23),((150)-73),((60)-34),((201)-50),((179)-68),((50)-36),((186)-25),((151)-78),((103)-94),((144)-66),((208)-82),((114)-76),((334)-86),((154)-28),((68)-66),((216)-43),((154)-42),((174)-92),((257)-32),((207)-52),((63)-47),((281)-46),((183)-92),((129)-27),((194)-12),((123)-20),((91)-28),((315)-75),((159)-25),((213)-94),((161)-61),((254)-85),((155)-32)},{((133)-74),((270)-43),((121)-27),((128)-80),((325)-79),((225)-70),((43)-36),((241)-24),((238)-91),((103)-14),((279)-40),((145)-39),((77)-17),((317)-65),((200)-24),((98)-64),((289)-45),((233)-44),((195)-88),((306)-91),((226)-72),((80)-38),((211)-26),((119)-40),((91)-49),((276)-66),((177)-31),((74)-28),((260)-33),((219)-63),((36)-22),((206)-96),((256)-95),((111)-38),((100)-76),((182)-39),((112)-93),((242)-52),((159)-30),((187)-88),((289)-44),((195)-20),((101)-68),((267)-15),((170)-62),((159)-40),((73)-67),((275)-83),((117)-64),((82)-66),((251)-33),((264)-65),((87)-75)},{((310)-88),((245)-93),((106)-30),((208)-12),((182)-32),((95)-12),((64)-63),((133)-12),((160)-85),((97)-92),((289)-83),((174)-74),((299)-91),((199)-40),((107)-18),((50)-37),((192)-59),((174)-87),((110)-75),((286)-77),((118)-57),((100)-88),((193)-37),((132)-92),((234)-11),((179)-47),((150)-76),((270)-37),((243)-92),((54)-18),((276)-63),((216)-48),((166)-86),((56)-22),((179)-11),((76)-32),((263)-48),((226)-72),((173)-52),((67)-56),((222)-25),((59)-16),((32)-26),((151)-33),((64)-28),((86)-39),((272)-85),((103)-40),((300)-66),((254)-81),((138)-19),((147)-74),((294)-60)},{((124)-61),((102)-22),((225)-11),((110)-26),((173)-20),((289)-34),((155)-73),((126)-93),((300)-66),((49)-11),((40)-33),((273)-71),((112)-25),((36)-25),((184)-47),((239)-39),((131)-80),((260)-14),((160)-32),((217)-38),((319)-77),((302)-55),((133)-55),((292)-89),((250)-96),((165)-66),((212)-53),((163)-35),((155)-88),((269)-61),((212)-80),((26)-24),((275)-80),((209)-93),((210)-77),((89)-78),((263)-96),((77)-19),((288)-62),((162)-18),((114)-58),((123)-46),((81)-26),((205)-81),((141)-12),((285)-69),((217)-26),((59)-32),((262)-70),((148)-47),((103)-78),((90)-23),((104)-17)},{((72)-61),((193)-26),((142)-21),((243)-56),((216)-47),((102)-15),((129)-22),((176)-46),((97)-73),((271)-64),((163)-47),((192)-34),((207)-44),((321)-74),((178)-62),((61)-21),((274)-78),((176)-26),((266)-50),((265)-67),((192)-73),((180)-44),((123)-54),((267)-75),((270)-88),((39)-26),((272)-74),((89)-39),((29)-28),((218)-70),((190)-88),((241)-16),((248)-60),((152)-37),((114)-96),((239)-86),((189)-67),((225)-19),((220)-51),((140)-38),((76)-35),((240)-43),((142)-18),((51)-42),((247)-52),((183)-94),((293)-39),((101)-22),((172)-90),((35)-32),((100)-77),((210)-22),((205)-72)},{((76)-37),((206)-53),((129)-22),((56)-19),((219)-56),((128)-11),((95)-30),((277)-47),((123)-32),((83)-41),((276)-48),((191)-69),((43)-22),((233)-92),((135)-49),((125)-72),((293)-54),((87)-12),((248)-11),((112)-68),((41)-28),((64)-36),((51)-18),((139)-19),((289)-44),((265)-39),((143)-53),((256)-58),((237)-87),((105)-34),((117)-41),((275)-34),((240)-60),((168)-64),((267)-46),((256)-81),((158)-53),((286)-55),((245)-60),((180)-59),((122)-83),((193)-34),((195)-85),((72)-32),((260)-70),((116)-42),((270)-76),((219)-80),((190)-69),((102)-51),((182)-39),((99)-50),((149)-37)},{((176)-95),((187)-91),((112)-11),((276)-88),((127)-43),((79)-77),((214)-71),((107)-13),((317)-82),((199)-16),((157)-68),((189)-19),((160)-29),((133)-84),((134)-84),((289)-82),((252)-91),((133)-84),((224)-35),((175)-89),((264)-13),((189)-38),((22)-19),((307)-55),((244)-68),((172)-96),((58)-28),((190)-94),((215)-62),((182)-93),((230)-43),((137)-14),((91)-80),((302)-81),((142)-44),((35)-19),((55)-43),((290)-83),((223)-83),((137)-91),((236)-70),((136)-16),((78)-22),((331)-86),((176)-28),((90)-78),((273)-54),((194)-45),((47)-28),((292)-63),((202)-43),((33)-19),((275)-51)},{((164)-62),((270)-15),((159)-13),((136)-27),((83)-74),((246)-60),((151)-83),((147)-82),((177)-11),((199)-94),((297)-54),((288)-76),((128)-49),((129)-86),((101)-53),((210)-75),((104)-55),((203)-22),((120)-27),((67)-35),((302)-68),((137)-13),((106)-97),((201)-12),((164)-21),((112)-60),((277)-92),((142)-54),((112)-89),((250)-11),((200)-64),((100)-79),((223)-13),((247)-73),((232)-56),((91)-84),((204)-72),((161)-90),((304)-89),((250)-96),((135)-33),((343)-97),((103)-14),((193)-50),((109)-94),((218)-47),((124)-62),((102)-77),((240)-59),((171)-69),((295)-58),((218)-74),((180)-25)},{((209)-43),((171)-18),((31)-17),((221)-66),((194)-97),((303)-50),((235)-73),((277)-55),((253)-77),((275)-52),((214)-49),((86)-60),((218)-51),((211)-87),((105)-81),((225)-36),((339)-90),((273)-70),((100)-37),((205)-22),((251)-87),((150)-92),((260)-70),((208)-94),((161)-50),((287)-78),((211)-81),((146)-59),((296)-74),((253)-68),((150)-68),((290)-61),((179)-38),((186)-87),((148)-44),((272)-81),((140)-35),((43)-38),((235)-86),((167)-55),((74)-62),((264)-75),((148)-77),((80)-36),((265)-75),((89)-14),((300)-48),((253)-47),((155)-55),((299)-63),((251)-97),((200)-35),((151)-72)},{((83)-61),((228)-17),((214)-94),((271)-34),((271)-29),((147)-74),((251)-26),((226)-80),((61)-15),((346)-96),((192)-96),((87)-16),((301)-71),((73)-12),((177)-75),((69)-66),((270)-57),((135)-13),((156)-95),((287)-64),((185)-83),((121)-65),((231)-41),((174)-63),((222)-51),((263)-32),((119)-37),((63)-60),((205)-46),((169)-59),((254)-21),((185)-28),((177)-63),((39)-34),((108)-43),((106)-18),((119)-92),((276)-90),((160)-26),((264)-25),((101)-28),((256)-78),((107)-81),((249)-25),((162)-41),((199)-27),((315)-80),((256)-67),((155)-94),((247)-63),((202)-91),((128)-72),((233)-18)},{((100)-54),((184)-69),((268)-70),((185)-48),((156)-62),((294)-44),((123)-54),((120)-73),((329)-87),((226)-81),((155)-62),((285)-72),((131)-84),((188)-36),((57)-57),((252)-54),((162)-82),((177)-46),((253)-59),((196)-48),((128)-23),((295)-49),((220)-53),((98)-37),((273)-57),((121)-41),((62)-37),((96)-89),((193)-73),((77)-66),((300)-94),((293)-39),((67)-40),((192)-18),((156)-64),((154)-90),((154)-21),((184)-33),((198)-96),((301)-71),((203)-94),((97)-43),((314)-86),((186)-55),((108)-38),((250)-12),((257)-73),((104)-75),((328)-80),((176)-67),((104)-65),((348)-96),((40)-11)},{((255)-79),((239)-19),((156)-24),((159)-91),((40)-15),((253)-66),((116)-50),((228)-57),((215)-45),((152)-91),((258)-26),((244)-40),((90)-73),((86)-51),((72)-32),((195)-68),((54)-31),((262)-80),((179)-61),((67)-22),((258)-32),((141)-25),((331)-89),((239)-73),((164)-44),((85)-56),((255)-93),((161)-81),((147)-56),((285)-96),((145)-20),((88)-33),((335)-97),((259)-97),((331)-97),((342)-97),((213)-89),((95)-41),((275)-47),((206)-75),((94)-24),((330)-77),((241)-66),((143)-14),((75)-41),((145)-26),((150)-11),((70)-22),((307)-89),((107)-63),((284)-66),((295)-72),((177)-45)},{((159)-85),((218)-21),((235)-84),((95)-11),((294)-63),((148)-18),((272)-25),((204)-12),((196)-22),((60)-14),((249)-47),((183)-78),((130)-89),((224)-21),((239)-94),((41)-38),((111)-12),((138)-43),((79)-72),((285)-71),((186)-81),((167)-96),((327)-97),((201)-89),((252)-20),((330)-87),((191)-69),((87)-56),((256)-33),((223)-58),((257)-38),((255)-69),((135)-31),((88)-63),((91)-46),((292)-82),((175)-23),((48)-29),((278)-52),((245)-68),((90)-22),((260)-12),((181)-39),((37)-11),((221)-75),((135)-44),((148)-78),((258)-60),((182)-84),((12)-11),((247)-54),((137)-23),((153)-94)},{((208)-35),((52)-39),((20)-14),((204)-30),((180)-70),((30)-29),((290)-67),((199)-70),((93)-82),((190)-59),((173)-34),((83)-65),((228)-45),((167)-33),((156)-80),((203)-70),((165)-65),((29)-11),((289)-97),((246)-49),((175)-69),((142)-97),((188)-17),((172)-47),((88)-18),((262)-24),((195)-57),((104)-42),((240)-28),((196)-85),((259)-28),((199)-23),((255)-97),((74)-44),((183)-15),((84)-13),((68)-61),((237)-53),((222)-93),((309)-66),((155)-72),((170)-91),((278)-34),((222)-27),((110)-24),((64)-12),((231)-17),((139)-43),((258)-42),((265)-53),((167)-79),((343)-90),((248)-44)},{((188)-42),((266)-63),((203)-33),((102)-14),((77)-68),((60)-31),((234)-43),((169)-39),((21)-21),((272)-62),((200)-60),((85)-66),((252)-78),((133)-95),((265)-29),((231)-13),((137)-47),((291)-45),((244)-95),((105)-20),((92)-86),((218)-11),((85)-23),((235)-77),((167)-13),((70)-19),((91)-89),((171)-22),((131)-16),((93)-72),((169)-13),((33)-13),((105)-74),((228)-62),((123)-48),((77)-51),((292)-68),((64)-39),((284)-39),((204)-41),((162)-93),((84)-14),((327)-76),((236)-86),((49)-35),((238)-23),((238)-44),((104)-83),((238)-49),((198)-58),((90)-59),((347)-94),((236)-77)},{((59)-18),((182)-21),((167)-13),((105)-72),((290)-92),((173)-24),((187)-96),((159)-11),((203)-19),((267)-78),((43)-26),((235)-33),((111)-57),((18)-13),((202)-50),((129)-20),((296)-64),((193)-13),((174)-70),((41)-34),((201)-59),((148)-37),((217)-22),((209)-65),((152)-87),((162)-96),((235)-15),((185)-11),((99)-37),((252)-26),((142)-16),((18)-16),((261)-73),((106)-15),((269)-16),((242)-20),((50)-39),((261)-70),((161)-16),((263)-97),((126)-24),((277)-74),((231)-95),((69)-45),((303)-69),((191)-80),((119)-12),((256)-12),((191)-68),((84)-16),((310)-68),((162)-20),((120)-39)},{((60)-52),((232)-43),((190)-47),((126)-78),((245)-50),((185)-90),((271)-32),((209)-58),((145)-91),((298)-76),((277)-34),((271)-47),((71)-34),((139)-97),((207)-81),((54)-20),((237)-38),((179)-71),((112)-77),((91)-14),((222)-76),((152)-52),((95)-53),((267)-87),((168)-58),((290)-60),((258)-23),((158)-92),((254)-21),((169)-18),((67)-43),((277)-52),((186)-52),((80)-52),((241)-21),((219)-84),((314)-65),((110)-97),((245)-78),((194)-73),((105)-96),((193)-65),((148)-84),((286)-36),((213)-36),((128)-27),((200)-24),((132)-71),((78)-63),((133)-97),((243)-15),((146)-73),((279)-29)},{((159)-21),((128)-36),((92)-60),((51)-14),((146)-22),((318)-69),((266)-81),((192)-77),((123)-81),((300)-78),((122)-84),((96)-47),((247)-63),((215)-86),((45)-13),((276)-85),((184)-54),((134)-77),((287)-52),((211)-86),((81)-71),((214)-24),((180)-36),((82)-29),((249)-60),((225)-25),((161)-83),((281)-68),((239)-81),((139)-78),((234)-14),((179)-20),((136)-50),((42)-31),((308)-90),((201)-78),((138)-93),((313)-73),((160)-50),((136)-72),((282)-29),((157)-13),((133)-90),((236)-91),((141)-51),((146)-74),((244)-65),((116)-31),((190)-42),((160)-43),((215)-83),((155)-21),((283)-62)},{((190)-58),((148)-92),((236)-42),((163)-66),((63)-57),((148)-28),((155)-24),((88)-78),((276)-65),((153)-12),((68)-18),((120)-28),((190)-12),((103)-24),((62)-32),((243)-69),((127)-51),((255)-44),((202)-46),((172)-86),((327)-91),((57)-35),((274)-63),((218)-53),((259)-73),((199)-77),((234)-11),((208)-49),((60)-13),((12)-11),((154)-23),((188)-46),((70)-47),((217)-59),((146)-73),((35)-35),((232)-49),((254)-14),((109)-84),((201)-41),((136)-31),((68)-45),((231)-49),((132)-11),((79)-31),((305)-76),((198)-15),((130)-45),((242)-72),((279)-89),((196)-91),((279)-48),((319)-83)},{((163)-96),((264)-51),((130)-23),((124)-42),((243)-32),((148)-94),((119)-84),((43)-27),((153)-14),((293)-46),((274)-19),((152)-33),((120)-86),((328)-78),((191)-32),((282)-84),((273)-72),((181)-59),((152)-13),((87)-15),((232)-37),((228)-28),((74)-43),((243)-27),((165)-97),((40)-21),((240)-92),((137)-32),((259)-31),((266)-75),((207)-89),((43)-22),((179)-23),((166)-41),((243)-37),((228)-56),((139)-19),((97)-38),((242)-27),((198)-56),((86)-59),((236)-38),((179)-87),((75)-74),((127)-45),((114)-29),((29)-23),((41)-15),((216)-25),((179)-37),((97)-43),((189)-18),((155)-30)},{((94)-39),((276)-95),((228)-93),((119)-57),((288)-58),((176)-82),((130)-85),((318)-87),((174)-49),((82)-58),((163)-19),((172)-83),((105)-34),((24)-23),((138)-45),((329)-74),((95)-33),((81)-65),((68)-37),((67)-31),((163)-40),((276)-28),((294)-68),((131)-38),((286)-85),((169)-16),((149)-75),((124)-30),((99)-96),((215)-17),((145)-80),((85)-66),((233)-28),((183)-81),((73)-47),((241)-89),((153)-47),((89)-53),((212)-50),((142)-29),((79)-21),((239)-28),((187)-52),((65)-36),((266)-82),((93)-45),((346)-97),((289)-76),((159)-16),((296)-58),((233)-89),((240)-33),((230)-54)},{((269)-78),((237)-41),((102)-78),((265)-89),((153)-56),((295)-42),((225)-21),((127)-38),((110)-73),((202)-18),((48)-42),((288)-65),((239)-95),((261)-97),((88)-15),((62)-35),((220)-40),((187)-83),((279)-52),((197)-16),((157)-31),((37)-14),((294)-91),((116)-34),((252)-15),((175)-74),((136)-93),((116)-91),((247)-36),((87)-22),((265)-35),((200)-37),((96)-66),((297)-87),((120)-37),((158)-66),((128)-31),((200)-16),((143)-60),((252)-13),((236)-94),((123)-45),((244)-85),((223)-47),((175)-90),((266)-28),((169)-28),((182)-90),((155)-24),((163)-26),((142)-84),((101)-45),((262)-49)},{((203)-51),((71)-31),((192)-33),((157)-56),((336)-97),((266)-58),((344)-97),((72)-15),((341)-92),((184)-90),((80)-50),((234)-60),((145)-17),((142)-71),((112)-39),((234)-89),((106)-53),((250)-62),((212)-79),((108)-57),((261)-51),((196)-47),((149)-76),((350)-96),((230)-86),((91)-62),((298)-89),((204)-41),((105)-33),((245)-52),((163)-52),((210)-91),((250)-15),((146)-17),((122)-81),((89)-79),((146)-52),((131)-62),((90)-82),((194)-30),((133)-24),((70)-33),((303)-56),((205)-53),((189)-94),((114)-95),((205)-39),((129)-42),((263)-50),((285)-67),((69)-20),((315)-81),((132)-46)},{((90)-53),((213)-29),((221)-83),((60)-55),((294)-70),((211)-60),((95)-56),((185)-11),((217)-74),((272)-45),((327)-85),((260)-64),((92)-66),((230)-27),((241)-75),((134)-47),((262)-25),((278)-56),((271)-71),((80)-67),((29)-11),((111)-21),((341)-87),((197)-34),((123)-51),((351)-96),((102)-64),((189)-82),((86)-25),((96)-90),((192)-33),((159)-70),((282)-73),((291)-77),((65)-20),((254)-45),((201)-89),((268)-24),((277)-88),((130)-32),((309)-61),((248)-64),((114)-15),((296)-86),((261)-16),((170)-24),((119)-19),((292)-48),((195)-88),((109)-66),((228)-14),((149)-11),((110)-48)},{((190)-53),((101)-76),((324)-89),((32)-32),((263)-71),((98)-61),((258)-32),((127)-13),((158)-90),((241)-40),((307)-95),((102)-30),((233)-26),((138)-19),((103)-18),((207)-38),((241)-97),((132)-49),((322)-80),((217)-30),((131)-16),((111)-42),((275)-48),((236)-87),((115)-27),((274)-60),((215)-47),((125)-39),((263)-30),((210)-78),((305)-53),((287)-93),((191)-15),((71)-44),((228)-39),((320)-68),((295)-74),((276)-40),((263)-22),((157)-88),((303)-67),((232)-72),((113)-86),((251)-65),((135)-40),((268)-44),((310)-72),((141)-27),((72)-13),((276)-31),((171)-17),((259)-63),((51)-25)},{((236)-53),((168)-31),((75)-53),((189)-24),((86)-42),((257)-12),((252)-77),((152)-68),((198)-72),((144)-82),((44)-31),((128)-94),((306)-80),((144)-73),((97)-90),((198)-47),((172)-67),((284)-46),((256)-25),((184)-72),((307)-60),((229)-67),((201)-97),((45)-14),((119)-31),((191)-59),((72)-61),((276)-67),((172)-45),((89)-59),((278)-53),((239)-87),((165)-88),((93)-77),((241)-64),((47)-44),((72)-49),((230)-21),((122)-43),((117)-33),((193)-22),((73)-12),((272)-58),((200)-14),((124)-65),((206)-48),((166)-27),((167)-47),((246)-18),((107)-27),((157)-66),((270)-47),((208)-70)},{((185)-87),((96)-89),((67)-21),((67)-18),((252)-26),((259)-13),((209)-33),((140)-97),((113)-65),((201)-81),((89)-40),((197)-40),((153)-45),((286)-31),((297)-88),((134)-58),((132)-93),((273)-51),((203)-78),((89)-85),((310)-81),((103)-46),((119)-96),((274)-50),((244)-96),((78)-30),((286)-55),((130)-14),((95)-49),((274)-78),((149)-41),((197)-11),((251)-62),((180)-70),((181)-51),((78)-39),((318)-72),((244)-86),((85)-63),((307)-93),((231)-87),((109)-95),((266)-42),((254)-88),((103)-25),((241)-43),((168)-16),((101)-22),((246)-17),((140)-12),((329)-81),((254)-61),((241)-66)},{((187)-82),((220)-35),((138)-50),((194)-43),((145)-25),((193)-58),((179)-39),((321)-94),((147)-51),((150)-73),((275)-78),((109)-60),((32)-31),((224)-46),((256)-58),((185)-93),((93)-62),((198)-41),((128)-17),((136)-83),((280)-74),((226)-96),((48)-48),((244)-34),((199)-59),((80)-70),((305)-85),((243)-81),((130)-71),((251)-12),((194)-76),((63)-46),((183)-46),((140)-58),((95)-31),((286)-39),((172)-86),((327)-79),((102)-47),((50)-26),((53)-14),((83)-39),((152)-21),((44)-20),((268)-67),((182)-96),((123)-86),((214)-36),((149)-23),((58)-26),((197)-84),((141)-70),((334)-86)},{((108)-96),((260)-83),((220)-89),((66)-38),((301)-93),((97)-19),((44)-15),((267)-52),((192)-80),((117)-81),((204)-18),((125)-40),((226)-21),((222)-72),((201)-72),((148)-89),((242)-73),((143)-65),((49)-38),((192)-58),((95)-37),((231)-44),((226)-42),((254)-68),((45)-28),((216)-29),((143)-56),((267)-21),((263)-81),((79)-72),((44)-17),((223)-34),((145)-59),((335)-90),((213)-17),((316)-81),((296)-70),((215)-68),((165)-17),((111)-65),((92)-92),((226)-82),((101)-94),((267)-62),((134)-47),((81)-25),((190)-92),((177)-16),((119)-22),((291)-93),((170)-36),((47)-40),((297)-80)},{((205)-45),((220)-55),((318)-69),((154)-18),((123)-93),((273)-75),((182)-15),((316)-65),((264)-38),((232)-67),((150)-85),((24)-14),((284)-90),((153)-84),((297)-87),((222)-88),((112)-24),((335)-82),((147)-14),((76)-28),((112)-53),((226)-39),((136)-22),((98)-60),((267)-73),((135)-38),((115)-63),((29)-26),((179)-30),((331)-97),((267)-13),((235)-51),((75)-21),((103)-44),((222)-76),((124)-91),((237)-51),((179)-18),((61)-27),((174)-41),((127)-13),((123)-28),((241)-38),((78)-26),((122)-59),((259)-61),((201)-88),((120)-47),((256)-18),((86)-65),((113)-89),((217)-19),((231)-13)},{((218)-67),((93)-75),((57)-34),((158)-48),((85)-61),((219)-87),((104)-24),((254)-27),((262)-78),((111)-60),((72)-58),((283)-86),((142)-42),((318)-83),((219)-15),((108)-79),((323)-72),((237)-38),((155)-17),((80)-57),((237)-31),((152)-61),((56)-35),((262)-94),((93)-13),((240)-79),((220)-56),((132)-47),((151)-46),((67)-53),((287)-60),((172)-39),((304)-54),((249)-45),((140)-21),((325)-80),((285)-86),((228)-81),((97)-41),((235)-65),((166)-42),((151)-97),((266)-62),((164)-61),((317)-94),((203)-35),((180)-30),((169)-92),((244)-87),((159)-96),((195)-69),((142)-47),((183)-73)},{((193)-78),((273)-71),((90)-22),((109)-60),((208)-36),((103)-79),((261)-29),((239)-86),((200)-27),((104)-22),((108)-84),((197)-11),((73)-26),((55)-54),((254)-52),((160)-61),((63)-40),((213)-64),((181)-78),((80)-50),((181)-25),((164)-54),((91)-36),((290)-82),((147)-15),((42)-31),((210)-44),((101)-74),((301)-73),((270)-60),((218)-78),((283)-48),((159)-18),((267)-63),((233)-60),((270)-85),((204)-14),((115)-94),((252)-79),((175)-81),((331)-96),((236)-50),((95)-24),((30)-14),((199)-21),((59)-56),((308)-88),((186)-45),((223)-62),((117)-47),((54)-30),((217)-43),((142)-44)},{((283)-59),((186)-23),((144)-36),((91)-86),((248)-63),((110)-31),((259)-25),((184)-89),((112)-72),((100)-78),((290)-82),((122)-60),((302)-75),((186)-26),((48)-21),((263)-59),((88)-26),((95)-21),((105)-26),((256)-90),((125)-45),((326)-90),((188)-49),((156)-84),((212)-59),((218)-45),((130)-48),((250)-15),((197)-59),((170)-81),((149)-21),((145)-29),((129)-92),((104)-66),((227)-32),((239)-90),((109)-72),((218)-62),((147)-49),((330)-97),((263)-61),((268)-24),((92)-38),((271)-25),((130)-39),((106)-79),((194)-38),((187)-80),((93)-43),((110)-55),((236)-94),((127)-77),((207)-22)},{((133)-33),((53)-11),((235)-13),((94)-71),((116)-49),((265)-63),((216)-69),((98)-33),((253)-44),((230)-82),((86)-11),((283)-30),((204)-61),((54)-26),((288)-80),((254)-92),((90)-19),((295)-88),((150)-25),((173)-40),((87)-82),((259)-71),((160)-63),((295)-42),((216)-60),((185)-74),((131)-66),((247)-24),((69)-17),((126)-54),((225)-19),((184)-93),((225)-65),((34)-28),((148)-59),((66)-29),((267)-29),((127)-97),((298)-43),((215)-21),((157)-78),((59)-56),((181)-52),((215)-26),((103)-63),((263)-25),((210)-75),((245)-59),((308)-59),((337)-83),((120)-35),((231)-24),((156)-13)},{((120)-32),((219)-68),((189)-69),((113)-54),((281)-81),((156)-32),((328)-78),((213)-14),((165)-45),((190)-50),((147)-74),((286)-90),((284)-83),((58)-26),((239)-37),((112)-61),((65)-63),((240)-91),((164)-58),((305)-76),((224)-32),((187)-68),((101)-79),((199)-45),((203)-80),((241)-34),((205)-29),((147)-47),((270)-29),((209)-14),((66)-61),((283)-43),((220)-59),((192)-11),((134)-75),((273)-58),((156)-50),((73)-55),((212)-20),((126)-25),((140)-18),((126)-23),((204)-32),((202)-40),((332)-83),((260)-36),((90)-15),((288)-51),((195)-49),((154)-81),((207)-92),((161)-26),((122)-63)},{((297)-82),((260)-91),((297)-62),((287)-73),((157)-22),((228)-88),((232)-69),((125)-68),((325)-70),((196)-32),((273)-67),((277)-69),((118)-79),((244)-80),((182)-94),((277)-33),((279)-81),((61)-53),((333)-87),((181)-17),((230)-61),((141)-39),((306)-81),((259)-29),((99)-38),((334)-88),((138)-40),((71)-25),((280)-87),((198)-48),((68)-51),((321)-85),((249)-86),((115)-49),((206)-20),((200)-48),((289)-53),((256)-54),((209)-59),((120)-31),((262)-17),((250)-78),((142)-85),((258)-18),((221)-87),((139)-93),((222)-95),((178)-48),((131)-80),((110)-54),((254)-33),((249)-65),((128)-38)},{((234)-33),((205)-50),((174)-89),((273)-62),((202)-37),((171)-64),((56)-25),((214)-78),((112)-22),((64)-44),((185)-15),((107)-53),((240)-66),((156)-37),((159)-58),((113)-85),((181)-58),((58)-29),((124)-32),((130)-69),((155)-79),((146)-65),((186)-18),((70)-36),((99)-84),((207)-69),((264)-33),((267)-84),((133)-29),((149)-25),((83)-50),((314)-89),((124)-29),((145)-96),((304)-54),((230)-83),((112)-41),((281)-84),((183)-32),((148)-70),((286)-97),((189)-46),((125)-37),((295)-54),((233)-68),((103)-44),((244)-30),((163)-85),((67)-47),((79)-77),((230)-42),((108)-81),((219)-30)},{((275)-23),((242)-21),((289)-68),((250)-27),((144)-90),((279)-73),((167)-40),((79)-52),((248)-14),((148)-29),((116)-49),((242)-16),((75)-24),((107)-95),((266)-77),((270)-61),((166)-48),((121)-64),((251)-41),((150)-19),((76)-75),((269)-58),((207)-51),((77)-24),((318)-85),((162)-35),((68)-42),((226)-83),((169)-81),((167)-97),((64)-64),((127)-17),((43)-39),((247)-54),((90)-30),((294)-57),((129)-19),((179)-57),((188)-61),((286)-72),((162)-34),((125)-97),((253)-66),((181)-61),((272)-71),((305)-84),((209)-79),((90)-78),((196)-25),((147)-25),((186)-25),((201)-34),((169)-84)},{((161)-75),((309)-66),((223)-26),((165)-80),((245)-20),((213)-91),((73)-42),((255)-56),((103)-64),((103)-71),((267)-55),((138)-26),((91)-25),((196)-64),((255)-66),((157)-35),((303)-80),((219)-60),((82)-35),((66)-65),((212)-12),((266)-61),((104)-68),((203)-30),((154)-87),((51)-42),((91)-13),((141)-40),((89)-61),((239)-31),((119)-11),((92)-84),((290)-71),((131)-22),((309)-59),((225)-51),((196)-68),((63)-26),((178)-20),((111)-38),((116)-32),((109)-14),((125)-43),((287)-88),((150)-66),((108)-67),((254)-54),((155)-46),((234)-68),((216)-96),((178)-11),((159)-50),((294)-68)},{((142)-46),((142)-89),((270)-58),((135)-17),((234)-56),((195)-63),((61)-54),((178)-51),((193)-85),((28)-26),((170)-33),((150)-92),((104)-49),((241)-88),((76)-17),((52)-36),((178)-27),((151)-37),((45)-31),((237)-79),((116)-46),((106)-63),((70)-22),((146)-11),((46)-12),((257)-40),((196)-55),((133)-95),((271)-74),((222)-85),((111)-84),((196)-28),((132)-40),((84)-38),((222)-11),((155)-67),((59)-53),((94)-77),((266)-54),((208)-51),((69)-69),((278)-68),((225)-61),((90)-11),((247)-39),((146)-14),((31)-29),((265)-53),((205)-48),((120)-69),((271)-85),((203)-63),((113)-31)},{((283)-90),((232)-85),((149)-48),((58)-54),((208)-36),((108)-69),((322)-88),((248)-87),((163)-63),((233)-28),((208)-49),((290)-42),((261)-71),((105)-33),((116)-75),((119)-39),((183)-86),((11)-11),((64)-64),((216)-76),((103)-69),((225)-53),((151)-55),((49)-41),((183)-15),((227)-48),((172)-54),((131)-68),((242)-80),((196)-80),((138)-86),((257)-13),((145)-16),((81)-28),((259)-80),((197)-79),((109)-37),((271)-97),((218)-90),((142)-84),((285)-41),((216)-57),((55)-38),((245)-18),((231)-62),((140)-41),((332)-80),((187)-68),((160)-90),((41)-41),((225)-66),((168)-79),((282)-79)},{((229)-72),((260)-14),((255)-67),((138)-71),((102)-66),((122)-44),((174)-79),((313)-59),((284)-30),((156)-18),((133)-86),((236)-54),((147)-56),((69)-63),((238)-72),((200)-23),((205)-89),((78)-17),((221)-61),((178)-67),((103)-47),((305)-69),((192)-65),((140)-89),((244)-67),((209)-78),((127)-75),((251)-19),((181)-40),((74)-69),((269)-54),((257)-88),((148)-94),((255)-66),((193)-50),((146)-55),((73)-73),((193)-79),((82)-14),((289)-35),((243)-71),((124)-46),((263)-62),((202)-47),((332)-91),((278)-95),((146)-81),((129)-95),((156)-80),((128)-35),((315)-63),((305)-53),((195)-62)},{((76)-34),((242)-62),((160)-56),((33)-29),((221)-57),((256)-81),((181)-67),((99)-49),((272)-63),((93)-20),((80)-53),((259)-28),((171)-16),((135)-92),((257)-34),((133)-43),((67)-23),((316)-68),((210)-59),((153)-96),((194)-17),((227)-96),((102)-41),((330)-89),((188)-32),((63)-43),((317)-87),((224)-64),((112)-22),((282)-27),((201)-79),((133)-60),((69)-66),((245)-59),((184)-95),((267)-61),((207)-47),((318)-69),((265)-74),((93)-20),((73)-34),((147)-66),((195)-97),((94)-93),((32)-31),((191)-50),((83)-33),((241)-68),((158)-64),((104)-95),((252)-83),((233)-53),((256)-65)},{((271)-93),((130)-91),((224)-44),((160)-26),((124)-87),((229)-27),((29)-23),((261)-45),((102)-95),((202)-12),((132)-81),((266)-77),((194)-48),((75)-26),((234)-20),((41)-23),((271)-43),((191)-97),((80)-53),((195)-15),((140)-33),((206)-54),((233)-34),((145)-37),((281)-50),((167)-12),((144)-74),((79)-18),((179)-20),((137)-57),((120)-83),((190)-18),((174)-39),((103)-68),((218)-36),((179)-85),((125)-61),((86)-17),((177)-21),((36)-26),((219)-11),((137)-47),((101)-42),((130)-29),((191)-76),((108)-90),((270)-20),((232)-92),((54)-29),((296)-91),((213)-54),((143)-75),((264)-63)},{((170)-66),((137)-22),((265)-19),((202)-23),((118)-39),((26)-20),((120)-69),((128)-33),((50)-46),((191)-49),((145)-79),((303)-66),((224)-17),((251)-90),((153)-87),((238)-12),((260)-95),((147)-61),((284)-75),((174)-11),((124)-31),((314)-71),((216)-74),((87)-84),((242)-38),((214)-28),((98)-61),((296)-97),((79)-73),((272)-41),((285)-54),((314)-78),((142)-78),((298)-67),((174)-19),((94)-57),((226)-30),((164)-59),((277)-43),((340)-92),((182)-58),((97)-28),((283)-28),((236)-72),((236)-30),((41)-20),((233)-55),((170)-38),((113)-96),((201)-26),((117)-63),((327)-72),((247)-62)},{((144)-50),((185)-49),((165)-93),((61)-38),((99)-55),((251)-15),((155)-89),((89)-87),((170)-24),((135)-35),((256)-23),((287)-46),((136)-11),((289)-44),((306)-80),((197)-77),((326)-71),((205)-26),((201)-49),((124)-21),((45)-37),((168)-90),((128)-30),((115)-84),((196)-42),((198)-39),((289)-43),((233)-58),((55)-31),((290)-59),((217)-95),((131)-52),((291)-89),((224)-59),((133)-41),((287)-36),((131)-19),((144)-63),((191)-26),((228)-61),((161)-61),((78)-78),((269)-86),((284)-56),((301)-88),((210)-76),((187)-33),((181)-97),((291)-81),((258)-43),((66)-20),((223)-46),((110)-39)},{((99)-53),((190)-15),((35)-17),((288)-33),((280)-44),((151)-48),((302)-91),((243)-24),((137)-39),((43)-30),((308)-79),((234)-96),((237)-75),((246)-81),((171)-85),((185)-82),((84)-48),((245)-86),((208)-44),((318)-67),((226)-46),((66)-34),((334)-95),((156)-26),((123)-39),((281)-74),((239)-69),((158)-76),((272)-31),((175)-55),((105)-16),((192)-19),((215)-79),((114)-30),((87)-64),((266)-87),((188)-82),((260)-13),((244)-67),((135)-64),((284)-48),((150)-89),((111)-62),((318)-92),((309)-63),((208)-53),((147)-53),((239)-19),((261)-90),((121)-17),((249)-22),((198)-17),((179)-68)},{((305)-68),((272)-81),((167)-43),((62)-50),((224)-72),((71)-55),((246)-29),((245)-46),((147)-18),((249)-25),((202)-72),((246)-56),((248)-89),((226)-52),((261)-82),((70)-60),((194)-59),((180)-64),((268)-29),((128)-55),((89)-64),((234)-32),((276)-73),((181)-77),((145)-87),((283)-81),((191)-93),((127)-96),((281)-97),((141)-30),((236)-80),((230)-24),((89)-19),((47)-11),((208)-22),((152)-87),((217)-71),((301)-80),((182)-25),((56)-54),((281)-87),((169)-87),((82)-46),((295)-60),((253)-16),((130)-62),((299)-73),((239)-80),((129)-85),((308)-81),((38)-22),((147)-84),((299)-74)},{((204)-97),((46)-15),((296)-94),((259)-87),((114)-52),((254)-51),((162)-35),((97)-19),((336)-93),((134)-11),((79)-53),((107)-70),((192)-15),((107)-66),((48)-26),((208)-39),((116)-68),((322)-94),((278)-77),((251)-96),((143)-83),((222)-77),((198)-33),((131)-33),((282)-64),((276)-68),((79)-40),((296)-72),((162)-86),((99)-72),((190)-16),((202)-71),((307)-56),((233)-19),((200)-59),((95)-51),((252)-73),((164)-16),((292)-60),((207)-41),((137)-53),((150)-46),((300)-62),((219)-81),((43)-14),((237)-40),((162)-47),((53)-26),((130)-85),((50)-24),((176)-81),((144)-44),((276)-89)},{((128)-33),((270)-25),((172)-18),((119)-41),((146)-26),((153)-33),((100)-59),((87)-26),((283)-94),((153)-85),((297)-58),((219)-23),((189)-84),((158)-14),((24)-22),((139)-54),((318)-77),((249)-57),((30)-22),((344)-90),((213)-26),((136)-19),((141)-97),((265)-41),((93)-50),((128)-53),((260)-50),((208)-68),((134)-79),((142)-54),((302)-97),((95)-54),((303)-64),((199)-63),((210)-23),((293)-43),((307)-55),((131)-48),((257)-49),((138)-15),((155)-81),((159)-13),((169)-33),((150)-78),((274)-19),((247)-80),((146)-55),((196)-30),((275)-77),((141)-64),((42)-35),((221)-40),((263)-52)},{((263)-46),((208)-70),((188)-30),((183)-92),((252)-38),((315)-96),((92)-42),((228)-29),((138)-21),((305)-56),((286)-92),((148)-45),((268)-15),((206)-17),((194)-90),((300)-82),((189)-25),((132)-47),((167)-81),((317)-74),((279)-82),((124)-39),((226)-37),((172)-47),((141)-89),((282)-47),((194)-35),((291)-57),((208)-86),((114)-38),((193)-96),((129)-96),((151)-20),((132)-65),((266)-55),((224)-59),((136)-28),((133)-35),((251)-66),((72)-18),((323)-80),((205)-32),((180)-80),((42)-18),((167)-68),((134)-24),((337)-92),((234)-74),((128)-11),((95)-69),((234)-73),((193)-71),((76)-64)},{((242)-89),((89)-12),((72)-41),((285)-92),((88)-15),((258)-11),((48)-46),((170)-28),((28)-22),((279)-36),((174)-37),((111)-95),((263)-70),((174)-23),((145)-40),((36)-26),((206)-18),((163)-36),((134)-86),((264)-93),((145)-23),((120)-68),((254)-52),((143)-42),((253)-32),((263)-97),((208)-60),((297)-42),((226)-83),((285)-79),((204)-29),((277)-87),((253)-58),((89)-63),((290)-97),((163)-46),((323)-71),((174)-19),((121)-57),((255)-62),((300)-93),((102)-16),((64)-33),((216)-14),((133)-25),((200)-50),((267)-31),((188)-51),((162)-71),((246)-11),((172)-35),((53)-37),((289)-75)},{((162)-18),((83)-30),((109)-14),((70)-39),((317)-76),((304)-57),((238)-55),((111)-86),((231)-14),((126)-21),((102)-43),((233)-41),((222)-19),((128)-56),((300)-69),((155)-30),((166)-90),((71)-52),((268)-39),((172)-53),((292)-88),((284)-60),((122)-65),((92)-69),((210)-25),((162)-53),((65)-34),((70)-34),((200)-77),((86)-52),((283)-72),((164)-53),((311)-68),((224)-54),((191)-88),((268)-18),((247)-85),((164)-36),((96)-92),((113)-34),((149)-14),((71)-27),((292)-95),((163)-39),((256)-81),((247)-72),((109)-13),((197)-81),((82)-39),((188)-34),((251)-92),((338)-92),((229)-93)},{((89)-56),((91)-83),((209)-72),((248)-15),((270)-56),((220)-25),((134)-72),((236)-66),((267)-86),((73)-13),((321)-90),((251)-75),((108)-26),((132)-11),((156)-32),((123)-78),((92)-27),((330)-76),((175)-54),((223)-97),((246)-36),((181)-42),((279)-32),((292)-94),((158)-69),((54)-23),((227)-73),((205)-88),((130)-89),((219)-19),((119)-40),((69)-21),((145)-13),((194)-96),((100)-54),((314)-73),((150)-12),((120)-55),((283)-77),((189)-53),((53)-38),((228)-45),((26)-18),((64)-53),((270)-85),((247)-42),((101)-57),((264)-61),((317)-96),((255)-53),((104)-89),((76)-56),((158)-54)},{((125)-46),((246)-60),((99)-19),((301)-56),((264)-92),((242)-28),((250)-19),((199)-20),((137)-22),((46)-31),((283)-85),((120)-37),((30)-17),((202)-39),((146)-71),((222)-66),((198)-42),((119)-57),((121)-39),((322)-75),((224)-38),((115)-59),((52)-42),((281)-82),((83)-20),((35)-18),((287)-84),((166)-93),((103)-76),((278)-62),((165)-58),((274)-27),((201)-93),((84)-31),((117)-82),((247)-26),((84)-24),((246)-24),((84)-55),((288)-34),((96)-86),((28)-13),((145)-43),((300)-73),((295)-87),((103)-28),((223)-55),((136)-16),((76)-38),((94)-55),((276)-80),((212)-62),((111)-73)},{((179)-22),((114)-15),((311)-74),((298)-92),((323)-78),((103)-48),((297)-50),((164)-72),((83)-70),((252)-95),((137)-26),((76)-22),((126)-70),((156)-13),((86)-32),((229)-55),((186)-31),((91)-42),((224)-40),((183)-75),((97)-19),((297)-73),((153)-44),((77)-59),((247)-19),((169)-32),((49)-32),((285)-94),((226)-27),((101)-33),((297)-70),((169)-48),((149)-74),((42)-24),((270)-42),((187)-54),((242)-27),((269)-49),((217)-88),((123)-55),((37)-36),((193)-21),((112)-82),((308)-68),((188)-21),((196)-96),((81)-66),((215)-86),((115)-32),((74)-34),((285)-86),((129)-72),((288)-36)},{((240)-34),((164)-55),((319)-72),((209)-63),((56)-46),((280)-69),((268)-75),((96)-31),((201)-16),((147)-38),((278)-52),((264)-14),((267)-12),((179)-93),((297)-62),((156)-42),((128)-54),((310)-80),((135)-14),((255)-62),((246)-33),((177)-52),((130)-69),((328)-84),((122)-38),((75)-39),((278)-65),((305)-72),((107)-41),((238)-19),((198)-43),((107)-25),((197)-19),((265)-24),((152)-84),((33)-14),((257)-37),((76)-49),((346)-94),((224)-33),((105)-32),((283)-30),((141)-18),((245)-59),((36)-14),((244)-24),((173)-56),((262)-94),((256)-28),((254)-21),((132)-68),((272)-83),((157)-17)},{((141)-56),((184)-36),((208)-91),((130)-74),((208)-14),((132)-29),((268)-39),((218)-37),((167)-65),((182)-60),((102)-47),((275)-97),((257)-77),((98)-87),((256)-60),((70)-22),((351)-96),((174)-28),((167)-64),((258)-32),((201)-30),((190)-92),((38)-37),((185)-49),((168)-63),((221)-32),((188)-30),((128)-46),((274)-39),((259)-70),((339)-84),((251)-14),((184)-26),((191)-13),((101)-14),((104)-93),((170)-36),((159)-71),((42)-24),((188)-44),((132)-34),((66)-38),((208)-30),((187)-13),((191)-87),((152)-97),((139)-85),((288)-54),((234)-73),((102)-59),((55)-21),((259)-36),((163)-89)},{((293)-57),((194)-49),((139)-67),((197)-83),((275)-92),((285)-97),((69)-50),((346)-96),((138)-40),((102)-95),((257)-85),((141)-57),((218)-92),((240)-94),((97)-27),((309)-83),((261)-84),((254)-11),((258)-33),((237)-91),((209)-43),((80)-26),((81)-58),((261)-46),((171)-41),((64)-40),((251)-53),((139)-35),((85)-57),((261)-68),((190)-82),((114)-70),((284)-90),((129)-17),((160)-97),((201)-94),((59)-19),((336)-89),((193)-73),((94)-14),((295)-44),((192)-92),((144)-57),((251)-56),((185)-24),((164)-69),((28)-21),((79)-67),((157)-58),((243)-22),((174)-29),((72)-27),((298)-43)},{((151)-86),((134)-87),((303)-79),((255)-26),((234)-75),((93)-67),((50)-19),((184)-66),((127)-80),((178)-23),((124)-18),((318)-65),((289)-82),((95)-21),((112)-75),((246)-26),((214)-91),((314)-71),((228)-16),((89)-49),((19)-16),((233)-26),((221)-75),((73)-27),((317)-88),((174)-60),((131)-87),((214)-20),((182)-79),((235)-51),((233)-46),((151)-43),((195)-82),((105)-83),((304)-72),((165)-24),((68)-27),((233)-57),((162)-32),((104)-44),((238)-52),((196)-56),((100)-15),((294)-44),((196)-43),((120)-91),((272)-33),((233)-79),((128)-80),((221)-18),((106)-39),((106)-94),((312)-62)},{((199)-22),((64)-48),((219)-41),((292)-51),((278)-68),((304)-79),((272)-42),((108)-47),((242)-32),((165)-49),((51)-35),((286)-63),((204)-96),((84)-28),((234)-16),((64)-21),((76)-75),((229)-51),((264)-66),((151)-44),((76)-30),((247)-12),((107)-17),((40)-11),((284)-69),((142)-60),((122)-86),((264)-42),((189)-34),((88)-78),((250)-30),((197)-44),((89)-48),((262)-66),((139)-79),((37)-32),((318)-75),((202)-29),((297)-44),((204)-45),((242)-20),((285)-97),((219)-16),((264)-56),((60)-21),((200)-36),((163)-18),((80)-68),((212)-92),((163)-94),((308)-62),((309)-62),((176)-28)},{((100)-13),((244)-13),((199)-84),((75)-63),((251)-77),((160)-71),((222)-22),((274)-81),((196)-79),((104)-87),((324)-97),((57)-20),((168)-77),((53)-26),((162)-34),((75)-26),((235)-42),((169)-22),((170)-80),((134)-39),((245)-66),((161)-59),((307)-55),((156)-19),((72)-26),((335)-94),((274)-82),((192)-75),((39)-35),((214)-69),((128)-74),((91)-83),((216)-43),((114)-61),((309)-82),((277)-39),((204)-82),((110)-85),((272)-73),((210)-84),((75)-21),((77)-69),((261)-92),((318)-64),((51)-48),((243)-57),((92)-36),((135)-74),((245)-97),((92)-54),((237)-46),((177)-11),((52)-13)},{((175)-40),((165)-49),((150)-53),((265)-45),((155)-83),((110)-27),((249)-46),((158)-40),((107)-32),((325)-85),((68)-45),((68)-42),((246)-43),((241)-18),((235)-79),((36)-13),((40)-15),((132)-20),((89)-48),((200)-51),((130)-30),((282)-50),((262)-73),((71)-15),((43)-27),((252)-53),((164)-62),((304)-67),((258)-52),((70)-36),((85)-85),((291)-87),((219)-79),((75)-35),((314)-91),((184)-76),((110)-87),((208)-35),((163)-78),((198)-32),((199)-30),((125)-38),((125)-18),((101)-85),((277)-51),((159)-36),((142)-95),((237)-64),((212)-85),((107)-38),((240)-33),((228)-97),((104)-79)},{((264)-84),((116)-72),((319)-74),((243)-16),((224)-70),((64)-56),((233)-60),((152)-46),((255)-26),((228)-75),((67)-41),((114)-76),((120)-95),((128)-16),((46)-20),((253)-71),((140)-55),((55)-34),((176)-74),((206)-84),((117)-89),((268)-87),((178)-94),((61)-26),((155)-81),((161)-81),((87)-86),((18)-12),((230)-62),((169)-62),((271)-38),((243)-56),((197)-65),((78)-49),((256)-47),((130)-51),((91)-58),((309)-93),((112)-26),((71)-31),((303)-62),((190)-52),((69)-22),((232)-35),((171)-75),((226)-13),((255)-97),((231)-91),((143)-73),((184)-19),((134)-63),((173)-39),((196)-93)},{((154)-39),((178)-58),((251)-44),((132)-44),((105)-96),((194)-29),((183)-67),((22)-21),((283)-81),((179)-71),((255)-66),((167)-17),((151)-80),((102)-11),((25)-25),((17)-15),((288)-52),((148)-45),((102)-66),((273)-27),((167)-51),((107)-64),((264)-41),((200)-77),((47)-24),((159)-85),((76)-48),((232)-18),((143)-59),((91)-53),((89)-58),((32)-20),((180)-45),((100)-35),((86)-67),((190)-45),((122)-50),((312)-60),((239)-87),((70)-15),((185)-79),((78)-21),((264)-21),((203)-66),((104)-68),((196)-40),((188)-87),((156)-73),((329)-75),((187)-97),((301)-49),((125)-66),((115)-87)},{((80)-37),((80)-32),((205)-70),((60)-56),((299)-61),((199)-94),((257)-44),((218)-53),((164)-78),((112)-21),((269)-34),((177)-79),((133)-96),((238)-63),((232)-88),((241)-55),((266)-14),((245)-81),((249)-80),((53)-53),((160)-38),((75)-11),((223)-21),((110)-47),((39)-24),((235)-43),((220)-27),((114)-20),((63)-15),((212)-23),((94)-42),((308)-58),((175)-43),((157)-56),((239)-96),((303)-94),((162)-17),((265)-22),((259)-80),((136)-84),((26)-20),((282)-77),((288)-78),((125)-84),((229)-36),((189)-96),((260)-17),((211)-14),((219)-79),((111)-81),((193)-22),((184)-89),((133)-84)},{((234)-23),((119)-43),((270)-20),((281)-96),((171)-20),((74)-14),((319)-79),((212)-50),((208)-44),((288)-37),((161)-53),((132)-94),((332)-81),((46)-24),((143)-95),((308)-83),((159)-49),((339)-97),((308)-94),((203)-77),((98)-36),((105)-86),((164)-22),((259)-42),((80)-75),((114)-16),((185)-85),((295)-42),((259)-79),((259)-28),((143)-72),((239)-40),((139)-37),((33)-16),((246)-46),((79)-17),((50)-47),((241)-43),((173)-72),((89)-61),((214)-42),((170)-62),((271)-55),((67)-44),((215)-70),((60)-21),((208)-13),((224)-72),((54)-47),((261)-62),((180)-72),((249)-72),((15)-14)},{((210)-92),((84)-51),((297)-60),((132)-88),((74)-64),((149)-97),((214)-55),((169)-83),((326)-87),((100)-66),((144)-47),((151)-49),((238)-52),((185)-91),((90)-87),((218)-59),((131)-15),((318)-91),((207)-41),((145)-70),((164)-23),((290)-69),((111)-44),((305)-67),((254)-68),((283)-34),((243)-25),((30)-26),((155)-23),((52)-20),((241)-35),((157)-24),((348)-97),((214)-28),((205)-59),((128)-85),((226)-57),((161)-62),((77)-14),((89)-21),((226)-71),((104)-53),((346)-94),((129)-25),((108)-41),((221)-70),((241)-91),((303)-72),((80)-76),((189)-56),((162)-69),((246)-36),((134)-63)},{((209)-75),((18)-12),((229)-64),((110)-27),((60)-50),((174)-46),((103)-40),((123)-94),((264)-73),((141)-26),((114)-77),((114)-72),((205)-76),((117)-89),((177)-20),((138)-21),((112)-95),((98)-18),((175)-81),((79)-31),((152)-68),((130)-38),((143)-94),((295)-81),((151)-22),((60)-37),((167)-60),((250)-50),((128)-71),((306)-90),((187)-53),((91)-30),((223)-44),((289)-54),((196)-43),((102)-31),((239)-69),((224)-49),((99)-93),((186)-16),((143)-94),((267)-50),((219)-57),((256)-25),((94)-75),((218)-97),((160)-88),((90)-88),((229)-44),((90)-20),((161)-28),((322)-81),((144)-31)},{((76)-60),((207)-17),((196)-79),((318)-83),((166)-14),((192)-74),((61)-34),((240)-33),((148)-19),((200)-66),((247)-26),((154)-67),((17)-12),((242)-42),((127)-39),((97)-94),((234)-18),((28)-17),((133)-17),((241)-12),((225)-93),((97)-50),((278)-48),((110)-18),((101)-19),((297)-75),((184)-35),((104)-46),((82)-67),((240)-69),((146)-57),((258)-28),((189)-35),((196)-87),((73)-67),((71)-60),((135)-37),((271)-51),((256)-94),((92)-48),((194)-33),((294)-55),((148)-37),((46)-32),((218)-30),((134)-22),((279)-49),((296)-55),((168)-45),((274)-20),((258)-50),((339)-95),((84)-61)},{((220)-53),((117)-32),((110)-68),((200)-29),((125)-84),((101)-33),((73)-69),((182)-23),((46)-26),((273)-52),((225)-37),((90)-75),((250)-67),((228)-94),((27)-14),((283)-39),((248)-89),((122)-63),((164)-42),((257)-84),((212)-34),((65)-56),((245)-66),((122)-40),((53)-53),((178)-13),((173)-80),((302)-63),((191)-67),((102)-54),((99)-97),((202)-35),((93)-46),((284)-66),((230)-80),((109)-11),((308)-63),((200)-54),((125)-47),((71)-45),((171)-13),((98)-45),((273)-43),((201)-39),((173)-63),((23)-22),((248)-24),((164)-26),((90)-79),((228)-40),((174)-35),((41)-35),((320)-83)},{((189)-30),((257)-93),((309)-73),((143)-62),((134)-81),((308)-84),((195)-44),((131)-68),((256)-82),((179)-12),((158)-76),((289)-48),((186)-45),((187)-91),((241)-20),((266)-85),((83)-20),((235)-19),((200)-17),((159)-31),((120)-78),((274)-88),((79)-20),((335)-96),((213)-23),((134)-77),((100)-68),((250)-40),((263)-48),((122)-79),((217)-73),((150)-46),((101)-82),((254)-52),((141)-27),((315)-90),((278)-39),((223)-86),((155)-64),((257)-77),((162)-40),((40)-12),((320)-85),((238)-81),((162)-51),((307)-65),((156)-14),((62)-17),((216)-12),((250)-67),((79)-24),((258)-56),((144)-24)},{((113)-24),((332)-78),((187)-11),((129)-57),((268)-49),((224)-78),((122)-22),((113)-91),((305)-79),((184)-88),((150)-46),((258)-70),((78)-21),((312)-57),((202)-41),((150)-38),((74)-40),((244)-91),((191)-90),((299)-63),((279)-64),((97)-13),((80)-69),((202)-29),((164)-40),((130)-87),((198)-27),((190)-92),((291)-51),((186)-28),((127)-48),((54)-52),((292)-95),((221)-85),((54)-12),((261)-78),((229)-67),((163)-68),((327)-88),((230)-46),((129)-97),((306)-97),((175)-21),((88)-25),((24)-24),((270)-57),((154)-62),((117)-56),((299)-91),((149)-50),((142)-86),((259)-68),((178)-33)},{((38)-26),((49)-32),((178)-74),((108)-90),((160)-16),((152)-84),((83)-64),((167)-25),((200)-83),((62)-23),((210)-25),((153)-83),((326)-76),((268)-67),((175)-80),((274)-46),((215)-69),((87)-20),((299)-65),((48)-22),((106)-42),((117)-63),((217)-22),((169)-19),((172)-68),((224)-55),((255)-41),((297)-42),((294)-61),((142)-27),((146)-76),((53)-29),((170)-81),((228)-97),((271)-96),((226)-58),((103)-50),((73)-68),((77)-67),((165)-68),((317)-89),((217)-65),((178)-81),((264)-17),((241)-57),((146)-11),((81)-80),((215)-43),((140)-41),((105)-94),((225)-24),((223)-68),((102)-69)},{((263)-62),((157)-53),((55)-48),((250)-32),((161)-53),((305)-71),((237)-79),((128)-16),((78)-57),((206)-55),((160)-91),((275)-29),((251)-40),((176)-80),((122)-56),((39)-28),((175)-24),((132)-84),((251)-53),((217)-56),((83)-52),((40)-30),((179)-26),((126)-58),((279)-64),((158)-52),((118)-49),((237)-15),((220)-43),((125)-52),((263)-31),((254)-67),((131)-30),((321)-82),((245)-66),((206)-73),((231)-27),((205)-16),((152)-55),((29)-23),((179)-26),((71)-26),((281)-59),((285)-52),((130)-55),((105)-88),((195)-16),((157)-27),((66)-14),((309)-65),((103)-38),((98)-94),((238)-36)},{((163)-55),((344)-95),((245)-17),((238)-56),((71)-14),((232)-22),((175)-71),((125)-58),((247)-39),((203)-16),((100)-68),((201)-13),((191)-94),((119)-92),((266)-19),((172)-29),((91)-27),((263)-43),((217)-46),((84)-46),((287)-42),((198)-17),((120)-66),((96)-78),((183)-19),((114)-65),((297)-83),((237)-69),((139)-62),((298)-88),((211)-83),((155)-95),((67)-59),((214)-59),((145)-89),((119)-86),((231)-42),((116)-36),((87)-44),((278)-94),((182)-43),((105)-85),((224)-18),((144)-11),((91)-43),((193)-19),((184)-53),((264)-18),((181)-14),((184)-85),((61)-14),((229)-35),((257)-96)},{((135)-32),((270)-72),((253)-76),((42)-23),((204)-11),((160)-58),((139)-58),((306)-70),((161)-40),((149)-61),((111)-78),((222)-15),((165)-43),((68)-59),((283)-97),((136)-50),((273)-52),((211)-81),((155)-77),((247)-22),((164)-27),((131)-28),((273)-38),((148)-94),((183)-67),((268)-26),((120)-50),((298)-93),((95)-60),((228)-58),((176)-61),((92)-74),((191)-38),((187)-62),((63)-38),((278)-76),((123)-39),((133)-52),((317)-93),((191)-52),((65)-35),((257)-80),((219)-79),((59)-22),((306)-58),((169)-25),((103)-56),((332)-89),((176)-67),((173)-97),((59)-29),((175)-74),((131)-45)},{((333)-83),((240)-81),((62)-12),((293)-92),((134)-12),((180)-50),((67)-56),((192)-46),((152)-76),((325)-90),((213)-84),((188)-84),((57)-53),((225)-47),((88)-28),((117)-60),((181)-26),((149)-76),((310)-72),((199)-51),((116)-47),((332)-78),((297)-95),((165)-87),((301)-69),((170)-17),((176)-91),((77)-44),((275)-95),((135)-60),((323)-74),((248)-78),((250)-73),((180)-97),((252)-61),((179)-37),((120)-87),((275)-32),((179)-84),((83)-25),((304)-63),((173)-29),((62)-39),((310)-62),((164)-88),((156)-23),((99)-94),((250)-74),((165)-86),((292)-54),((269)-76),((183)-36),((51)-16)},{((229)-30),((96)-48),((351)-96),((164)-18),((154)-51),((297)-71),((247)-58),((154)-38),((56)-37),((175)-24),((193)-73),((280)-76),((300)-72),((230)-90),((113)-34),((224)-11),((191)-63),((106)-78),((269)-82),((244)-85),((125)-65),((143)-78),((215)-63),((270)-17),((103)-64),((186)-27),((163)-53),((273)-22),((239)-77),((135)-88),((213)-16),((233)-73),((111)-66),((80)-74),((169)-77),((94)-12),((305)-67),((146)-14),((152)-57),((257)-21),((138)-16),((109)-72),((308)-97),((208)-76),((148)-69),((306)-80),((167)-14),((186)-79),((107)-78),((250)-20),((170)-46),((287)-44),((259)-80)},{((134)-25),((90)-54),((298)-82),((85)-50),((216)-37),((166)-36),((188)-52),((84)-12),((146)-81),((164)-31),((214)-33),((111)-57),((234)-88),((129)-71),((256)-39),((149)-29),((161)-86),((261)-58),((186)-56),((49)-13),((307)-70),((225)-94),((117)-89),((273)-91),((183)-83),((112)-91),((280)-71),((187)-30),((91)-43),((243)-44),((138)-21),((82)-47),((262)-50),((237)-18),((163)-38),((263)-45),((214)-45),((98)-41),((55)-41),((174)-37),((146)-46),((101)-74),((210)-24),((121)-56),((108)-74),((149)-31),((130)-46),((68)-60),((250)-86),((158)-40),((201)-32),((84)-78),((152)-18)},{((131)-82),((232)-27),((126)-18),((126)-63),((103)-86),((187)-26),((110)-26),((277)-85),((160)-17),((54)-23),((330)-86),((135)-24),((90)-31),((255)-13),((199)-54),((38)-14),((334)-85),((169)-95),((85)-42),((269)-46),((148)-25),((171)-94),((225)-82),((230)-30),((195)-83),((154)-91),((265)-68),((132)-35),((81)-81),((237)-78),((160)-29),((97)-65),((106)-69),((172)-51),((316)-94),((64)-56),((214)-83),((111)-29),((320)-97),((168)-34),((101)-67),((181)-15),((162)-33),((61)-47),((273)-39),((85)-21),((130)-76),((267)-57),((186)-82),((153)-86),((297)-92),((170)-79),((38)-29)},{((234)-51),((143)-42),((71)-49),((267)-42),((212)-96),((130)-90),((261)-11),((239)-67),((191)-74),((69)-55),((241)-81),((113)-32),((95)-81),((212)-27),((175)-69),((220)-93),((232)-82),((104)-30),((279)-64),((226)-57),((254)-19),((124)-91),((304)-79),((256)-38),((53)-23),((121)-43),((295)-88),((106)-63),((271)-57),((166)-52),((81)-64),((282)-54),((157)-21),((65)-35),((297)-74),((231)-63),((143)-78),((257)-55),((114)-15),((67)-59),((191)-12),((130)-96),((65)-38),((270)-63),((160)-53),((125)-64),((159)-35),((206)-40),((183)-81),((179)-84),((182)-19),((300)-89),((160)-76)},{((231)-55),((151)-63),((273)-26),((190)-40),((154)-49),((311)-78),((254)-94),((145)-79),((103)-77),((211)-50),((139)-81),((257)-45),((201)-71),((107)-59),((279)-54),((244)-12),((171)-33),((275)-32),((237)-43),((117)-32),((129)-87),((212)-47),((199)-71),((137)-82),((239)-40),((144)-69),((91)-47),((207)-79),((233)-91),((155)-83),((238)-49),((81)-25),((198)-82),((308)-67),((217)-61),((89)-30),((240)-22),((209)-36),((177)-50),((92)-92),((235)-56),((73)-42),((275)-40),((138)-12),((102)-19),((292)-86),((184)-15),((149)-53),((316)-61),((185)-51),((116)-16),((233)-49),((215)-17)},{((187)-74),((278)-48),((133)-36),((154)-33),((69)-36),((290)-50),((146)-28),((54)-21),((262)-70),((112)-17),((95)-28),((292)-68),((277)-48),((77)-20),((181)-23),((200)-15),((146)-94),((22)-19),((161)-17),((74)-19),((249)-38),((197)-95),((109)-44),((235)-29),((184)-14),((14)-14),((305)-59),((222)-76),((60)-20),((48)-48),((142)-16),((82)-70),((238)-52),((201)-97),((77)-55),((220)-21),((248)-87),((134)-82),((286)-54),((228)-42),((129)-21),((128)-75),((278)-72),((148)-22),((30)-13),((103)-62),((126)-20),((94)-58),((231)-78),((97)-77),((100)-56),((299)-63),((296)-67)},{((59)-18),((132)-46),((260)-45),((72)-21),((268)-46),((196)-71),((102)-89),((290)-66),((170)-38),((104)-66),((283)-52),((255)-79),((111)-38),((240)-21),((166)-26),((164)-91),((260)-13),((206)-41),((218)-32),((337)-83),((227)-43),((104)-74),((223)-70),((214)-37),((161)-48),((170)-67),((204)-33),((311)-92),((141)-49),((223)-39),((114)-15),((71)-69),((208)-47),((159)-43),((85)-64),((236)-50),((137)-29),((97)-44),((252)-46),((132)-42),((310)-67),((176)-24),((160)-96),((232)-57),((293)-80),((240)-97),((99)-95),((173)-46),((234)-83),((122)-35),((114)-37),((207)-77),((202)-24)},{((112)-61),((213)-70),((138)-80),((310)-93),((159)-39),((158)-86),((221)-21),((215)-88),((34)-21),((243)-56),((141)-36),((78)-52),((65)-32),((194)-17),((83)-54),((277)-41),((202)-75),((105)-21),((265)-58),((232)-62),((127)-30),((339)-86),((201)-69),((197)-96),((270)-85),((196)-45),((129)-30),((92)-69),((194)-15),((199)-96),((256)-12),((197)-23),((125)-57),((260)-24),((106)-45),((219)-44),((91)-44),((315)-97),((210)-92),((73)-52),((289)-57),((265)-79),((80)-21),((276)-38),((133)-43),((69)-28),((272)-87),((221)-79),((47)-38),((293)-65),((214)-59),((127)-69),((211)-18)},{((219)-57),((330)-87),((230)-21),((175)-18),((165)-84),((303)-66),((213)-49),((91)-42),((310)-75),((151)-25),((88)-50),((214)-95),((236)-39),((196)-87),((126)-63),((287)-90),((208)-96),((42)-30),((215)-44),((224)-96),((87)-58),((51)-17),((198)-77),((237)-15),((31)-23),((155)-27),((135)-56),((237)-17),((223)-92),((104)-73),((253)-72),((194)-50),((72)-43),((323)-89),((151)-90),((142)-91),((228)-21),((181)-80),((118)-54),((220)-15),((186)-95),((98)-89),((193)-13),((160)-59),((125)-62),((242)-32),((165)-28),((149)-58),((285)-31),((276)-77),((118)-25),((31)-30),((143)-19)},{((116)-68),((293)-56),((192)-61),((269)-21),((272)-28),((233)-38),((302)-71),((124)-86),((258)-28),((303)-80),((110)-90),((98)-30),((290)-93),((102)-72),((248)-47),((183)-79),((51)-44),((266)-48),((145)-55),((40)-23),((248)-89),((158)-84),((282)-31),((88)-82),((204)-55),((100)-51),((251)-43),((134)-23),((137)-47),((202)-14),((196)-93),((39)-27),((319)-72),((218)-75),((160)-96),((313)-93),((217)-46),((57)-19),((292)-50),((191)-25),((91)-52),((81)-78),((196)-47),((112)-78),((266)-52),((254)-86),((171)-97),((275)-68),((221)-93),((178)-43),((135)-88),((286)-82),((242)-33)},{((60)-20),((262)-73),((173)-84),((254)-15),((257)-55),((133)-46),((69)-27),((257)-69),((139)-66),((343)-93),((272)-68),((146)-33),((293)-47),((184)-17),((191)-13),((119)-60),((242)-63),((154)-33),((119)-95),((213)-39),((246)-97),((63)-14),((292)-66),((166)-58),((160)-55),((293)-54),((139)-18),((113)-35),((319)-73),((201)-21),((92)-16),((249)-11),((191)-53),((141)-52),((224)-15),((172)-12),((116)-17),((283)-55),((219)-27),((157)-75),((255)-32),((235)-88),((175)-77),((68)-61),((188)-45),((71)-25),((311)-77),((195)-13),((120)-47),((296)-66),((236)-29),((224)-95),((55)-30)},{((226)-15),((193)-55),((102)-49),((223)-41),((206)-67),((286)-35),((260)-88),((186)-18),((123)-40),((322)-78),((166)-76),((66)-25),((150)-19),((284)-48),((109)-37),((199)-18),((139)-37),((172)-59),((266)-13),((231)-69),((107)-30),((25)-21),((172)-18),((151)-63),((58)-16),((236)-29),((109)-15),((69)-54),((114)-39),((174)-24),((85)-84),((232)-54),((128)-50),((51)-22),((203)-51),((129)-53),((129)-96),((214)-49),((316)-91),((313)-65),((213)-26),((109)-19),((64)-26),((203)-45),((281)-33),((179)-82),((259)-58),((185)-42),((112)-72),((109)-18),((178)-24),((157)-95),((267)-55)},{((229)-80),((102)-48),((244)-43),((178)-74),((123)-49),((99)-71),((211)-97),((111)-88),((16)-15),((128)-64),((175)-42),((295)-79),((177)-22),((133)-36),((79)-79),((168)-93),((112)-59),((286)-41),((185)-37),((140)-44),((290)-74),((78)-28),((221)-66),((80)-74),((298)-94),((184)-83),((202)-53),((253)-41),((198)-93),((41)-27),((266)-59),((154)-78),((63)-48),((267)-39),((155)-27),((118)-75),((317)-93),((271)-93),((40)-29),((230)-21),((146)-31),((149)-83),((83)-74),((188)-39),((85)-72),((268)-54),((283)-87),((129)-76),((271)-71),((205)-63),((264)-62),((253)-22),((157)-35)},{((122)-82),((106)-94),((123)-42),((115)-16),((126)-73),((181)-12),((152)-68),((308)-65),((216)-70),((170)-45),((301)-75),((285)-96),((92)-42),((297)-64),((229)-39),((317)-94),((148)-34),((189)-28),((104)-31),((347)-97),((232)-25),((148)-35),((324)-79),((182)-73),((174)-66),((293)-38),((230)-57),((238)-93),((268)-54),((317)-85),((292)-58),((94)-29),((317)-82),((173)-16),((67)-35),((256)-83),((120)-23),((72)-21),((283)-70),((125)-35),((40)-29),((37)-15),((199)-40),((61)-11),((237)-28),((273)-94),((144)-14),((292)-73),((180)-22),((141)-41),((86)-83),((224)-50),((116)-17)},{((114)-61),((253)-72),((106)-16),((32)-27),((259)-71),((185)-85),((116)-82),((273)-29),((150)-73),((99)-83),((232)-54),((138)-24),((78)-42),((296)-50),((210)-86),((101)-62),((219)-21),((149)-48),((107)-30),((256)-51),((137)-41),((59)-45),((321)-79),((219)-68),((96)-23),((288)-78),((212)-84),((78)-50),((256)-21),((143)-41),((124)-71),((325)-77),((207)-86),((155)-70),((265)-37),((128)-15),((127)-90),((290)-43),((222)-66),((62)-26),((289)-94),((161)-34),((92)-20),((311)-92),((151)-31),((196)-65),((91)-73),((252)-78),((90)-25),((107)-85),((167)-25),((183)-78),((69)-30)},{((329)-80),((242)-88),((297)-76),((167)-25),((180)-18),((162)-73),((238)-23),((252)-32),((143)-92),((280)-83),((179)-85),((144)-75),((279)-81),((112)-71),((116)-97),((35)-35),((180)-57),((272)-56),((239)-12),((176)-70),((78)-57),((308)-71),((201)-58),((200)-18),((252)-67),((145)-42),((113)-89),((74)-30),((301)-68),((117)-17),((148)-46),((239)-65),((183)-80),((272)-61),((192)-30),((83)-30),((101)-91),((188)-55),((182)-89),((116)-96),((260)-81),((109)-51),((100)-73),((206)-95),((165)-88),((78)-53),((297)-95),((123)-21),((73)-44),((204)-34),((169)-69),((322)-72),((186)-24)},{((278)-35),((279)-36),((251)-90),((115)-33),((192)-90),((75)-64),((202)-84),((138)-62),((95)-80),((277)-76),((144)-76),((47)-25),((176)-11),((109)-31),((53)-21),((246)-28),((156)-44),((77)-66),((179)-51),((125)-52),((81)-26),((324)-83),((156)-76),((290)-63),((63)-29),((32)-29),((103)-88),((80)-60),((160)-53),((268)-36),((247)-34),((159)-79),((264)-76),((228)-88),((132)-77),((262)-30),((313)-61),((188)-27),((96)-11),((297)-86),((218)-53),((137)-27),((53)-49),((277)-93),((117)-63),((21)-13),((225)-31),((84)-20),((112)-94),((291)-72),((143)-30),((126)-89),((229)-57)},{((117)-46),((269)-78),((199)-63),((172)-54),((139)-91),((193)-53),((105)-59),((179)-70),((132)-54),((170)-77),((123)-25),((276)-91),((125)-44),((91)-89),((201)-61),((168)-77),((323)-91),((253)-73),((121)-35),((263)-96),((198)-70),((61)-15),((248)-28),((251)-11),((193)-44),((150)-47),((44)-44),((199)-19),((75)-25),((310)-65),((276)-89),((111)-27),((83)-75),((215)-57),((121)-64),((255)-78),((133)-11),((197)-93),((123)-92),((218)-77),((67)-17),((253)-14),((130)-24),((62)-32),((194)-50),((196)-40),((198)-40),((337)-92),((194)-35),((76)-17),((243)-25),((235)-81),((280)-45)},{((340)-85),((215)-54),((130)-72),((258)-41),((193)-25),((262)-70),((263)-65),((157)-41),((76)-39),((106)-68),((235)-43),((192)-46),((73)-39),((175)-22),((141)-46),((250)-17),((214)-12),((263)-19),((110)-59),((340)-97),((100)-27),((22)-13),((247)-94),((200)-93),((77)-27),((289)-87),((221)-92),((112)-56),((242)-15),((147)-47),((140)-83),((196)-24),((124)-31),((143)-39),((257)-49),((187)-36),((180)-75),((318)-70),((257)-96),((190)-75),((343)-94),((226)-77),((111)-74),((317)-67),((159)-42),((164)-84),((110)-72),((213)-77),((93)-36),((73)-59),((192)-61),((111)-17),((274)-24)},{((215)-74),((80)-27),((92)-66),((198)-20),((141)-42),((290)-35),((258)-55),((84)-14),((83)-62),((258)-42),((170)-81),((117)-79),((215)-31),((158)-89),((304)-58),((251)-51),((152)-43),((302)-57),((192)-29),((125)-30),((56)-13),((276)-86),((160)-72),((102)-73),((296)-75),((174)-47),((160)-93),((273)-54),((179)-30),((103)-27),((326)-82),((150)-33),((148)-74),((211)-22),((131)-21),((197)-76),((298)-73),((201)-40),((150)-86),((64)-45),((280)-51),((212)-93),((288)-87),((137)-15),((238)-96),((90)-39),((232)-14),((76)-32),((232)-14),((187)-48),((236)-77),((112)-44),((267)-56)},{((175)-64),((21)-19),((263)-96),((133)-63),((258)-20),((68)-65),((283)-43),((70)-17),((70)-63),((229)-33),((166)-82),((281)-42),((126)-23),((82)-34),((120)-90),((178)-20),((132)-74),((268)-66),((165)-30),((141)-85),((59)-58),((196)-81),((305)-94),((229)-22),((164)-45),((132)-62),((277)-63),((277)-97),((156)-70),((304)-80),((129)-41),((154)-55),((327)-78),((229)-71),((144)-62),((159)-35),((151)-27),((103)-61),((286)-70),((163)-26),((171)-14),((114)-48),((265)-28),((265)-74),((160)-51),((56)-38),((220)-82),((171)-94),((101)-79),((291)-95),((198)-93),((314)-92),((190)-14)},{((169)-48),((136)-97),((236)-32),((127)-35),((127)-39),((37)-16),((286)-61),((309)-85),((185)-37),((108)-48),((243)-45),((263)-59),((172)-35),((273)-29),((182)-32),((135)-76),((285)-43),((102)-74),((125)-28),((88)-37),((288)-51),((190)-59),((57)-30),((233)-86),((146)-69),((143)-84),((241)-54),((169)-82),((257)-11),((209)-27),((117)-17),((104)-59),((250)-91),((293)-38),((262)-11),((200)-37),((129)-15),((94)-89),((276)-67),((167)-52),((272)-19),((152)-35),((212)-84),((92)-55),((245)-43),((198)-69),((231)-63),((259)-91),((135)-49),((47)-43),((216)-35),((240)-58),((140)-33)},{((320)-73),((206)-95),((118)-65),((46)-11),((166)-48),((48)-18),((327)-90),((176)-48),((139)-45),((82)-82),((190)-55),((267)-12),((106)-96),((198)-23),((104)-20),((344)-92),((50)-12),((202)-95),((187)-78),((251)-55),((158)-54),((84)-71),((273)-95),((159)-54),((176)-29),((199)-52),((145)-83),((281)-42),((19)-16),((205)-86),((59)-34),((235)-54),((211)-79),((331)-82),((313)-92),((195)-71),((139)-88),((298)-63),((312)-72),((122)-51),((307)-84),((191)-47),((115)-74),((318)-70),((172)-78),((135)-66),((305)-77),((94)-35),((34)-20),((284)-96),((134)-25),((153)-46),((54)-46)},{((250)-32),((167)-61),((39)-25),((188)-18),((123)-62),((266)-19),((155)-23),((89)-48),((72)-62),((117)-62),((249)-14),((272)-83),((266)-56),((225)-79),((288)-44),((269)-89),((136)-68),((35)-13),((224)-72),((158)-85),((144)-60),((245)-33),((177)-68),((50)-50),((284)-71),((106)-26),((131)-88),((290)-57),((212)-25),((144)-52),((258)-87),((148)-56),((153)-41),((260)-50),((207)-94),((127)-45),((228)-32),((201)-48),((136)-62),((200)-51),((239)-27),((74)-35),((311)-65),((221)-30),((293)-39),((242)-19),((212)-50),((113)-69),((306)-82),((134)-40),((235)-93),((328)-79),((284)-93)},{((169)-81),((204)-65),((281)-82),((275)-71),((96)-61),((239)-79),((191)-80),((115)-59),((164)-45),((130)-42),((95)-71),((217)-52),((125)-51),((248)-48),((244)-92),((90)-20),((301)-54),((64)-53),((237)-80),((101)-92),((277)-61),((121)-14),((139)-75),((207)-20),((231)-81),((88)-11),((265)-32),((160)-63),((84)-18),((301)-55),((238)-70),((262)-89),((63)-59),((286)-97),((55)-17),((263)-18),((226)-90),((186)-93),((242)-26),((227)-48),((200)-94),((84)-75),((207)-78),((132)-37),((210)-31),((180)-32),((144)-72),((290)-62),((236)-54),((314)-66),((245)-15),((227)-82),((121)-55)},{((106)-20),((300)-49),((237)-32),((146)-38),((95)-78),((173)-36),((129)-41),((72)-39),((273)-66),((181)-65),((299)-63),((263)-73),((198)-63),((149)-96),((234)-19),((159)-56),((128)-29),((79)-47),((313)-89),((260)-37),((195)-48),((98)-24),((261)-52),((259)-44),((171)-23),((347)-92),((253)-89),((88)-15),((68)-68),((128)-86),((148)-40),((125)-12),((233)-33),((220)-60),((94)-83),((207)-31),((98)-13),((30)-18),((129)-75),((91)-20),((296)-45),((173)-22),((182)-77),((266)-95),((219)-66),((91)-20),((272)-24),((59)-50),((65)-24),((238)-47),((180)-80),((35)-32),((114)-54)},{((97)-32),((230)-78),((38)-20),((233)-35),((193)-95),((115)-63),((201)-83),((136)-36),((110)-92),((235)-40),((245)-48),((160)-30),((309)-56),((76)-74),((122)-33),((81)-63),((146)-20),((110)-33),((303)-82),((226)-48),((62)-17),((89)-81),((240)-49),((147)-53),((232)-18),((267)-84),((74)-66),((270)-40),((241)-63),((130)-13),((36)-19),((297)-97),((139)-54),((45)-30),((223)-61),((110)-36),((245)-90),((244)-86),((107)-31),((328)-90),((95)-93),((202)-35),((151)-30),((76)-61),((251)-56),((159)-94),((80)-61),((280)-60),((162)-45),((65)-24),((288)-97),((149)-62),((239)-32)},{((196)-44),((194)-75),((145)-96),((254)-95),((100)-32),((23)-22),((158)-37),((66)-21),((223)-49),((262)-76),((276)-85),((74)-52),((211)-19),((106)-14),((317)-69),((195)-11),((266)-16),((95)-81),((192)-13),((103)-27),((303)-68),((257)-71),((295)-73),((254)-26),((193)-47),((115)-48),((103)-16),((305)-53),((229)-75),((140)-79),((276)-23),((258)-75),((125)-72),((43)-36),((250)-97),((138)-75),((107)-90),((233)-30),((139)-42),((295)-46),((190)-77),((104)-46),((82)-42),((275)-49),((89)-24),((265)-53),((66)-47),((331)-90),((22)-22),((92)-87),((136)-44),((320)-76),((256)-91)},{((129)-64),((48)-32),((223)-69),((158)-56),((90)-82),((100)-11),((127)-77),((260)-51),((187)-57),((221)-71),((107)-51),((178)-15),((137)-16),((140)-65),((35)-30),((148)-17),((130)-45),((306)-78),((153)-15),((145)-53),((108)-86),((218)-46),((103)-47),((218)-42),((208)-87),((138)-35),((62)-32),((198)-73),((101)-70),((166)-72),((140)-77),((104)-26),((179)-96),((248)-78),((118)-79),((29)-12),((151)-26),((277)-44),((211)-26),((137)-34),((99)-75),((79)-54),((261)-79),((179)-46),((37)-16),((215)-54),((86)-28),((293)-70),((231)-93),((305)-56),((304)-62),((163)-15),((79)-31)},{((90)-88),((116)-48),((212)-87),((146)-85),((253)-91),((160)-62),((288)-49),((236)-43),((226)-90),((233)-92),((286)-58),((186)-83),((129)-90),((255)-69),((214)-76),((70)-42),((232)-63),((166)-73),((61)-14),((290)-78),((165)-76),((97)-87),((70)-52),((164)-21),((82)-18),((264)-44),((243)-72),((44)-12),((278)-30),((245)-94),((158)-80),((68)-65),((244)-31),((158)-52),((233)-19),((177)-12),((111)-55),((58)-45),((193)-57),((180)-84),((40)-17),((230)-48),((129)-83),((38)-23),((271)-76),((130)-13),((127)-56),((258)-41),((219)-95),((92)-14),((298)-74),((204)-70),((115)-27)},{((254)-68),((214)-70),((177)-82),((257)-19),((205)-69),((109)-19),((310)-86),((149)-25),((107)-92),((321)-93),((154)-62),((114)-59),((69)-56),((237)-84),((121)-59),((221)-21),((137)-13),((51)-12),((41)-35),((161)-18),((134)-70),((234)-14),((207)-36),((119)-81),((285)-40),((212)-28),((116)-59),((68)-50),((251)-87),((87)-38),((262)-33),((265)-82),((135)-43),((275)-47),((152)-21),((105)-45),((59)-51),((194)-39),((84)-28),((65)-35),((215)-50),((156)-76),((57)-35),((299)-97),((188)-89),((107)-50),((224)-15),((199)-60),((163)-97),((264)-42),((170)-75),((131)-82),((223)-59)},{((124)-39),((137)-41),((257)-24),((207)-95),((107)-80),((275)-50),((222)-73),((98)-52),((99)-95),((291)-77),((193)-89),((208)-22),((139)-32),((203)-76),((122)-89),((331)-91),((171)-19),((35)-19),((273)-47),((264)-96),((125)-45),((282)-58),((138)-18),((335)-95),((261)-76),((166)-14),((164)-82),((276)-84),((120)-19),((89)-55),((249)-92),((91)-13),((277)-70),((304)-85),((236)-12),((72)-17),((199)-19),((210)-49),((114)-86),((166)-33),((230)-95),((56)-54),((217)-35),((139)-96),((81)-63),((280)-82),((169)-71),((133)-84),((166)-51),((162)-65),((43)-28),((239)-47),((255)-43)},{((152)-31),((234)-51),((180)-16),((113)-82),((291)-80),((204)-36),((128)-32),((105)-55),((176)-76),((119)-17),((314)-92),((195)-49),((195)-92),((116)-61),((296)-86),((121)-47),((29)-25),((291)-49),((242)-73),((105)-82),((210)-22),((218)-97),((314)-70),((186)-18),((56)-15),((75)-22),((104)-46),((166)-24),((87)-31),((261)-76),((210)-65),((65)-56),((222)-39),((77)-45),((141)-80),((266)-85),((183)-78),((268)-46),((259)-62),((139)-18),((75)-54),((290)-59),((72)-31),((63)-43),((279)-85),((140)-25),((145)-25),((263)-15),((232)-75),((141)-75),((269)-20),((196)-68),((165)-64)},{((121)-15),((234)-41),((190)-22),((74)-55),((244)-60),((157)-64),((86)-69),((127)-68),((105)-41),((337)-93),((162)-18),((122)-24),((211)-47),((233)-87),((126)-65),((258)-20),((20)-18),((56)-19),((194)-37),((176)-68),((61)-11),((257)-90),((295)-68),((265)-36),((93)-33),((244)-59),((171)-62),((64)-55),((294)-75),((49)-20),((23)-12),((245)-63),((161)-58),((190)-67),((135)-79),((240)-61),((223)-39),((29)-29),((198)-13),((48)-14),((257)-16),((187)-55),((169)-80),((236)-24),((198)-23),((145)-43),((49)-44),((206)-69),((190)-84),((202)-12),((234)-78),((151)-47),((87)-59)},{((249)-65),((196)-85),((282)-33),((234)-55),((110)-37),((327)-86),((120)-54),((122)-53),((336)-93),((202)-38),((237)-56),((173)-83),((105)-76),((189)-34),((116)-22),((112)-85),((196)-46),((184)-80),((45)-11),((231)-74),((136)-25),((58)-14),((241)-50),((168)-78),((243)-33),((218)-63),((217)-80),((127)-63),((193)-49),((84)-34),((170)-57),((160)-78),((161)-64),((185)-83),((275)-86),((134)-79),((72)-36),((215)-56),((94)-83),((276)-57),((169)-32),((80)-22),((152)-93),((221)-23),((188)-36),((122)-82),((247)-67),((110)-33),((310)-68),((239)-82),((93)-81),((36)-34),((194)-12)},{((158)-76),((83)-47),((174)-72),((215)-56),((144)-49),((197)-16),((144)-30),((20)-18),((300)-88),((98)-12),((73)-66),((59)-41),((235)-80),((84)-50),((302)-97),((193)-49),((129)-58),((306)-82),((254)-72),((191)-55),((85)-59),((120)-12),((101)-72),((137)-91),((280)-48),((176)-74),((163)-56),((226)-32),((201)-81),((281)-44),((209)-57),((122)-25),((238)-78),((141)-12),((145)-85),((231)-12),((192)-52),((230)-70),((155)-38),((319)-64),((198)-19),((70)-21),((121)-67),((226)-85),((110)-40),((197)-19),((182)-53),((48)-31),((321)-91),((173)-91),((125)-80),((324)-96),((142)-11)},{((41)-31),((264)-29),((107)-47),((106)-77),((301)-92),((148)-39),((91)-28),((200)-71),((146)-35),((79)-50),((241)-38),((294)-86),((117)-37),((262)-17),((179)-25),((174)-93),((258)-39),((285)-93),((232)-35),((46)-21),((30)-30),((144)-37),((47)-31),((277)-96),((120)-12),((165)-15),((176)-21),((130)-54),((280)-48),((268)-82),((269)-17),((327)-93),((168)-16),((138)-65),((186)-93),((218)-81),((85)-54),((290)-94),((162)-63),((193)-37),((202)-41),((285)-52),((175)-73),((93)-70),((212)-33),((183)-50),((215)-16),((231)-50),((174)-75),((85)-65),((117)-77),((239)-13),((128)-35)},{((175)-77),((222)-37),((172)-73),((262)-55),((175)-17),((87)-38),((36)-33),((188)-62),((137)-48),((88)-72),((194)-19),((114)-60),((89)-66),((119)-12),((145)-72),((57)-39),((282)-69),((123)-25),((50)-25),((197)-31),((139)-43),((340)-94),((249)-91),((330)-94),((288)-49),((183)-26),((119)-41),((171)-73),((70)-63),((308)-91),((190)-76),((125)-90),((217)-71),((190)-90),((72)-27),((235)-37),((178)-56),((64)-48),((247)-76),((86)-54),((284)-51),((237)-22),((156)-11),((287)-32),((200)-36),((115)-18),((264)-44),((201)-75),((345)-90),((36)-25),((49)-33),((175)-72),((52)-35)},{((197)-24),((114)-38),((77)-68),((108)-18),((177)-67),((56)-37),((191)-19),((123)-48),((51)-40),((144)-94),((90)-34),((287)-60),((170)-22),((240)-72),((154)-77),((48)-32),((188)-46),((130)-34),((94)-53),((246)-55),((193)-78),((306)-65),((289)-94),((127)-17),((250)-14),((213)-23),((150)-15),((60)-31),((292)-83),((121)-18),((30)-28),((177)-55),((113)-46),((128)-79),((262)-27),((92)-21),((244)-11),((66)-26),((284)-34),((74)-65),((99)-85),((187)-86),((290)-37),((249)-78),((84)-13),((112)-90),((226)-63),((138)-27),((79)-62),((181)-83),((98)-39),((307)-77),((244)-93)},{((233)-77),((131)-66),((38)-34),((224)-94),((148)-64),((107)-87),((199)-59),((128)-37),((57)-36),((172)-25),((143)-42),((77)-40),((249)-68),((127)-47),((241)-56),((165)-38),((169)-60),((118)-79),((229)-95),((55)-15),((193)-90),((161)-89),((184)-97),((127)-38),((253)-77),((118)-73),((87)-61),((177)-28),((13)-12),((250)-56),((179)-67),((71)-41),((123)-73),((290)-96),((156)-45),((56)-51),((240)-70),((96)-23),((47)-35),((251)-65),((114)-46),((15)-11),((302)-81),((180)-47),((154)-31),((237)-27),((93)-14),((62)-44),((242)-86),((48)-31),((333)-93),((183)-25),((143)-64)},{((131)-51),((315)-78),((281)-90),((146)-70),((237)-21),((155)-42),((45)-38),((220)-42),((96)-63),((80)-54),((243)-37),((147)-44),((103)-46),((185)-62),((224)-44),((182)-66),((232)-15),((188)-35),((102)-61),((342)-94),((165)-43),((51)-23),((122)-83),((319)-67),((234)-79),((94)-72),((280)-48),((246)-69),((115)-35),((228)-25),((169)-12),((75)-25),((304)-91),((193)-26),((99)-42),((282)-77),((205)-46),((87)-50),((211)-18),((148)-64),((67)-26),((190)-26),((186)-59),((107)-25),((217)-34),((169)-44),((51)-44),((286)-54),((154)-40),((105)-27),((142)-74),((236)-84),((139)-79)},{((214)-19),((189)-79),((99)-47),((308)-73),((212)-80),((183)-93),((301)-65),((207)-89),((64)-22),((303)-51),((224)-63),((73)-35),((274)-74),((277)-66),((56)-39),((76)-63),((178)-42),((79)-19),((72)-55),((298)-97),((211)-56),((235)-30),((252)-45),((110)-39),((328)-77),((249)-41),((148)-12),((126)-51),((247)-44),((142)-30),((78)-57),((246)-45),((150)-67),((152)-96),((53)-43),((213)-54),((134)-68),((76)-56),((219)-53),((95)-22),((87)-60),((162)-16),((92)-46),((286)-93),((214)-64),((42)-25),((278)-42),((222)-31),((102)-39),((276)-36),((199)-77),((100)-42),((58)-45)},{((178)-13),((161)-75),((311)-69),((202)-27),((119)-77),((321)-72),((268)-80),((134)-73),((83)-58),((212)-41),((101)-45),((305)-72),((223)-36),((181)-85),((266)-34),((172)-22),((146)-64),((59)-29),((216)-54),((120)-60),((319)-71),((229)-33),((129)-42),((320)-79),((253)-91),((196)-23),((156)-96),((275)-62),((197)-93),((72)-11),((270)-86),((231)-84),((156)-75),((49)-29),((248)-67),((64)-60),((270)-92),((131)-32),((149)-30),((325)-78),((241)-85),((104)-39),((317)-69),((110)-79),((80)-29),((301)-58),((242)-69),((119)-34),((31)-22),((200)-20),((143)-38),((206)-96),((243)-49)},{((197)-95),((83)-72),((218)-42),((147)-44),((169)-24),((230)-85),((78)-15),((256)-22),((190)-35),((186)-26),((62)-48),((204)-49),((209)-76),((112)-64),((308)-74),((172)-80),((133)-78),((233)-22),((209)-77),((248)-74),((57)-28),((123)-11),((105)-78),((310)-79),((56)-24),((102)-80),((245)-31),((173)-29),((90)-19),((302)-51),((125)-55),((122)-23),((256)-22),((181)-17),((98)-16),((205)-90),((288)-56),((95)-12),((58)-33),((191)-31),((240)-29),((72)-54),((76)-53),((144)-34),((304)-69),((182)-32),((117)-16),((222)-49),((230)-70),((156)-60),((64)-38),((260)-51),((174)-41)},{((255)-62),((272)-47),((162)-58),((85)-54),((218)-13),((257)-19),((324)-80),((244)-82),((93)-13),((61)-60),((62)-41),((269)-62),((129)-55),((108)-29),((244)-78),((127)-65),((282)-46),((154)-42),((98)-41),((300)-81),((189)-76),((127)-78),((296)-76),((96)-18),((112)-85),((261)-60),((143)-24),((101)-64),((69)-31),((268)-73),((147)-13),((78)-56),((163)-22),((165)-88),((56)-49),((261)-74),((160)-49),((199)-13),((167)-93),((105)-77),((67)-18),((334)-93),((171)-85),((107)-85),((191)-28),((198)-96),((295)-63),((183)-33),((106)-35),((113)-80),((232)-52),((202)-95),((71)-13)},{((302)-66),((183)-39),((70)-17),((267)-49),((185)-40),((202)-15),((288)-81),((174)-49),((142)-87),((279)-41),((222)-60),((157)-80),((86)-84),((154)-24),((142)-85),((242)-46),((172)-55),((225)-97),((57)-42),((250)-79),((148)-86),((51)-47),((205)-78),((169)-82),((98)-77),((254)-23),((147)-11),((68)-37),((316)-84),((129)-13),((114)-74),((257)-82),((157)-79),((330)-87),((229)-17),((185)-45),((158)-79),((26)-17),((183)-24),((92)-37),((225)-50),((151)-31),((148)-46),((244)-35),((165)-50),((264)-86),((174)-27),((174)-12),((210)-46),((286)-35),((217)-55),((147)-76),((300)-91)},{((165)-53),((41)-20),((205)-55),((254)-93),((73)-33),((302)-61),((229)-58),((133)-53),((199)-77),((215)-24),((148)-22),((66)-42),((300)-66),((196)-89),((64)-55),((213)-69),((134)-45),((59)-40),((203)-19),((310)-87),((227)-68),((153)-40),((192)-58),((89)-19),((194)-23),((160)-53),((269)-18),((258)-71),((126)-65),((267)-29),((261)-12),((158)-28),((113)-74),((261)-57),((179)-48),((208)-38),((243)-53),((145)-19),((145)-89),((255)-16),((257)-94),((140)-62),((256)-12),((262)-64),((167)-97),((296)-46),((207)-75),((127)-92),((276)-76),((206)-37),((187)-90),((116)-65),((232)-50)},{((126)-44),((246)-17),((277)-91),((110)-57),((52)-51),((264)-49),((138)-81),((60)-58),((223)-26),((126)-29),((39)-15),((228)-20),((188)-84),((44)-19),((227)-46),((166)-37),((335)-83),((275)-72),((208)-66),((88)-88),((268)-48),((159)-49),((269)-18),((189)-17),((211)-85),((126)-91),((215)-44),((143)-54),((57)-36),((258)-33),((190)-74),((77)-63),((115)-90),((215)-62),((131)-78),((231)-31),((211)-54),((98)-74),((284)-41),((193)-16),((206)-78),((96)-63),((184)-69),((61)-25),((111)-55),((162)-68),((344)-94),((202)-31),((114)-70),((119)-15),((186)-77),((286)-90),((130)-65)},{((298)-65),((235)-90),((324)-86),((65)-30),((285)-94),((129)-17),((218)-55),((208)-54),((98)-26),((330)-81),((277)-23),((135)-12),((48)-46),((254)-33),((134)-13),((38)-26),((115)-31),((246)-51),((113)-46),((251)-31),((169)-58),((92)-39),((321)-91),((144)-17),((107)-56),((231)-12),((57)-49),((284)-33),((319)-69),((198)-18),((118)-77),((235)-71),((240)-16),((147)-72),((43)-26),((188)-18),((299)-81),((71)-46),((78)-48),((123)-21),((57)-41),((238)-66),((75)-12),((42)-37),((235)-56),((113)-37),((62)-62),((279)-96),((271)-43),((303)-85),((231)-14),((185)-38),((50)-45)},{((209)-81),((97)-35),((303)-67),((229)-72),((268)-91),((148)-93),((232)-45),((110)-11),((263)-65),((88)-62),((189)-35),((123)-69),((255)-54),((185)-42),((134)-70),((238)-24),((208)-85),((137)-87),((144)-49),((123)-41),((119)-35),((108)-94),((148)-17),((335)-84),((66)-11),((211)-49),((133)-29),((69)-68),((87)-35),((196)-81),((68)-45),((192)-19),((138)-31),((49)-46),((182)-26),((98)-18),((33)-26),((175)-27),((157)-30),((208)-76),((278)-62),((195)-65),((77)-47),((191)-14),((169)-50),((61)-21),((236)-58),((130)-28),((73)-47),((158)-87),((90)-32),((121)-61),((307)-61)},{((121)-14),((298)-68),((212)-33),((117)-23),((70)-55),((49)-14),((174)-11),((102)-45),((264)-42),((237)-88),((127)-96),((59)-58),((22)-16),((167)-74),((84)-16),((240)-65),((143)-59),((271)-22),((208)-32),((274)-59),((51)-27),((230)-20),((77)-21),((208)-29),((219)-91),((116)-70),((310)-87),((252)-12),((130)-57),((119)-65),((217)-40),((188)-63),((133)-83),((82)-27),((205)-63),((104)-93),((313)-68),((113)-16),((256)-51),((289)-67),((192)-40),((54)-41),((216)-80),((134)-49),((62)-62),((226)-49),((216)-19),((102)-33),((343)-94),((204)-40),((136)-47),((129)-35),((233)-70)},{((91)-14),((91)-84),((219)-95),((322)-75),((293)-97),((134)-20),((117)-82),((84)-32),((251)-13),((170)-62),((179)-66),((226)-26),((169)-79),((314)-86),((258)-55),((135)-62),((198)-26),((175)-22),((151)-17),((43)-42),((189)-80),((170)-50),((326)-71),((239)-72),((168)-41),((120)-84),((125)-50),((166)-88),((314)-77),((208)-50),((190)-12),((164)-53),((257)-26),((282)-46),((117)-50),((317)-65),((188)-84),((104)-49),((214)-12),((242)-83),((113)-90),((268)-26),((248)-79),((130)-73),((205)-13),((255)-94),((257)-12),((295)-84),((175)-19),((106)-11),((306)-55),((219)-41),((116)-53)},{((299)-50),((169)-26),((144)-89),((178)-45),((227)-91),((53)-14),((264)-48),((295)-59),((185)-40),((329)-77),((270)-60),((210)-49),((169)-78),((279)-62),((263)-92),((149)-91),((272)-45),((238)-57),((124)-13),((292)-49),((159)-17),((101)-95),((248)-41),((213)-24),((191)-72),((307)-93),((177)-57),((213)-30),((236)-87),((253)-89),((195)-26),((23)-23),((168)-43),((130)-24),((265)-51),((77)-11),((70)-55),((223)-34),((183)-73),((183)-53),((89)-50),((270)-73),((139)-35),((83)-25),((290)-49),((169)-58),((108)-43),((293)-82),((207)-86),((139)-79),((312)-66),((155)-15),((97)-61)},{((231)-75),((159)-58),((170)-87),((104)-91),((136)-28),((52)-38),((160)-83),((54)-11),((103)-45),((90)-27),((244)-94),((103)-72),((221)-13),((157)-49),((151)-92),((294)-97),((239)-94),((75)-24),((190)-58),((171)-78),((73)-62),((232)-44),((277)-88),((171)-81),((124)-83),((189)-19),((115)-61),((235)-28),((196)-80),((95)-64),((233)-91),((226)-46),((144)-37),((312)-88),((173)-82),((191)-76),((108)-57),((239)-87),((127)-39),((310)-78),((236)-68),((144)-33),((29)-22),((216)-23),((200)-80),((109)-74),((184)-20),((218)-97),((284)-51),((198)-44),((178)-13),((116)-82),((215)-28)},{((185)-74),((72)-34),((224)-60),((152)-12),((143)-49),((314)-92),((228)-97),((61)-21),((296)-73),((143)-38),((107)-29),((117)-88),((198)-80),((167)-68),((249)-27),((203)-33),((187)-92),((130)-96),((169)-37),((112)-22),((102)-61),((278)-94),((140)-43),((129)-78),((267)-67),((168)-61),((79)-18),((260)-53),((153)-39),((86)-18),((237)-41),((162)-42),((45)-25),((224)-23),((180)-25),((65)-32),((212)-26),((151)-74),((129)-95),((225)-68),((139)-19),((101)-23),((316)-92),((214)-60),((99)-87),((247)-16),((219)-81),((61)-27),((293)-82),((152)-41),((134)-72),((256)-71),((159)-26)},{((146)-74),((279)-78),((224)-59),((99)-44),((211)-15),((165)-45),((137)-63),((322)-86),((172)-71),((78)-59),((226)-19),((241)-86),((122)-76),((244)-41),((266)-52),((186)-88),((316)-62),((197)-52),((194)-92),((303)-78),((199)-11),((219)-97),((117)-41),((257)-35),((57)-12),((272)-50),((318)-76),((205)-33),((114)-72),((120)-73),((163)-29),((56)-32),((269)-95),((166)-17),((50)-28),((181)-60),((171)-69),((128)-45),((260)-69),((64)-21),((117)-66),((235)-49),((174)-73),((74)-13),((243)-17),((50)-41),((56)-44),((274)-88),((115)-11),((206)-82),((139)-82),((266)-86),((146)-73)},{((286)-48),((237)-62),((151)-47),((234)-25),((176)-16),((87)-36),((65)-57),((146)-15),((111)-17),((38)-17),((208)-28),((109)-53),((77)-52),((256)-51),((126)-14),((138)-21),((262)-58),((210)-77),((265)-24),((262)-70),((119)-39),((122)-85),((256)-96),((197)-74),((107)-57),((295)-86),((125)-37),((82)-25),((220)-82),((104)-15),((63)-26),((277)-45),((187)-55),((144)-85),((239)-39),((195)-65),((90)-69),((219)-30),((40)-26),((45)-28),((268)-77),((159)-47),((207)-75),((240)-13),((138)-26),((200)-70),((132)-21),((277)-97),((168)-80),((299)-46),((275)-85),((190)-92),((74)-70)},{((183)-14),((180)-84),((321)-87),((266)-59),((302)-90),((96)-68),((28)-25),((201)-94),((96)-80),((192)-11),((181)-73),((178)-28),((226)-59),((158)-43),((81)-27),((256)-46),((222)-88),((58)-39),((230)-25),((136)-37),((320)-68),((104)-27),((106)-26),((331)-77),((234)-62),((274)-82),((173)-72),((254)-46),((242)-76),((213)-93),((64)-14),((264)-88),((163)-36),((63)-49),((259)-76),((156)-34),((106)-54),((255)-53),((179)-78),((287)-66),((211)-48),((237)-92),((115)-40),((201)-31),((133)-57),((177)-38),((122)-14),((168)-45),((156)-31),((262)-50),((154)-88),((82)-35),((248)-78)},{((34)-12),((307)-77),((233)-85),((120)-54),((181)-95),((289)-38),((194)-41),((73)-13),((25)-11),((278)-78),((143)-73),((53)-44),((179)-27),((73)-11),((48)-32),((263)-61),((114)-18),((285)-34),((153)-38),((91)-31),((127)-88),((252)-27),((81)-17),((290)-64),((129)-96),((90)-88),((68)-66),((46)-39),((117)-26),((308)-65),((229)-65),((98)-34),((111)-96),((187)-31),((148)-44),((26)-16),((109)-21),((65)-16),((268)-45),((178)-34),((220)-75),((46)-15),((258)-17),((177)-48),((295)-50),((240)-53),((96)-27),((74)-36),((150)-70),((184)-38),((127)-45),((200)-17),((188)-72)},{((40)-36),((266)-52),((188)-31),((115)-77),((302)-78),((195)-44),((157)-91),((244)-49),((172)-23),((95)-87),((254)-69),((213)-17),((118)-20),((286)-80),((244)-87),((66)-18),((71)-69),((165)-40),((153)-80),((20)-20),((211)-52),((50)-12),((46)-39),((275)-88),((158)-52),((143)-83),((235)-47),((118)-21),((76)-70),((280)-91),((108)-37),((85)-41),((300)-64),((147)-69),((52)-16),((286)-40),((145)-12),((107)-61),((96)-96),((218)-69),((141)-88),((30)-23),((214)-61),((102)-39),((60)-43),((173)-22),((89)-38),((240)-57),((190)-53),((90)-86),((242)-19),((239)-58),((58)-32)},{((306)-82),((164)-58),((119)-44),((280)-70),((213)-39),((108)-38),((312)-65),((169)-22),((116)-18),((258)-52),((245)-88),((122)-26),((312)-90),((229)-43),((134)-58),((305)-88),((191)-50),((134)-39),((41)-37),((199)-59),((78)-23),((311)-68),((227)-36),((171)-89),((245)-21),((288)-84),((170)-51),((109)-87),((202)-24),((148)-15),((83)-54),((260)-45),((185)-43),((152)-95),((209)-23),((190)-47),((269)-14),((254)-78),((184)-43),((101)-60),((259)-71),((210)-65),((69)-57),((270)-39),((229)-67),((201)-34),((281)-27),((242)-74),((106)-38),((263)-48),((195)-23),((95)-56),((201)-42)},{((248)-32),((117)-29),((61)-58),((174)-12),((142)-77),((300)-93),((210)-82),((134)-74),((28)-23),((232)-80),((185)-66),((55)-16),((246)-35),((247)-31),((102)-55),((201)-68),((129)-39),((283)-67),((223)-14),((175)-51),((69)-42),((210)-24),((201)-60),((83)-43),((267)-89),((196)-48),((182)-89),((317)-84),((156)-14),((120)-63),((240)-15),((154)-17),((144)-52),((324)-89),((206)-56),((57)-16),((241)-50),((184)-30),((144)-56),((298)-58),((174)-34),((191)-96),((65)-50),((232)-45),((167)-41),((308)-75),((276)-94),((149)-59),((321)-69),((185)-42),((94)-56),((243)-28),((277)-51)},{((148)-38),((109)-81),((170)-22),((159)-60),((306)-63),((296)-56),((151)-27),((315)-71),((251)-62),((182)-11),((304)-50),((186)-20),((182)-68),((341)-92),((241)-17),((214)-75),((126)-84),((195)-90),((247)-91),((172)-11),((265)-20),((202)-58),((143)-84),((297)-79),((153)-32),((140)-64),((308)-86),((132)-25),((119)-91),((319)-81),((173)-26),((72)-48),((280)-79),((278)-66),((145)-46),((271)-16),((198)-70),((133)-48),((245)-37),((220)-49),((129)-24),((87)-28),((222)-32),((125)-26),((35)-24),((274)-80),((195)-89),((130)-90),((339)-89),((155)-30),((91)-63),((178)-30),((114)-15)},{((322)-79),((306)-66),((134)-49),((45)-24),((209)-44),((183)-64),((142)-80),((284)-70),((209)-77),((98)-66),((266)-27),((157)-51),((124)-82),((270)-33),((204)-94),((136)-62),((256)-39),((124)-22),((57)-31),((315)-79),((159)-14),((82)-57),((250)-51),((278)-72),((124)-92),((144)-92),((228)-11),((165)-24),((125)-63),((256)-17),((139)-36),((108)-51),((287)-47),((196)-35),((114)-32),((268)-66),((201)-45),((136)-50),((82)-75),((241)-57),((83)-14),((119)-54),((322)-83),((285)-95),((274)-85),((208)-95),((76)-36),((261)-83),((196)-12),((150)-36),((298)-77),((224)-94),((122)-83)},{((274)-52),((37)-29),((156)-79),((109)-27),((236)-85),((93)-46),((308)-75),((149)-49),((167)-83),((224)-40),((140)-35),((140)-15),((116)-85),((319)-93),((127)-31),((109)-59),((314)-78),((174)-68),((122)-77),((285)-54),((156)-34),((211)-93),((94)-43),((57)-55),((58)-57),((252)-71),((178)-70),((287)-41),((323)-74),((267)-85),((62)-29),((274)-76),((165)-58),((30)-11),((139)-78),((212)-82),((186)-54),((276)-57),((201)-95),((137)-92),((260)-92),((128)-33),((312)-60),((193)-20),((270)-80),((196)-97),((65)-12),((314)-87),((145)-24),((334)-93),((237)-42),((154)-14),((86)-28)},{((283)-63),((96)-12),((106)-68),((254)-15),((170)-13),((96)-30),((299)-89),((276)-70),((217)-81),((133)-46),((87)-16),((339)-88),((226)-48),((131)-71),((156)-90),((283)-28),((164)-61),((25)-13),((272)-95),((156)-52),((191)-45),((257)-42),((317)-97),((97)-46),((287)-84),((197)-94),((324)-74),((190)-28),((164)-84),((319)-71),((231)-73),((103)-24),((155)-59),((37)-32),((277)-62),((205)-75),((59)-20),((240)-78),((165)-49),((106)-60),((298)-84),((167)-44),((291)-45),((224)-24),((164)-19),((118)-58),((260)-35),((207)-91),((204)-92),((80)-38),((308)-59),((262)-14),((264)-92)},{((172)-73),((251)-29),((316)-88),((184)-23),((63)-54),((198)-24),((179)-96),((73)-63),((137)-85),((215)-94),((193)-67),((287)-74),((170)-94),((335)-82),((249)-33),((153)-16),((83)-67),((181)-35),((146)-79),((111)-24),((316)-67),((271)-68),((192)-71),((63)-33),((163)-13),((145)-41),((120)-71),((314)-91),((184)-55),((307)-58),((203)-15),((220)-87),((79)-28),((245)-29),((119)-15),((151)-51),((64)-34),((284)-47),((330)-94),((189)-29),((175)-88),((305)-80),((309)-78),((192)-28),((71)-56),((186)-24),((148)-77),((315)-61),((83)-43),((174)-65),((179)-65),((271)-70),((210)-95)},{((58)-16),((183)-24),((157)-35),((248)-17),((168)-16),((237)-65),((145)-64),((21)-16),((217)-29),((96)-50),((42)-42),((264)-78),((170)-54),((305)-75),((279)-95),((189)-75),((62)-21),((196)-17),((233)-58),((202)-94),((129)-70),((109)-51),((259)-36),((214)-64),((86)-57),((96)-61),((236)-12),((112)-37),((290)-50),((162)-13),((145)-69),((197)-79),((272)-88),((248)-59),((74)-54),((267)-83),((98)-50),((36)-19),((252)-82),((283)-56),((101)-22),((192)-18),((144)-34),((266)-36),((181)-44),((114)-56),((154)-76),((316)-73),((272)-66),((143)-40),((285)-62),((209)-47),((191)-75)},{((95)-79),((188)-52),((165)-75),((129)-85),((286)-89),((129)-44),((129)-48),((98)-84),((301)-80),((308)-88),((221)-77),((158)-87),((284)-78),((289)-92),((199)-69),((255)-18),((234)-88),((143)-88),((305)-67),((94)-70),((117)-27),((108)-13),((228)-46),((246)-92),((296)-44),((216)-28),((133)-81),((294)-79),((133)-15),((203)-65),((61)-14),((53)-52),((239)-67),((101)-71),((313)-73),((223)-38),((121)-21),((273)-62),((243)-78),((153)-43),((76)-51),((252)-89),((232)-73),((114)-37),((96)-68),((86)-62),((277)-73),((220)-89),((77)-64),((107)-88),((241)-33),((148)-89),((298)-74)},{((148)-18),((74)-17),((136)-37),((195)-27),((203)-45),((276)-31),((206)-92),((90)-40),((319)-86),((239)-79),((152)-68),((321)-66),((140)-29),((124)-92),((144)-92),((250)-33),((244)-91),((117)-40),((262)-65),((176)-40),((141)-75),((265)-19),((167)-57),((147)-83),((314)-67),((201)-30),((140)-81),((68)-13),((337)-93),((215)-20),((224)-30),((184)-66),((92)-50),((214)-34),((258)-87),((148)-44),((291)-80),((131)-11),((85)-56),((284)-72),((312)-58),((84)-20),((152)-83),((223)-67),((46)-24),((295)-57),((145)-40),((78)-49),((283)-94),((149)-57),((149)-37),((62)-41),((314)-80)},{((189)-52),((42)-38),((254)-40),((217)-55),((113)-51),((275)-90),((208)-69),((119)-32),((282)-36),((198)-61),((181)-63),((64)-13),((322)-67),((315)-61),((219)-41),((186)-81),((254)-11),((325)-76),((251)-69),((83)-50),((214)-19),((145)-41),((109)-78),((104)-31),((236)-94),((193)-61),((249)-30),((218)-85),((88)-37),((236)-26),((173)-51),((65)-40),((252)-85),((144)-56),((130)-22),((37)-20),((226)-14),((176)-46),((271)-18),((269)-62),((153)-31),((55)-12),((226)-60),((193)-73),((90)-40),((261)-37),((134)-19),((182)-71),((89)-45),((312)-61),((275)-25),((191)-17),((149)-48)},{((262)-26),((289)-47),((197)-37),((104)-93),((250)-74),((114)-29),((39)-27),((79)-25),((132)-12),((197)-72),((241)-29),((172)-85),((272)-26),((242)-89),((131)-57),((100)-25),((286)-72),((274)-55),((64)-14),((155)-82),((198)-56),((62)-30),((259)-86),((162)-65),((129)-81),((234)-21),((180)-87),((54)-43),((94)-51),((307)-72),((188)-47),((258)-12),((290)-90),((198)-71),((135)-72),((293)-62),((162)-73),((145)-51),((240)-59),((283)-64),((283)-77),((97)-33),((301)-96),((235)-73),((113)-48),((252)-22),((115)-96),((259)-30),((65)-45),((268)-53),((143)-67),((249)-32),((251)-77)},{((152)-75),((289)-47),((133)-87),((211)-19),((139)-65),((349)-95),((303)-95),((133)-16),((317)-79),((96)-73),((222)-82),((220)-75),((288)-59),((49)-47),((265)-65),((128)-22),((105)-48),((83)-75),((116)-12),((158)-97),((237)-56),((245)-86),((134)-84),((314)-84),((284)-33),((155)-14),((93)-67),((295)-89),((197)-37),((96)-30),((225)-23),((313)-70),((182)-78),((157)-48),((227)-31),((272)-47),((253)-86),((104)-49),((91)-85),((281)-68),((132)-73),((274)-20),((225)-68),((156)-96),((296)-71),((197)-15),((144)-53),((146)-13),((103)-80),((184)-20),((131)-43),((82)-40),((264)-72)},{((126)-57),((140)-39),((135)-92),((168)-23),((190)-40),((256)-19),((89)-79),((295)-48),((201)-90),((108)-49),((70)-57),((162)-23),((130)-64),((296)-50),((147)-16),((82)-48),((177)-95),((280)-52),((167)-54),((127)-90),((258)-11),((233)-77),((93)-57),((252)-42),((295)-95),((220)-39),((142)-55),((85)-80),((276)-91),((162)-77),((302)-49),((250)-79),((134)-27),((66)-44),((255)-68),((150)-39),((99)-73),((252)-73),((170)-70),((101)-83),((210)-24),((155)-54),((149)-97),((146)-65),((108)-94),((297)-76),((175)-81),((75)-21),((295)-67),((173)-84),((171)-95),((216)-32),((205)-55)},{((117)-33),((332)-80),((62)-61),((107)-19),((219)-78),((111)-64),((254)-69),((145)-24),((163)-58),((215)-14),((177)-16),((83)-16),((241)-12),((162)-42),((228)-39),((126)-47),((275)-55),((197)-53),((185)-87),((73)-66),((222)-97),((183)-68),((98)-14),((71)-57),((206)-27),((135)-26),((39)-21),((255)-54),((158)-36),((68)-46),((242)-34),((133)-13),((101)-54),((291)-91),((147)-29),((118)-76),((236)-50),((142)-41),((142)-90),((134)-38),((46)-17),((268)-32),((187)-78),((80)-11),((322)-79),((200)-96),((166)-75),((254)-55),((196)-31),((95)-11),((345)-93),((70)-69),((156)-68)},{((176)-32),((73)-35),((261)-25),((163)-18),((239)-52),((129)-52),((246)-28),((165)-23),((169)-76),((16)-14),((179)-41),((182)-69),((107)-13),((50)-38),((202)-19),((117)-34),((57)-50),((223)-45),((164)-68),((77)-42),((257)-48),((143)-19),((45)-30),((221)-32),((188)-48),((239)-58),((160)-61),((66)-16),((211)-32),((161)-22),((139)-82),((257)-80),((179)-15),((65)-52),((305)-70),((193)-24),((111)-30),((136)-50),((246)-73),((37)-37),((201)-51),((124)-83),((221)-21),((16)-15),((238)-91),((66)-34),((252)-40),((257)-91),((113)-38),((304)-96),((213)-15),((218)-51),((104)-22)},{((67)-46),((217)-25),((161)-66),((73)-69),((193)-15),((135)-42),((275)-23),((261)-76),((160)-72),((72)-48),((272)-86),((126)-22),((46)-30),((271)-87),((128)-26),((149)-96),((140)-43),((33)-18),((314)-92),((139)-44),((95)-40),((290)-64),((158)-68),((159)-82),((254)-69),((210)-59),((180)-95),((343)-90),((42)-40),((109)-23),((187)-30),((75)-54),((284)-71),((212)-57),((81)-65),((136)-45),((254)-17),((138)-19),((129)-86),((288)-35),((232)-70),((94)-52),((74)-21),((247)-75),((140)-83),((28)-20),((230)-33),((182)-91),((211)-45),((291)-47),((163)-92),((34)-24),((273)-50)},{((162)-39),((221)-23),((284)-69),((159)-44),((101)-65),((130)-43),((273)-84),((67)-27),((261)-41),((139)-22),((256)-88),((263)-32),((200)-15),((51)-36),((265)-52),((233)-93),((250)-71),((95)-61),((210)-48),((119)-75),((257)-42),((197)-58),((66)-21),((173)-11),((199)-32),((105)-41),((336)-95),((124)-88),((208)-70),((338)-93),((254)-67),((114)-30),((204)-69),((214)-19),((243)-94),((109)-72),((47)-38),((273)-84),((135)-52),((25)-18),((281)-97),((139)-49),((90)-70),((292)-95),((129)-35),((88)-73),((263)-77),((168)-70),((36)-20),((291)-71),((31)-23),((234)-37),((217)-69)},{((46)-40),((311)-89),((155)-15),((83)-79),((302)-58),((191)-95),((87)-25),((314)-62),((225)-37),((107)-20),((295)-88),((222)-70),((167)-33),((76)-73),((191)-32),((120)-55),((171)-55),((255)-79),((199)-18),((83)-71),((127)-89),((247)-14),((215)-55),((83)-44),((90)-46),((273)-88),((176)-91),((51)-45),((210)-57),((273)-78),((97)-12),((263)-37),((243)-93),((125)-21),((42)-29),((242)-93),((189)-29),((52)-32),((207)-46),((176)-61),((75)-27),((236)-23),((44)-12),((169)-59),((209)-31),((206)-92),((86)-15),((291)-61),((78)-29),((115)-49),((241)-19),((165)-22),((215)-21)},{((133)-96),((217)-73),((167)-81),((285)-46),((108)-74),((127)-30),((91)-55),((188)-24),((41)-13),((265)-30),((225)-45),((90)-34),((308)-84),((177)-92),((204)-53),((72)-49),((247)-86),((147)-74),((348)-95),((226)-67),((124)-89),((93)-68),((270)-89),((125)-23),((170)-17),((269)-17),((168)-65),((103)-58),((255)-57),((315)-66),((144)-88),((22)-12),((233)-79),((169)-46),((68)-21),((246)-49),((192)-71),((104)-62),((222)-15),((163)-26),((115)-57),((260)-52),((195)-66),((56)-12),((268)-56),((215)-85),((135)-54),((199)-74),((138)-80),((17)-11),((213)-93),((103)-23),((311)-57)},{((205)-87),((162)-57),((273)-60),((268)-89),((147)-37),((136)-90),((245)-44),((87)-22),((45)-35),((282)-34),((133)-13),((72)-52),((197)-15),((311)-81),((116)-82),((111)-72),((198)-72),((255)-55),((179)-79),((113)-92),((250)-82),((236)-11),((169)-54),((23)-23),((264)-84),((175)-41),((127)-84),((255)-91),((118)-36),((111)-58),((227)-39),((198)-32),((26)-14),((259)-40),((128)-75),((111)-56),((269)-73),((195)-78),((155)-84),((217)-77),((291)-67),((141)-63),((312)-63),((218)-90),((149)-43),((294)-89),((215)-59),((301)-55),((60)-40),((86)-61),((197)-85),((65)-45),((173)-18)},{((165)-35),((293)-61),((214)-31),((134)-36),((125)-93),((247)-69),((135)-72),((267)-24),((230)-33),((181)-78),((276)-37),((347)-97),((195)-48),((110)-58),((255)-32),((165)-63),((149)-69),((205)-26),((197)-82),((245)-40),((288)-47),((190)-13),((94)-72),((258)-68),((213)-87),((170)-90),((338)-96),((197)-76),((318)-77),((17)-15),((227)-96),((243)-28),((149)-55),((192)-69),((115)-50),((295)-92),((184)-45),((125)-25),((144)-39),((205)-13),((124)-21),((87)-72),((233)-83),((188)-60),((325)-95),((275)-94),((36)-21),((90)-60),((272)-96),((92)-34),((251)-13),((280)-88),((160)-59)},{((286)-49),((343)-95),((163)-18),((75)-67),((261)-85),((123)-14),((105)-39),((295)-67),((168)-61),((236)-24),((265)-54),((145)-43),((86)-66),((265)-20),((98)-40),((106)-24),((52)-34),((156)-37),((82)-51),((296)-73),((201)-21),((145)-62),((313)-95),((165)-83),((177)-93),((268)-55),((119)-78),((216)-40),((246)-23),((206)-44),((132)-88),((294)-58),((285)-88),((248)-46),((75)-42),((191)-33),((113)-43),((70)-67),((247)-31),((202)-95),((321)-79),((192)-86),((196)-91),((348)-96),((218)-48),((173)-34),((305)-97),((283)-57),((160)-44),((52)-51),((240)-59),((205)-70),((89)-45)}}
local _0xcf9634ad,_0x8db18a0b,_0xfe3b8565,_0x99c02cb1={},123,37,171
local _0xf88e82cf,_0x51e10beb,_0x398fc12e=string.char,table.concat,0
local _0x81a2f9f1={"!@#$%^&*()_+-=[]{}|;:',.<>/?~","⧖⸸◈♛☾𖤐⟡♛⌁𖤐☾⟡⌁⟡𖤐✦⊹♛◈☾◈⧖◈✦⌁◈⸸※⸸𖤐༒⊹𖤐༒⸸◈"}
if #_0x81a2f9f1<2 then return end
for _0xdc175066=#_0xce3ff350,1,-1 do
 local _0x26b3e22d=_0xce3ff350[_0xdc175066]
 for _0xbba395db=#_0x26b3e22d,1,-1 do
  _0x398fc12e=_0x398fc12e+1
  local _0x7b5d5d9d=((_0x26b3e22d[_0xbba395db]-_0xfe3b8565-(_0x398fc12e*31)%253)*_0x99c02cb1)%256
  _0x7b5d5d9d=(_0x7b5d5d9d-_0x8db18a0b-(_0x398fc12e*17)%251)%256
  _0xcf9634ad[#_0xcf9634ad+1]=_0xf88e82cf(_0x7b5d5d9d)
 end
end
local _0xd93e719a=(loadstring or load)(_0x51e10beb(_0xcf9634ad),"@kittylol")
if not _0xd93e719a then error("KITTYLOL: integrity check failed")end
return _0xd93e719a()